Name,Type1,Type2,Total,HP,Attack,Defense,Sp_Atk,Sp_Def,Speed,PokeAPI_Matched,PokeAPI_Query_Name,PokeAPI_ID,Base_Experience,Height_dm,Weight_hg,Ability_Count,Hidden_Ability_Count,Abilities,Move_Count,Is_Default_Form,Species_Name,Generation,Habitat,Growth_Rate,Color,Shape,Capture_Rate,Base_Happiness,Is_Baby,Is_Legendary,Is_Mythical,Evolves_From,Rarity_Context_Flag,Evolution_Context_Flag,Height_dm_Scaled_Enriched,Weight_hg_Scaled_Enriched,Base_Experience_Scaled_Enriched,Ability_Count_Scaled_Enriched,Hidden_Ability_Count_Scaled_Enriched,Move_Count_Scaled_Enriched,Resource_Intensity_Index,Ability_Complexity_Index,Enrichment_Context_Score
Bulbasaur,Grass,Poison,318,45,49,49,65,65,45,True,bulbasaur,1.0,64.0,7.0,69.0,2.0,1.0,"overgrow, chlorophyll",86.0,True,bulbasaur,generation-i,grassland,medium-slow,green,quadruped,45.0,70.0,False,False,False,,0,0,0.03015075376884422,0.006801360272054411,0.048951048951048945,0.5,1.0,0.22727272727272724,0.02863438766398253,0.5757575757575758,0.2388933466022251
Ivysaur,Grass,Poison,405,60,62,63,80,80,60,True,ivysaur,2.0,142.0,10.0,130.0,2.0,1.0,"overgrow, chlorophyll",83.0,True,ivysaur,generation-i,grassland,medium-slow,green,quadruped,45.0,70.0,False,False,False,bulbasaur,0,1,0.04522613065326633,0.01290258051610322,0.1853146853146853,0.5,1.0,0.2192513368983957,0.08114779882801829,0.5730837789661319,0.40357785123485823
Venusaur,Grass,Poison,525,80,82,83,100,100,80,True,venusaur,3.0,236.0,20.0,1000.0,2.0,1.0,"overgrow, chlorophyll",97.0,True,venusaur,generation-i,grassland,medium-slow,green,quadruped,45.0,70.0,False,False,False,ivysaur,0,1,0.09547738693467338,0.09991998399679936,0.3496503496503497,0.5,1.0,0.2566844919786096,0.18168257352727415,0.5855614973262032,0.4387293709886636
Venusaur,Grass,Poison,625,80,100,123,122,120,80,True,venusaur,3.0,236.0,20.0,1000.0,2.0,1.0,"overgrow, chlorophyll",97.0,True,venusaur,generation-i,grassland,medium-slow,green,quadruped,45.0,70.0,False,False,False,ivysaur,0,1,0.09547738693467338,0.09991998399679936,0.3496503496503497,0.5,1.0,0.2566844919786096,0.18168257352727415,0.5855614973262032,0.4387293709886636
Charmander,Fire,,309,39,52,43,60,50,65,True,charmander,4.0,62.0,6.0,85.0,2.0,1.0,"blaze, solar-power",105.0,True,charmander,generation-i,mountain,medium-slow,red,upright,45.0,70.0,False,False,False,,0,0,0.025125628140703515,0.008401680336067212,0.04545454545454544,0.5,1.0,0.2780748663101604,0.026327284643772056,0.5926916221033868,0.24497483423448632
Charmeleon,Fire,,405,58,64,58,80,65,80,True,charmeleon,5.0,142.0,11.0,190.0,2.0,1.0,"blaze, solar-power",103.0,True,charmeleon,generation-i,mountain,medium-slow,red,upright,45.0,70.0,False,False,False,charmander,0,1,0.05025125628140704,0.01890378075615123,0.1853146853146853,0.5,1.0,0.2727272727272727,0.0848232407840812,0.5909090909090909,0.41181060859886076
Charizard,Fire,Flying,534,78,84,78,109,85,100,True,charizard,6.0,240.0,17.0,905.0,2.0,1.0,"blaze, solar-power",131.0,True,charizard,generation-i,mountain,medium-slow,red,upright,45.0,70.0,False,False,False,charmeleon,0,1,0.08040201005025126,0.09041808361672334,0.35664335664335667,0.5,1.0,0.3475935828877005,0.17582115010344376,0.6158645276292335,0.44909215608272657
Charizard,Fire,Dragon,634,78,130,111,130,85,100,True,charizard,6.0,240.0,17.0,905.0,2.0,1.0,"blaze, solar-power",131.0,True,charizard,generation-i,mountain,medium-slow,red,upright,45.0,70.0,False,False,False,charmeleon,0,1,0.08040201005025126,0.09041808361672334,0.35664335664335667,0.5,1.0,0.3475935828877005,0.17582115010344376,0.6158645276292335,0.44909215608272657
Charizard,Fire,Flying,634,78,104,78,159,115,100,True,charizard,6.0,240.0,17.0,905.0,2.0,1.0,"blaze, solar-power",131.0,True,charizard,generation-i,mountain,medium-slow,red,upright,45.0,70.0,False,False,False,charmeleon,0,1,0.08040201005025126,0.09041808361672334,0.35664335664335667,0.5,1.0,0.3475935828877005,0.17582115010344376,0.6158645276292335,0.44909215608272657
Squirtle,Water,,314,44,48,65,50,64,43,True,squirtle,7.0,63.0,5.0,90.0,2.0,1.0,"torrent, rain-dish",105.0,True,squirtle,generation-i,waters-edge,medium-slow,blue,upright,45.0,70.0,False,False,False,,0,0,0.020100502512562814,0.008901780356071214,0.0472027972027972,0.5,1.0,0.2780748663101604,0.025401693357143745,0.5926916221033868,0.24469715684849783
Wartortle,Water,,405,59,63,80,65,80,58,True,wartortle,8.0,142.0,10.0,225.0,2.0,1.0,"torrent, rain-dish",101.0,True,wartortle,generation-i,waters-edge,medium-slow,blue,upright,45.0,70.0,False,False,False,squirtle,0,1,0.04522613065326633,0.022404480896179236,0.1853146853146853,0.5,1.0,0.267379679144385,0.08431509895471029,0.589126559714795,0.4109451535723311
Blastoise,Water,,530,79,83,100,85,105,78,True,blastoise,9.0,239.0,16.0,855.0,2.0,1.0,"torrent, rain-dish",121.0,True,blastoise,generation-i,waters-edge,medium-slow,blue,upright,45.0,70.0,False,False,False,wartortle,0,1,0.07537688442211056,0.08541708341668333,0.3548951048951049,0.5,1.0,0.320855614973262,0.17189635757796626,0.606951871657754,0.44434965593649145
Blastoise,Water,,630,79,103,120,135,115,78,True,blastoise,9.0,239.0,16.0,855.0,2.0,1.0,"torrent, rain-dish",121.0,True,blastoise,generation-i,waters-edge,medium-slow,blue,upright,45.0,70.0,False,False,False,wartortle,0,1,0.07537688442211056,0.08541708341668333,0.3548951048951049,0.5,1.0,0.320855614973262,0.17189635757796626,0.606951871657754,0.44434965593649145
Caterpie,Bug,,195,45,30,35,20,20,45,True,caterpie,10.0,39.0,3.0,29.0,2.0,1.0,"shield-dust, run-away",5.0,True,caterpie,generation-i,forest,medium,green,armor,255.0,70.0,False,False,False,,0,0,0.010050251256281405,0.0028005601120224045,0.005244755244755234,0.5,1.0,0.0106951871657754,0.006031855537686347,0.5035650623885918,0.20323558161674263
Metapod,Bug,,205,50,20,55,25,25,30,True,metapod,11.0,72.0,7.0,99.0,1.0,0.0,shed-skin,5.0,True,metapod,generation-i,forest,medium,green,squiggle,120.0,70.0,False,False,False,caterpie,0,1,0.03015075376884422,0.009801960392078415,0.06293706293706294,0.0,0.0,0.0106951871657754,0.03429659236599519,0.0035650623885918,0.16171500266523528
Butterfree,Bug,Flying,395,60,45,50,90,80,70,True,butterfree,12.0,178.0,11.0,320.0,2.0,1.0,"compound-eyes, tinted-lens",87.0,True,butterfree,generation-i,forest,medium,white,bug-wings,45.0,70.0,False,False,False,metapod,0,1,0.05025125628140704,0.03190638127625525,0.24825174825174826,0.5,1.0,0.2299465240641711,0.11013646193647018,0.5766488413547237,0.4137004751228306
Weedle,Bug,Poison,195,40,35,30,20,20,50,True,weedle,13.0,39.0,3.0,32.0,2.0,1.0,"shield-dust, run-away",4.0,True,weedle,generation-i,forest,medium,brown,armor,255.0,70.0,False,False,False,,0,0,0.010050251256281405,0.003100620124024805,0.005244755244755234,0.5,1.0,0.00802139037433155,0.0061318755416871484,0.5026737967914439,0.2029090813790837
Kakuna,Bug,Poison,205,45,25,50,25,25,35,True,kakuna,14.0,72.0,6.0,100.0,1.0,0.0,shed-skin,5.0,True,kakuna,generation-i,forest,medium,yellow,squiggle,120.0,70.0,False,False,False,weedle,0,1,0.025125628140703515,0.009901980396079216,0.06293706293706294,0.0,0.0,0.0106951871657754,0.03265489049128189,0.0035650623885918,0.16122249210282127
Beedrill,Bug,Poison,395,65,90,40,45,80,75,True,beedrill,15.0,178.0,10.0,295.0,2.0,1.0,"swarm, sniper",93.0,True,beedrill,generation-i,forest,medium,yellow,bug-wings,45.0,70.0,False,False,False,kakuna,0,1,0.04522613065326633,0.029405881176235247,0.24825174825174826,0.5,1.0,0.2459893048128342,0.10762792002708328,0.5819964349376114,0.41508694998316953
Beedrill,Bug,Poison,495,65,150,40,15,80,145,True,beedrill,15.0,178.0,10.0,295.0,2.0,1.0,"swarm, sniper",93.0,True,beedrill,generation-i,forest,medium,yellow,bug-wings,45.0,70.0,False,False,False,kakuna,0,1,0.04522613065326633,0.029405881176235247,0.24825174825174826,0.5,1.0,0.2459893048128342,0.10762792002708328,0.5819964349376114,0.41508694998316953
Pidgey,Normal,Flying,251,40,45,40,35,35,56,True,pidgey,16.0,50.0,3.0,18.0,3.0,1.0,"keen-eye, tangled-feet, big-pecks",64.0,True,pidgey,generation-i,forest,medium-slow,brown,wings,255.0,70.0,False,False,False,,0,0,0.010050251256281405,0.0017003400680136028,0.024475524475524466,1.0,1.0,0.16844919786096255,0.01207537193327316,0.7228163992869875,0.29274917129477696
Pidgeotto,Normal,Flying,349,63,60,55,50,50,71,True,pidgeotto,17.0,122.0,11.0,300.0,3.0,1.0,"keen-eye, tangled-feet, big-pecks",61.0,True,pidgeotto,generation-i,forest,medium-slow,brown,wings,120.0,70.0,False,False,False,pidgey,0,1,0.05025125628140704,0.02990598119623925,0.15034965034965034,1.0,1.0,0.160427807486631,0.07683562927576554,0.7201426024955436,0.46110772978094705
Pidgeot,Normal,Flying,479,83,80,75,70,70,101,True,pidgeot,18.0,216.0,15.0,395.0,3.0,1.0,"keen-eye, tangled-feet, big-pecks",65.0,True,pidgeot,generation-i,forest,medium-slow,brown,wings,45.0,70.0,False,False,False,pidgeotto,0,1,0.07035175879396986,0.039407881576315265,0.3146853146853147,1.0,1.0,0.1711229946524064,0.14148165168519994,0.7237076648841354,0.4819275614592142
Pidgeot,Normal,Flying,579,83,80,80,135,80,121,True,pidgeot,18.0,216.0,15.0,395.0,3.0,1.0,"keen-eye, tangled-feet, big-pecks",65.0,True,pidgeot,generation-i,forest,medium-slow,brown,wings,45.0,70.0,False,False,False,pidgeotto,0,1,0.07035175879396986,0.039407881576315265,0.3146853146853147,1.0,1.0,0.1711229946524064,0.14148165168519994,0.7237076648841354,0.4819275614592142
Rattata,Normal,,253,30,56,35,25,35,72,True,rattata,19.0,51.0,3.0,35.0,3.0,1.0,"run-away, guts, hustle",82.0,True,rattata,generation-i,grassland,medium,purple,quadruped,255.0,70.0,False,False,False,,0,0,0.010050251256281405,0.0034006801360272052,0.026223776223776224,1.0,1.0,0.21657754010695185,0.013224902538694945,0.7388591800356507,0.29951114277586877
Rattata,Dark,Normal,253,30,56,35,25,35,72,True,rattata,19.0,51.0,3.0,35.0,3.0,1.0,"run-away, guts, hustle",82.0,True,rattata,generation-i,grassland,medium,purple,quadruped,255.0,70.0,False,False,False,,0,0,0.010050251256281405,0.0034006801360272052,0.026223776223776224,1.0,1.0,0.21657754010695185,0.013224902538694945,0.7388591800356507,0.29951114277586877
Raticate,Normal,,413,55,81,60,50,70,97,True,raticate,20.0,145.0,7.0,185.0,3.0,1.0,"run-away, guts, hustle",85.0,True,raticate,generation-i,grassland,medium,brown,quadruped,127.0,70.0,False,False,False,rattata,0,1,0.03015075376884422,0.018403680736147232,0.19055944055944055,1.0,1.0,0.2245989304812834,0.07970462502147733,0.7415329768270945,0.470524578237281
Raticate,Dark,Normal,413,75,71,70,40,80,77,True,raticate,20.0,145.0,7.0,185.0,3.0,1.0,"run-away, guts, hustle",85.0,True,raticate,generation-i,grassland,medium,brown,quadruped,127.0,70.0,False,False,False,rattata,0,1,0.03015075376884422,0.018403680736147232,0.19055944055944055,1.0,1.0,0.2245989304812834,0.07970462502147733,0.7415329768270945,0.470524578237281
Spearow,Normal,Flying,262,40,60,30,31,31,70,True,spearow,21.0,52.0,3.0,20.0,2.0,1.0,"keen-eye, sniper",70.0,True,spearow,generation-i,rough-terrain,medium,brown,wings,255.0,70.0,False,False,False,,0,0,0.010050251256281405,0.001900380076015203,0.02797202797202797,0.5,1.0,0.18449197860962566,0.013307553101441527,0.5614973262032086,0.22859119641171588
Fearow,Normal,Flying,442,65,90,65,61,61,100,True,fearow,22.0,155.0,12.0,380.0,2.0,1.0,"keen-eye, sniper",69.0,True,fearow,generation-i,rough-terrain,medium,brown,wings,90.0,70.0,False,False,False,spearow,0,1,0.055276381909547735,0.03790758151630326,0.20804195804195805,0.5,1.0,0.1818181818181818,0.10040864048926967,0.5606060606060607,0.4043650163892052
Ekans,Poison,,288,35,60,44,40,54,55,True,ekans,23.0,58.0,20.0,69.0,3.0,1.0,"intimidate, shed-skin, unnerve",95.0,True,ekans,generation-i,grassland,medium,purple,squiggle,255.0,70.0,False,False,False,,0,0,0.09547738693467338,0.006801360272054411,0.03846153846153845,1.0,1.0,0.2513368983957219,0.046913428556088745,0.750445632798574,0.31425228168625624
Arbok,Poison,,448,60,95,69,65,79,80,True,arbok,24.0,157.0,35.0,650.0,3.0,1.0,"intimidate, shed-skin, unnerve",103.0,True,arbok,generation-i,grassland,medium,purple,squiggle,90.0,70.0,False,False,False,ekans,0,1,0.17085427135678394,0.0649129825965193,0.21153846153846154,1.0,1.0,0.2727272727272727,0.1491019051639216,0.7575757575757575,0.4977608745794795
Pikachu,Electric,,320,35,55,40,50,50,90,True,pikachu,25.0,112.0,4.0,60.0,2.0,1.0,"static, lightning-rod",109.0,True,pikachu,generation-i,forest,medium,yellow,quadruped,190.0,70.0,False,False,False,pichu,0,1,0.01507537688442211,0.005901180236047209,0.13286713286713286,0.5,1.0,0.2887700534759358,0.05128122999586739,0.5962566844919787,0.40388704279555165
Pikachu,Electric,,430,45,80,50,75,60,120,True,pikachu,25.0,112.0,4.0,60.0,2.0,1.0,"static, lightning-rod",109.0,True,pikachu,generation-i,forest,medium,yellow,quadruped,190.0,70.0,False,False,False,pichu,0,1,0.01507537688442211,0.005901180236047209,0.13286713286713286,0.5,1.0,0.2887700534759358,0.05128122999586739,0.5962566844919787,0.40388704279555165
Raichu,Electric,,485,60,90,55,90,80,110,True,raichu,26.0,218.0,8.0,300.0,2.0,1.0,"static, lightning-rod",116.0,True,raichu,generation-i,forest,medium,yellow,upright,75.0,70.0,False,False,False,pikachu,0,1,0.035175879396984924,0.02990598119623925,0.3181818181818181,0.5,1.0,0.30748663101604273,0.12775455959168078,0.6024955436720142,0.4293245853463099
Raichu,Electric,Psychic,485,60,85,50,95,85,110,True,raichu,26.0,218.0,8.0,300.0,2.0,1.0,"static, lightning-rod",116.0,True,raichu,generation-i,forest,medium,yellow,upright,75.0,70.0,False,False,False,pikachu,0,1,0.035175879396984924,0.02990598119623925,0.3181818181818181,0.5,1.0,0.30748663101604273,0.12775455959168078,0.6024955436720142,0.4293245853463099
Sandshrew,Ground,,300,50,75,85,20,30,40,True,sandshrew,27.0,60.0,6.0,120.0,2.0,1.0,"sand-veil, sand-rush",99.0,True,sandshrew,generation-i,rough-terrain,medium,yellow,upright,255.0,70.0,False,False,False,,0,0,0.025125628140703515,0.011902380476095218,0.04195804195804195,0.5,1.0,0.2620320855614973,0.026328683524946894,0.587344028520499,0.2428362164656837
Sandshrew,Ice,Steel,300,50,75,90,10,35,40,True,sandshrew,27.0,60.0,6.0,120.0,2.0,1.0,"sand-veil, sand-rush",99.0,True,sandshrew,generation-i,rough-terrain,medium,yellow,upright,255.0,70.0,False,False,False,,0,0,0.025125628140703515,0.011902380476095218,0.04195804195804195,0.5,1.0,0.2620320855614973,0.026328683524946894,0.587344028520499,0.2428362164656837
Sandslash,Ground,,450,75,100,110,45,55,65,True,sandslash,28.0,158.0,10.0,295.0,2.0,1.0,"sand-veil, sand-rush",103.0,True,sandslash,generation-i,rough-terrain,medium,yellow,upright,90.0,70.0,False,False,False,sandshrew,0,1,0.04522613065326633,0.029405881176235247,0.21328671328671325,0.5,1.0,0.2727272727272727,0.09597290837207162,0.5909090909090909,0.4151555088752579
Sandslash,Ice,Steel,450,75,100,120,25,65,65,True,sandslash,28.0,158.0,10.0,295.0,2.0,1.0,"sand-veil, sand-rush",103.0,True,sandslash,generation-i,rough-terrain,medium,yellow,upright,90.0,70.0,False,False,False,sandshrew,0,1,0.04522613065326633,0.029405881176235247,0.21328671328671325,0.5,1.0,0.2727272727272727,0.09597290837207162,0.5909090909090909,0.4151555088752579
Nidoran♀,Poison,,275,55,47,52,40,40,41,True,nidoran-f,29.0,55.0,4.0,70.0,3.0,1.0,"poison-point, rivalry, hustle",78.0,True,nidoran-f,generation-i,grassland,medium-slow,blue,quadruped,235.0,70.0,False,False,False,,0,0,0.01507537688442211,0.006901380276055211,0.033216783216783216,1.0,1.0,0.20588235294117646,0.01839784679242018,0.7352941176470589,0.2996370010965496
Nidorina,Poison,,365,70,62,67,55,55,56,True,nidorina,30.0,128.0,8.0,200.0,3.0,1.0,"poison-point, rivalry, hustle",77.0,True,nidorina,generation-i,grassland,medium-slow,blue,quadruped,120.0,70.0,False,False,False,nidoran-f,0,1,0.035175879396984924,0.019903980796159234,0.16083916083916083,1.0,1.0,0.2032085561497326,0.07197300701076832,0.7344028520499108,0.4653530429231948
Nidoqueen,Poison,Ground,505,90,92,87,75,85,76,True,nidoqueen,31.0,227.0,13.0,600.0,3.0,1.0,"poison-point, rivalry, sheer-force",133.0,True,nidoqueen,generation-i,grassland,medium-slow,blue,upright,45.0,70.0,False,False,False,nidorina,0,1,0.06030150753768845,0.059911982396479296,0.33391608391608396,1.0,1.0,0.3529411764705882,0.15137652461675058,0.7843137254901961,0.5091384475811036
Nidoran♂,Poison,,273,46,57,40,40,40,50,True,nidoran-m,32.0,55.0,5.0,90.0,3.0,1.0,"poison-point, rivalry, hustle",80.0,True,nidoran-m,generation-i,grassland,medium-slow,purple,quadruped,235.0,70.0,False,False,False,,0,0,0.020100502512562814,0.008901780356071214,0.033216783216783216,1.0,1.0,0.21122994652406415,0.02073968869513908,0.7370766488413548,0.30105256614508363
Nidorino,Poison,,365,61,72,57,55,55,65,True,nidorino,33.0,128.0,9.0,195.0,3.0,1.0,"poison-point, rivalry, hustle",76.0,True,nidorino,generation-i,grassland,medium-slow,purple,quadruped,120.0,70.0,False,False,False,nidoran-m,0,1,0.04020100502512563,0.019403880776155232,0.16083916083916083,1.0,1.0,0.20053475935828874,0.07348134888014723,0.7335115864527629,0.46544903924514935
Nidoking,Poison,Ground,505,81,102,77,85,75,85,True,nidoking,34.0,227.0,14.0,620.0,3.0,1.0,"poison-point, rivalry, sheer-force",134.0,True,nidoking,generation-i,grassland,medium-slow,purple,upright,45.0,70.0,False,False,False,nidorino,0,1,0.06532663316582915,0.0619123824764953,0.33391608391608396,1.0,1.0,0.35561497326203206,0.15371836651946946,0.785204991087344,0.5101975063907784
Clefairy,Fairy,,323,70,45,48,60,65,35,True,clefairy,35.0,113.0,6.0,75.0,3.0,1.0,"cute-charm, magic-guard, friend-guard",161.0,True,clefairy,generation-i,mountain,fast,pink,upright,150.0,140.0,False,False,False,cleffa,0,1,0.025125628140703515,0.007401480296059212,0.1346153846153846,1.0,1.0,0.42780748663101603,0.05571416435071578,0.8092691622103386,0.4904219141893502
Clefable,Fairy,,483,95,70,73,95,90,60,True,clefable,36.0,217.0,13.0,400.0,3.0,1.0,"cute-charm, magic-guard, unaware",164.0,True,clefable,generation-i,mountain,fast,pink,upright,25.0,140.0,False,False,False,clefairy,0,1,0.06030150753768845,0.03990798159631927,0.31643356643356646,1.0,1.0,0.43582887700534756,0.13888101852252474,0.8119429590017825,0.5164414891574705
Vulpix,Fire,,299,38,41,40,50,65,65,True,vulpix,37.0,60.0,6.0,99.0,2.0,1.0,"flash-fire, drought",88.0,True,vulpix,generation-i,grassland,medium,brown,quadruped,190.0,70.0,False,False,False,,0,0,0.025125628140703515,0.009801960392078415,0.04195804195804195,0.5,1.0,0.23262032085561496,0.025628543496941297,0.5775401069518716,0.23870460582983105
Vulpix,Ice,,299,38,41,40,50,65,65,True,vulpix,37.0,60.0,6.0,99.0,2.0,1.0,"flash-fire, drought",88.0,True,vulpix,generation-i,grassland,medium,brown,quadruped,190.0,70.0,False,False,False,,0,0,0.025125628140703515,0.009801960392078415,0.04195804195804195,0.5,1.0,0.23262032085561496,0.025628543496941297,0.5775401069518716,0.23870460582983105
Ninetales,Fire,,505,73,76,75,81,100,100,True,ninetales,38.0,177.0,11.0,199.0,2.0,1.0,"flash-fire, drought",98.0,True,ninetales,generation-i,grassland,medium,yellow,quadruped,75.0,70.0,False,False,False,vulpix,0,1,0.05025125628140704,0.01980396079215843,0.24650349650349648,0.5,1.0,0.25935828877005346,0.10551957119235399,0.5864527629233511,0.4162369765270466
Ninetales,Ice,Fairy,505,73,67,75,81,100,109,True,ninetales,38.0,177.0,11.0,199.0,2.0,1.0,"flash-fire, drought",98.0,True,ninetales,generation-i,grassland,medium,yellow,quadruped,75.0,70.0,False,False,False,vulpix,0,1,0.05025125628140704,0.01980396079215843,0.24650349650349648,0.5,1.0,0.25935828877005346,0.10551957119235399,0.5864527629233511,0.4162369765270466
Jigglypuff,Normal,Fairy,270,115,45,20,45,25,20,True,jigglypuff,39.0,95.0,5.0,55.0,3.0,1.0,"cute-charm, competitive, friend-guard",148.0,True,jigglypuff,generation-i,grassland,fast,pink,humanoid,170.0,70.0,False,False,False,igglybuff,0,1,0.020100502512562814,0.005401080216043209,0.10314685314685315,1.0,1.0,0.39304812834224595,0.042882811958486394,0.7976827094474154,0.4819379273665121
Wigglytuff,Normal,Fairy,435,140,70,45,85,50,45,True,wigglytuff,40.0,196.0,10.0,120.0,3.0,1.0,"cute-charm, competitive, frisk",153.0,True,wigglytuff,generation-i,grassland,fast,pink,humanoid,50.0,70.0,False,False,False,jigglypuff,0,1,0.04522613065326633,0.011902380476095218,0.2797202797202797,1.0,1.0,0.4064171122994652,0.11228293028321375,0.8021390374331551,0.5045404940582262
Zubat,Poison,Flying,245,40,45,35,30,40,55,True,zubat,41.0,49.0,8.0,75.0,2.0,1.0,"inner-focus, infiltrator",83.0,True,zubat,generation-i,cave,medium,purple,wings,255.0,70.0,False,False,False,,0,0,0.035175879396984924,0.007401480296059212,0.02272727272727272,0.5,1.0,0.2192513368983957,0.021768210806772288,0.5730837789661319,0.23576397482848446
Golbat,Poison,Flying,455,75,80,70,65,75,90,True,golbat,42.0,159.0,16.0,550.0,2.0,1.0,"inner-focus, infiltrator",84.0,True,golbat,generation-i,cave,medium,purple,wings,90.0,70.0,False,False,False,zubat,0,1,0.07537688442211056,0.05491098219643929,0.21503496503496503,0.5,1.0,0.22192513368983954,0.11510761055117162,0.5739750445632799,0.4141223009906635
Oddish,Grass,Poison,320,45,50,55,75,65,30,True,oddish,43.0,64.0,5.0,54.0,2.0,1.0,"chlorophyll, run-away",74.0,True,oddish,generation-i,grassland,medium-slow,blue,legs,255.0,70.0,False,False,False,,0,0,0.020100502512562814,0.005301060212042409,0.048951048951048945,0.5,1.0,0.19518716577540104,0.024784203891884724,0.5650623885918004,0.23346021660428556
Gloom,Grass,Poison,395,60,65,70,85,75,40,True,gloom,44.0,138.0,8.0,86.0,2.0,1.0,"chlorophyll, stench",78.0,True,gloom,generation-i,grassland,medium-slow,blue,humanoid,120.0,70.0,False,False,False,oddish,0,1,0.035175879396984924,0.008501700340068013,0.1783216783216783,0.5,1.0,0.20588235294117646,0.07399975268624374,0.5686274509803921,0.39965090619803
Vileplume,Grass,Poison,490,75,80,85,110,90,50,True,vileplume,45.0,221.0,12.0,186.0,2.0,1.0,"chlorophyll, effect-spore",86.0,True,vileplume,generation-i,grassland,medium-slow,red,humanoid,45.0,70.0,False,False,False,gloom,0,1,0.055276381909547735,0.01850370074014803,0.32342657342657344,0.5,1.0,0.22727272727272724,0.13240221869208973,0.5757575757575758,0.42002369591065725
Paras,Bug,Grass,285,35,70,55,45,55,25,True,paras,46.0,57.0,3.0,54.0,3.0,1.0,"effect-spore, dry-skin, damp",87.0,True,paras,generation-i,forest,medium,red,armor,190.0,70.0,False,False,False,,0,0,0.010050251256281405,0.005301060212042409,0.036713286713286705,1.0,1.0,0.2299465240641711,0.01735486606053684,0.7433155080213903,0.30253266302671716
Parasect,Bug,Grass,405,60,95,80,60,80,30,True,parasect,47.0,142.0,10.0,295.0,3.0,1.0,"effect-spore, dry-skin, damp",80.0,True,parasect,generation-i,forest,medium,red,armor,75.0,70.0,False,False,False,paras,0,1,0.04522613065326633,0.029405881176235247,0.1853146853146853,1.0,1.0,0.21122994652406415,0.08664889904806229,0.7370766488413548,0.47082532925096054
Venonat,Bug,Poison,305,60,55,50,40,55,45,True,venonat,48.0,61.0,10.0,300.0,3.0,1.0,"compound-eyes, tinted-lens, run-away",74.0,True,venonat,generation-i,forest,medium,purple,humanoid,190.0,70.0,False,False,False,,0,0,0.04522613065326633,0.02990598119623925,0.0437062937062937,1.0,1.0,0.19518716577540104,0.03961280185193309,0.7317290552584671,0.3045754626589668
Venomoth,Bug,Poison,450,70,65,60,90,75,90,True,venomoth,49.0,158.0,15.0,125.0,3.0,1.0,"shield-dust, tinted-lens, wonder-skin",93.0,True,venomoth,generation-i,forest,medium,purple,bug-wings,75.0,70.0,False,False,False,venonat,0,1,0.07035175879396986,0.01240248049609922,0.21328671328671325,1.0,1.0,0.2459893048128342,0.0986803175255941,0.7486631016042781,0.4790693358993895
Diglett,Ground,,265,10,55,25,35,45,95,True,diglett,50.0,53.0,2.0,8.0,3.0,1.0,"sand-veil, arena-trap, sand-force",82.0,True,diglett,generation-i,cave,medium,brown,blob,255.0,70.0,False,False,False,,0,0,0.005025125628140704,0.0007001400280056011,0.029720279720279713,1.0,1.0,0.21657754010695185,0.011815181792142006,0.7388591800356507,0.29908822655190287
Diglett,Ground,Steel,265,10,55,30,35,45,90,True,diglett,50.0,53.0,2.0,8.0,3.0,1.0,"sand-veil, arena-trap, sand-force",82.0,True,diglett,generation-i,cave,medium,brown,blob,255.0,70.0,False,False,False,,0,0,0.005025125628140704,0.0007001400280056011,0.029720279720279713,1.0,1.0,0.21657754010695185,0.011815181792142006,0.7388591800356507,0.29908822655190287
Dugtrio,Ground,,425,35,100,50,50,70,120,True,dugtrio,51.0,149.0,7.0,333.0,3.0,1.0,"sand-veil, arena-trap, sand-force",83.0,True,dugtrio,generation-i,cave,medium,brown,heads,50.0,70.0,False,False,False,diglett,0,1,0.03015075376884422,0.03320664132826565,0.19755244755244752,1.0,1.0,0.2192513368983957,0.08696994754985247,0.7397504456327986,0.47199116251807516
Dugtrio,Ground,Steel,425,35,100,60,50,70,110,True,dugtrio,51.0,149.0,7.0,333.0,3.0,1.0,"sand-veil, arena-trap, sand-force",83.0,True,dugtrio,generation-i,cave,medium,brown,heads,50.0,70.0,False,False,False,diglett,0,1,0.03015075376884422,0.03320664132826565,0.19755244755244752,1.0,1.0,0.2192513368983957,0.08696994754985247,0.7397504456327986,0.47199116251807516
Meowth,Normal,,290,40,45,35,40,40,90,True,meowth,52.0,58.0,4.0,42.0,3.0,1.0,"pickup, technician, unnerve",110.0,True,meowth,generation-i,urban,medium,yellow,quadruped,255.0,70.0,False,False,False,,0,0,0.01507537688442211,0.004100820164032807,0.03846153846153845,1.0,1.0,0.2914438502673797,0.01921257850333112,0.7638146167557932,0.31128962025331663
Meowth,Dark,,290,40,35,35,50,40,90,True,meowth,52.0,58.0,4.0,42.0,3.0,1.0,"pickup, technician, unnerve",110.0,True,meowth,generation-i,urban,medium,yellow,quadruped,255.0,70.0,False,False,False,,0,0,0.01507537688442211,0.004100820164032807,0.03846153846153845,1.0,1.0,0.2914438502673797,0.01921257850333112,0.7638146167557932,0.31128962025331663
Meowth,Steel,,290,50,65,55,40,40,40,True,meowth,52.0,58.0,4.0,42.0,3.0,1.0,"pickup, technician, unnerve",110.0,True,meowth,generation-i,urban,medium,yellow,quadruped,255.0,70.0,False,False,False,,0,0,0.01507537688442211,0.004100820164032807,0.03846153846153845,1.0,1.0,0.2914438502673797,0.01921257850333112,0.7638146167557932,0.31128962025331663
Persian,Normal,,440,65,70,60,65,65,115,True,persian,53.0,154.0,10.0,320.0,3.0,1.0,"limber, technician, unnerve",110.0,True,persian,generation-i,urban,medium,yellow,quadruped,90.0,70.0,False,False,False,meowth,0,1,0.04522613065326633,0.03190638127625525,0.20629370629370627,1.0,1.0,0.2914438502673797,0.0944754060744093,0.7638146167557932,0.48386846852464005
Persian,Dark,,440,65,60,60,75,65,115,True,persian,53.0,154.0,10.0,320.0,3.0,1.0,"limber, technician, unnerve",110.0,True,persian,generation-i,urban,medium,yellow,quadruped,90.0,70.0,False,False,False,meowth,0,1,0.04522613065326633,0.03190638127625525,0.20629370629370627,1.0,1.0,0.2914438502673797,0.0944754060744093,0.7638146167557932,0.48386846852464005
Psyduck,Water,,320,50,52,48,65,50,55,True,psyduck,54.0,64.0,8.0,196.0,3.0,1.0,"damp, cloud-nine, swift-swim",120.0,True,psyduck,generation-i,waters-edge,medium,yellow,upright,190.0,70.0,False,False,False,,0,0,0.035175879396984924,0.01950390078015603,0.048951048951048945,1.0,1.0,0.3181818181818182,0.034543609709396635,0.7727272727272728,0.31945399200372815
Golduck,Water,,500,80,82,78,95,80,85,True,golduck,55.0,175.0,17.0,766.0,3.0,1.0,"damp, cloud-nine, swift-swim",124.0,True,golduck,generation-i,waters-edge,medium,blue,upright,75.0,70.0,False,False,False,psyduck,0,1,0.08040201005025126,0.07651530306061212,0.243006993006993,1.0,1.0,0.32887700534759357,0.13330810203928545,0.7762923351158646,0.5005093646581315
Mankey,Fighting,,305,40,80,35,35,45,70,True,mankey,56.0,61.0,5.0,280.0,3.0,1.0,"vital-spirit, anger-point, defiant",118.0,True,mankey,generation-i,mountain,medium,brown,upright,190.0,70.0,False,False,False,,0,0,0.020100502512562814,0.027905581116223245,0.0437062937062937,1.0,1.0,0.31283422459893045,0.030570792445026584,0.7709447415329769,0.31754913434669874
Primeape,Fighting,,455,65,105,60,60,70,95,True,primeape,57.0,159.0,10.0,320.0,3.0,1.0,"vital-spirit, anger-point, defiant",115.0,True,primeape,generation-i,mountain,medium,brown,upright,75.0,70.0,False,False,False,mankey,0,1,0.04522613065326633,0.03190638127625525,0.21503496503496503,1.0,1.0,0.3048128342245989,0.09738915898816221,0.7682709447415329,0.4865251255930618
Growlithe,Fire,,350,55,70,45,70,50,60,True,growlithe,58.0,70.0,7.0,190.0,3.0,1.0,"intimidate, flash-fire, justified",81.0,True,growlithe,generation-i,grassland,slow,brown,quadruped,190.0,70.0,False,False,False,,0,0,0.03015075376884422,0.01890378075615123,0.05944055944055944,1.0,1.0,0.213903743315508,0.03616503132185163,0.7379679144385026,0.30603667517195654
Growlithe,Fire,Rock,350,60,75,45,65,50,55,True,growlithe,58.0,70.0,7.0,190.0,3.0,1.0,"intimidate, flash-fire, justified",81.0,True,growlithe,generation-i,grassland,slow,brown,quadruped,190.0,70.0,False,False,False,,0,0,0.03015075376884422,0.01890378075615123,0.05944055944055944,1.0,1.0,0.213903743315508,0.03616503132185163,0.7379679144385026,0.30603667517195654
Arcanine,Fire,,555,90,110,80,100,80,95,True,arcanine,59.0,194.0,19.0,1550.0,3.0,1.0,"intimidate, flash-fire, justified",93.0,True,arcanine,generation-i,grassland,slow,brown,quadruped,75.0,70.0,False,False,False,growlithe,0,1,0.09045226130653267,0.15493098619723944,0.27622377622377625,1.0,1.0,0.2459893048128342,0.17386900790918278,0.7486631016042781,0.5016259430144661
Arcanine,Fire,Rock,555,95,115,80,95,80,90,True,arcanine,59.0,194.0,19.0,1550.0,3.0,1.0,"intimidate, flash-fire, justified",93.0,True,arcanine,generation-i,grassland,slow,brown,quadruped,75.0,70.0,False,False,False,growlithe,0,1,0.09045226130653267,0.15493098619723944,0.27622377622377625,1.0,1.0,0.2459893048128342,0.17386900790918278,0.7486631016042781,0.5016259430144661
Poliwag,Water,,300,40,50,40,40,40,90,True,poliwag,60.0,60.0,6.0,124.0,3.0,1.0,"water-absorb, damp, swift-swim",77.0,True,poliwag,generation-i,waters-edge,medium-slow,blue,legs,255.0,70.0,False,False,False,,0,0,0.025125628140703515,0.012302460492098419,0.04195804195804195,1.0,1.0,0.2032085561497326,0.026462043530281296,0.7344028520499108,0.30169975387904874
Poliwhirl,Water,,385,65,65,65,50,50,90,True,poliwhirl,61.0,135.0,10.0,200.0,3.0,1.0,"water-absorb, damp, swift-swim",91.0,True,poliwhirl,generation-i,waters-edge,medium-slow,blue,humanoid,120.0,70.0,False,False,False,poliwag,0,1,0.04522613065326633,0.019903980796159234,0.17307692307692307,1.0,1.0,0.2406417112299465,0.07940234484211621,0.7468805704099822,0.4725729316166277
Poliwrath,Water,Fighting,510,90,95,95,70,90,70,True,poliwrath,62.0,230.0,13.0,540.0,3.0,1.0,"water-absorb, damp, swift-swim",116.0,True,poliwrath,generation-i,waters-edge,medium-slow,blue,humanoid,45.0,70.0,False,False,False,poliwhirl,0,1,0.06030150753768845,0.05391078215643129,0.33916083916083917,1.0,1.0,0.30748663101604273,0.1511243762849863,0.7691622103386809,0.5030021970209683
Abra,Psychic,,310,25,20,15,105,55,90,True,abra,63.0,62.0,9.0,195.0,3.0,1.0,"synchronize, inner-focus, magic-guard",96.0,True,abra,generation-i,urban,medium-slow,brown,upright,200.0,70.0,False,False,False,,0,0,0.04020100502512563,0.019403880776155232,0.04545454545454544,1.0,1.0,0.25401069518716574,0.035019810418608764,0.7513368983957219,0.3110407024838714
Kadabra,Psychic,,400,40,35,30,120,70,105,True,kadabra,64.0,140.0,13.0,565.0,3.0,1.0,"synchronize, inner-focus, magic-guard",103.0,True,kadabra,generation-i,urban,medium-slow,brown,upright,100.0,70.0,False,False,False,abra,0,1,0.06030150753768845,0.05641128225645129,0.18181818181818182,1.0,1.0,0.2727272727272727,0.09951032387077385,0.7575757575757575,0.4828834001915351
Alakazam,Psychic,,500,55,50,45,135,95,120,True,alakazam,65.0,225.0,15.0,480.0,3.0,1.0,"synchronize, inner-focus, magic-guard",112.0,True,alakazam,generation-i,urban,medium-slow,brown,humanoid,50.0,70.0,False,False,False,kadabra,0,1,0.07035175879396986,0.047909581916383275,0.3304195804195804,1.0,1.0,0.29679144385026734,0.14956030704331116,0.7655971479500892,0.5011069512930291
Alakazam,Psychic,,600,55,50,65,175,105,150,True,alakazam,65.0,225.0,15.0,480.0,3.0,1.0,"synchronize, inner-focus, magic-guard",112.0,True,alakazam,generation-i,urban,medium-slow,brown,humanoid,50.0,70.0,False,False,False,kadabra,0,1,0.07035175879396986,0.047909581916383275,0.3304195804195804,1.0,1.0,0.29679144385026734,0.14956030704331116,0.7655971479500892,0.5011069512930291
Machop,Fighting,,305,70,80,50,35,35,35,True,machop,66.0,61.0,8.0,195.0,3.0,1.0,"guts, no-guard, steadfast",99.0,True,machop,generation-i,mountain,medium-slow,gray,upright,180.0,70.0,False,False,False,,0,0,0.035175879396984924,0.019403880776155232,0.0437062937062937,1.0,1.0,0.2620320855614973,0.03276201795981128,0.7540106951871658,0.31143288346280973
Machoke,Fighting,,405,80,100,70,50,60,45,True,machoke,67.0,142.0,15.0,705.0,3.0,1.0,"guts, no-guard, steadfast",94.0,True,machoke,generation-i,mountain,medium-slow,gray,humanoid,90.0,70.0,False,False,False,machop,0,1,0.07035175879396986,0.0704140828165633,0.1853146853146853,1.0,1.0,0.24866310160427807,0.10869350897507284,0.749554367201426,0.4824297995730923
Machamp,Fighting,,505,90,130,80,65,85,55,True,machamp,68.0,227.0,16.0,1300.0,3.0,1.0,"guts, no-guard, steadfast",109.0,True,machamp,generation-i,mountain,medium-slow,gray,humanoid,45.0,70.0,False,False,False,machoke,0,1,0.07537688442211056,0.1299259851970394,0.33391608391608396,1.0,1.0,0.2887700534759358,0.17973965117841129,0.7629233511586452,0.5090912358169815
Bellsprout,Grass,Poison,300,50,75,35,70,30,40,True,bellsprout,69.0,60.0,7.0,40.0,2.0,1.0,"chlorophyll, gluttony",80.0,True,bellsprout,generation-i,forest,medium-slow,green,humanoid,255.0,70.0,False,False,False,,0,0,0.03015075376884422,0.003900780156031206,0.04195804195804195,0.5,1.0,0.21122994652406415,0.02533652529430579,0.5704099821746881,0.23576495045816698
Weepinbell,Grass,Poison,390,65,90,50,85,45,55,True,weepinbell,70.0,137.0,10.0,64.0,2.0,1.0,"chlorophyll, gluttony",83.0,True,weepinbell,generation-i,forest,medium-slow,green,blob,120.0,70.0,False,False,False,bellsprout,0,1,0.04522613065326633,0.00630126025205041,0.17657342657342656,0.5,1.0,0.2192513368983957,0.07603360582624777,0.5730837789661319,0.40204359333432715
Victreebel,Grass,Poison,490,80,105,65,100,70,70,True,victreebel,71.0,221.0,17.0,155.0,2.0,1.0,"chlorophyll, gluttony",90.0,True,victreebel,generation-i,forest,medium-slow,green,blob,45.0,70.0,False,False,False,weepinbell,0,1,0.08040201005025126,0.015403080616123225,0.32342657342657344,0.5,1.0,0.23796791443850265,0.13974388803098264,0.5793226381461676,0.42365222166776184
Tentacool,Water,Poison,335,40,40,35,50,100,70,True,tentacool,72.0,67.0,9.0,455.0,3.0,1.0,"clear-body, liquid-ooze, rain-dish",92.0,True,tentacool,generation-i,sea,slow,blue,tentacles,190.0,70.0,False,False,False,,0,0,0.04020100502512563,0.04540908181636327,0.05419580419580419,1.0,1.0,0.24331550802139035,0.0466019636790977,0.74777183600713,0.3130893235065813
Tentacruel,Water,Poison,515,80,70,65,80,120,100,True,tentacruel,73.0,180.0,16.0,550.0,3.0,1.0,"clear-body, liquid-ooze, rain-dish",100.0,True,tentacruel,generation-i,sea,slow,blue,tentacles,60.0,70.0,False,False,False,tentacool,0,1,0.07537688442211056,0.05491098219643929,0.2517482517482518,1.0,1.0,0.2647058823529411,0.12734537278893387,0.7549019607843137,0.49016439615040563
Geodude,Rock,Ground,300,40,80,100,30,30,20,True,geodude,74.0,60.0,4.0,200.0,3.0,1.0,"rock-head, sturdy, sand-veil",86.0,True,geodude,generation-i,mountain,medium-slow,brown,arms,255.0,70.0,False,False,False,,0,0,0.01507537688442211,0.019903980796159234,0.04195804195804195,1.0,1.0,0.22727272727272724,0.0256457998795411,0.7424242424242423,0.3046634369335593
Geodude,Rock,Electric,300,40,80,100,30,30,20,True,geodude,74.0,60.0,4.0,200.0,3.0,1.0,"rock-head, sturdy, sand-veil",86.0,True,geodude,generation-i,mountain,medium-slow,brown,arms,255.0,70.0,False,False,False,,0,0,0.01507537688442211,0.019903980796159234,0.04195804195804195,1.0,1.0,0.22727272727272724,0.0256457998795411,0.7424242424242423,0.3046634369335593
Graveler,Rock,Ground,390,55,95,115,45,45,35,True,graveler,75.0,137.0,10.0,1050.0,3.0,1.0,"rock-head, sturdy, sand-veil",90.0,True,graveler,generation-i,mountain,medium-slow,brown,humanoid,120.0,70.0,False,False,False,geodude,0,1,0.04522613065326633,0.10492098419683936,0.17657342657342656,1.0,1.0,0.23796791443850265,0.10890684714117742,0.7459893048128342,0.48106777606748696
Graveler,Rock,Electric,390,55,95,115,45,45,35,True,graveler,75.0,137.0,10.0,1050.0,3.0,1.0,"rock-head, sturdy, sand-veil",90.0,True,graveler,generation-i,mountain,medium-slow,brown,humanoid,120.0,70.0,False,False,False,geodude,0,1,0.04522613065326633,0.10492098419683936,0.17657342657342656,1.0,1.0,0.23796791443850265,0.10890684714117742,0.7459893048128342,0.48106777606748696
Golem,Rock,Ground,495,80,120,130,55,65,45,True,golem,76.0,223.0,14.0,3000.0,3.0,1.0,"rock-head, sturdy, sand-veil",96.0,True,golem,generation-i,mountain,medium-slow,brown,humanoid,45.0,70.0,False,False,False,graveler,0,1,0.06532663316582915,0.2999599919983997,0.32692307692307687,1.0,1.0,0.25401069518716574,0.23073656736243522,0.7513368983957219,0.5197557295670193
Golem,Rock,Electric,495,80,120,130,55,65,45,True,golem,76.0,223.0,14.0,3000.0,3.0,1.0,"rock-head, sturdy, sand-veil",96.0,True,golem,generation-i,mountain,medium-slow,brown,humanoid,45.0,70.0,False,False,False,graveler,0,1,0.06532663316582915,0.2999599919983997,0.32692307692307687,1.0,1.0,0.25401069518716574,0.23073656736243522,0.7513368983957219,0.5197557295670193
Ponyta,Fire,,410,50,85,55,65,65,90,True,ponyta,77.0,82.0,10.0,300.0,3.0,1.0,"run-away, flash-fire, flame-body",68.0,True,ponyta,generation-i,grassland,medium,yellow,quadruped,190.0,70.0,False,False,False,,0,0,0.04522613065326633,0.02990598119623925,0.08041958041958042,1.0,1.0,0.17914438502673793,0.05185056408969533,0.7263814616755794,0.30610775389714034
Ponyta,Psychic,,410,50,85,55,65,65,90,True,ponyta,77.0,82.0,10.0,300.0,3.0,1.0,"run-away, flash-fire, flame-body",68.0,True,ponyta,generation-i,grassland,medium,yellow,quadruped,190.0,70.0,False,False,False,,0,0,0.04522613065326633,0.02990598119623925,0.08041958041958042,1.0,1.0,0.17914438502673793,0.05185056408969533,0.7263814616755794,0.30610775389714034
Rapidash,Fire,,500,65,100,70,80,80,105,True,rapidash,78.0,175.0,17.0,950.0,3.0,1.0,"run-away, flash-fire, flame-body",78.0,True,rapidash,generation-i,grassland,medium,yellow,quadruped,60.0,70.0,False,False,False,ponyta,0,1,0.08040201005025126,0.09491898379675935,0.243006993006993,1.0,1.0,0.20588235294117646,0.13944266228466787,0.7352941176470589,0.48595044574422386
Rapidash,Psychic,Fairy,500,65,100,70,80,80,105,True,rapidash,78.0,175.0,17.0,950.0,3.0,1.0,"run-away, flash-fire, flame-body",78.0,True,rapidash,generation-i,grassland,medium,yellow,quadruped,60.0,70.0,False,False,False,ponyta,0,1,0.08040201005025126,0.09491898379675935,0.243006993006993,1.0,1.0,0.20588235294117646,0.13944266228466787,0.7352941176470589,0.48595044574422386
Slowpoke,Water,Psychic,315,90,65,65,40,40,15,True,slowpoke,79.0,63.0,12.0,360.0,3.0,1.0,"oblivious, own-tempo, regenerator",114.0,True,slowpoke,generation-i,waters-edge,medium,pink,quadruped,190.0,70.0,False,False,False,,0,0,0.055276381909547735,0.03590718143628726,0.0472027972027972,1.0,1.0,0.30213903743315507,0.04612878684954406,0.7673796791443851,0.3207905077126173
Slowpoke,Psychic,,315,90,65,65,40,40,15,True,slowpoke,79.0,63.0,12.0,360.0,3.0,1.0,"oblivious, own-tempo, regenerator",114.0,True,slowpoke,generation-i,waters-edge,medium,pink,quadruped,190.0,70.0,False,False,False,,0,0,0.055276381909547735,0.03590718143628726,0.0472027972027972,1.0,1.0,0.30213903743315507,0.04612878684954406,0.7673796791443851,0.3207905077126173
Slowbro,Water,Psychic,490,95,75,110,100,80,30,True,slowbro,80.0,172.0,16.0,785.0,3.0,1.0,"oblivious, own-tempo, regenerator",137.0,True,slowbro,generation-i,waters-edge,medium,pink,upright,75.0,70.0,False,False,False,slowpoke,0,1,0.07537688442211056,0.07841568313662732,0.23776223776223773,1.0,1.0,0.3636363636363636,0.1305182684403252,0.787878787878788,0.5043069956836127
Slowbro,Water,Psychic,590,95,75,180,130,80,30,True,slowbro,80.0,172.0,16.0,785.0,3.0,1.0,"oblivious, own-tempo, regenerator",137.0,True,slowbro,generation-i,waters-edge,medium,pink,upright,75.0,70.0,False,False,False,slowpoke,0,1,0.07537688442211056,0.07841568313662732,0.23776223776223773,1.0,1.0,0.3636363636363636,0.1305182684403252,0.787878787878788,0.5043069956836127
Slowbro,Poison,Psychic,490,95,100,95,100,70,30,True,slowbro,80.0,172.0,16.0,785.0,3.0,1.0,"oblivious, own-tempo, regenerator",137.0,True,slowbro,generation-i,waters-edge,medium,pink,upright,75.0,70.0,False,False,False,slowpoke,0,1,0.07537688442211056,0.07841568313662732,0.23776223776223773,1.0,1.0,0.3636363636363636,0.1305182684403252,0.787878787878788,0.5043069956836127
Magnemite,Electric,Steel,325,25,35,70,95,55,45,True,magnemite,81.0,65.0,3.0,60.0,3.0,1.0,"magnet-pull, sturdy, analytic",74.0,True,magnemite,generation-i,rough-terrain,medium,gray,arms,190.0,70.0,False,False,False,,0,0,0.010050251256281405,0.005901180236047209,0.05069930069930069,1.0,1.0,0.19518716577540104,0.0222169107305431,0.7317290552584671,0.29935669532254977
Magneton,Electric,Steel,465,50,60,95,120,70,70,True,magneton,82.0,163.0,10.0,600.0,3.0,1.0,"magnet-pull, sturdy, analytic",78.0,True,magneton,generation-i,rough-terrain,medium,gray,heads,60.0,70.0,False,False,False,magnemite,0,1,0.04522613065326633,0.059911982396479296,0.222027972027972,1.0,1.0,0.20588235294117646,0.10905536169257253,0.7352941176470589,0.4768342555665953
Farfetch'd,Normal,Flying,377,52,90,55,58,62,60,True,farfetchd,83.0,132.0,8.0,150.0,3.0,1.0,"keen-eye, inner-focus, defiant",95.0,True,farfetchd,generation-i,grassland,medium,brown,wings,45.0,70.0,False,False,False,,0,0,0.035175879396984924,0.014902980596119223,0.16783216783216784,1.0,1.0,0.2513368983957219,0.07263700927509066,0.750445632798574,0.32196935590195686
Farfetch'd,Fighting,,377,52,95,55,58,62,55,True,farfetchd,83.0,132.0,8.0,150.0,3.0,1.0,"keen-eye, inner-focus, defiant",95.0,True,farfetchd,generation-i,grassland,medium,brown,wings,45.0,70.0,False,False,False,,0,0,0.035175879396984924,0.014902980596119223,0.16783216783216784,1.0,1.0,0.2513368983957219,0.07263700927509066,0.750445632798574,0.32196935590195686
Doduo,Normal,Flying,310,35,85,45,35,35,75,True,doduo,84.0,62.0,14.0,392.0,3.0,1.0,"run-away, early-bird, tangled-feet",78.0,True,doduo,generation-i,grassland,medium,brown,legs,190.0,70.0,False,False,False,,0,0,0.06532663316582915,0.03910782156431286,0.04545454545454544,1.0,1.0,0.20588235294117646,0.049963000061562485,0.7352941176470589,0.3091065470772923
Dodrio,Normal,Flying,470,60,110,70,60,60,110,True,dodrio,85.0,165.0,18.0,852.0,3.0,1.0,"run-away, early-bird, tangled-feet",86.0,True,dodrio,generation-i,grassland,medium,brown,legs,45.0,70.0,False,False,False,doduo,0,1,0.08542713567839197,0.08511702340468093,0.2255244755244755,1.0,1.0,0.22727272727272724,0.13202287820251613,0.7424242424242423,0.4865765604304517
Seel,Water,,325,65,45,55,45,70,45,True,seel,86.0,65.0,11.0,900.0,3.0,1.0,"thick-fat, hydration, ice-body",87.0,True,seel,generation-i,sea,medium,white,fish,190.0,70.0,False,False,False,,0,0,0.05025125628140704,0.08991798359671933,0.05069930069930069,1.0,1.0,0.2299465240641711,0.06362284685914237,0.7433155080213903,0.3164130572662988
Dewgong,Water,Ice,475,90,70,80,70,95,70,True,dewgong,87.0,166.0,17.0,1200.0,3.0,1.0,"thick-fat, hydration, ice-body",93.0,True,dewgong,generation-i,sea,medium,white,fish,75.0,70.0,False,False,False,seel,0,1,0.08040201005025126,0.11992398479695938,0.22727272727272727,1.0,1.0,0.2459893048128342,0.14253290737331262,0.7486631016042781,0.49222511285370507
Grimer,Poison,,325,80,80,50,40,50,25,True,grimer,88.0,65.0,9.0,300.0,3.0,1.0,"stench, sticky-hold, poison-touch",94.0,True,grimer,generation-i,urban,medium,purple,arms,190.0,70.0,False,False,False,,0,0,0.04020100502512563,0.02990598119623925,0.05069930069930069,1.0,1.0,0.24866310160427807,0.04026876230688852,0.749554367201426,0.31190237557263695
Grimer,Poison,Dark,325,80,80,50,40,50,25,True,grimer,88.0,65.0,9.0,300.0,3.0,1.0,"stench, sticky-hold, poison-touch",94.0,True,grimer,generation-i,urban,medium,purple,arms,190.0,70.0,False,False,False,,0,0,0.04020100502512563,0.02990598119623925,0.05069930069930069,1.0,1.0,0.24866310160427807,0.04026876230688852,0.749554367201426,0.31190237557263695
Muk,Poison,,500,105,105,75,65,100,50,True,muk,89.0,175.0,12.0,300.0,3.0,1.0,"stench, sticky-hold, poison-touch",103.0,True,muk,generation-i,urban,medium,purple,arms,75.0,70.0,False,False,False,grimer,0,1,0.055276381909547735,0.02990598119623925,0.243006993006993,1.0,1.0,0.2727272727272727,0.10939645203759334,0.7575757575757575,0.485849238641581
Muk,Poison,Dark,500,105,105,75,65,100,50,True,muk,89.0,175.0,12.0,300.0,3.0,1.0,"stench, sticky-hold, poison-touch",103.0,True,muk,generation-i,urban,medium,purple,arms,75.0,70.0,False,False,False,grimer,0,1,0.055276381909547735,0.02990598119623925,0.243006993006993,1.0,1.0,0.2727272727272727,0.10939645203759334,0.7575757575757575,0.485849238641581
Shellder,Water,,305,30,65,100,45,25,40,True,shellder,90.0,61.0,3.0,40.0,3.0,1.0,"shell-armor, skill-link, overcoat",76.0,True,shellder,generation-i,sea,slow,purple,ball,190.0,70.0,False,False,False,,0,0,0.010050251256281405,0.003900780156031206,0.0437062937062937,1.0,1.0,0.20053475935828874,0.01921910837286877,0.7335115864527629,0.2991703670929658
Cloyster,Water,Ice,525,50,95,180,85,45,70,True,cloyster,91.0,184.0,15.0,1325.0,3.0,1.0,"shell-armor, skill-link, overcoat",88.0,True,cloyster,generation-i,sea,slow,purple,ball,60.0,70.0,False,False,False,shellder,0,1,0.07035175879396986,0.13242648529705942,0.25874125874125875,1.0,1.0,0.23262032085561496,0.15383983427742934,0.7442067736185383,0.4938346597306441
Gastly,Ghost,Poison,310,30,35,30,100,35,80,True,gastly,92.0,62.0,13.0,1.0,1.0,0.0,levitate,96.0,True,gastly,generation-i,cave,medium-slow,purple,ball,190.0,70.0,False,False,False,,0,0,0.06030150753768845,0.0,0.04545454545454544,0.0,0.0,0.25401069518716574,0.03525201766407796,0.08467023172905525,0.04444369799084549
Haunter,Ghost,Poison,405,45,50,45,115,55,95,True,haunter,93.0,142.0,16.0,1.0,1.0,0.0,levitate,99.0,True,haunter,generation-i,cave,medium-slow,purple,arms,90.0,70.0,False,False,False,gastly,0,1,0.07537688442211056,0.0,0.1853146853146853,0.0,0.0,0.2620320855614973,0.08689718991226529,0.0873440285204991,0.2110067683818792
Gengar,Ghost,Poison,500,60,65,60,130,75,110,True,gengar,94.0,225.0,15.0,405.0,1.0,0.0,cursed-body,125.0,True,gengar,generation-i,cave,medium-slow,purple,upright,45.0,70.0,False,False,False,haunter,0,1,0.07035175879396986,0.04040808161632327,0.3304195804195804,0.0,0.0,0.3315508021390374,0.14705980694329118,0.11051693404634581,0.2383247157015257
Gengar,Ghost,Poison,600,60,65,80,170,95,130,True,gengar,94.0,225.0,15.0,405.0,1.0,0.0,cursed-body,125.0,True,gengar,generation-i,cave,medium-slow,purple,upright,45.0,70.0,False,False,False,haunter,0,1,0.07035175879396986,0.04040808161632327,0.3304195804195804,0.0,0.0,0.3315508021390374,0.14705980694329118,0.11051693404634581,0.2383247157015257
Onix,Rock,Ground,385,35,45,160,30,45,70,True,onix,95.0,77.0,88.0,2100.0,3.0,1.0,"rock-head, sturdy, weak-armor",89.0,True,onix,generation-i,cave,medium,gray,squiggle,45.0,70.0,False,False,False,,0,0,0.4371859296482412,0.20994198839767952,0.07167832167832167,1.0,1.0,0.2352941176470588,0.2396020799080808,0.7450980392156863,0.36991983965869873
Drowzee,Psychic,,328,60,48,45,43,90,42,True,drowzee,96.0,66.0,10.0,324.0,3.0,1.0,"insomnia, forewarn, inner-focus",115.0,True,drowzee,generation-i,grassland,medium,yellow,humanoid,190.0,70.0,False,False,False,,0,0,0.04522613065326633,0.032306461292258455,0.05244755244755245,1.0,1.0,0.3048128342245989,0.04332671479769241,0.7682709447415329,0.3203063923359209
Hypno,Psychic,,483,85,73,70,73,115,67,True,hypno,97.0,169.0,16.0,756.0,3.0,1.0,"insomnia, forewarn, inner-focus",118.0,True,hypno,generation-i,grassland,medium,yellow,humanoid,75.0,70.0,False,False,False,drowzee,0,1,0.07537688442211056,0.07551510302060412,0.23251748251748253,1.0,1.0,0.31283422459893045,0.12780315665339906,0.7709447415329769,0.4967188436092105
Krabby,Water,,325,30,105,90,25,25,50,True,krabby,98.0,65.0,4.0,65.0,3.0,1.0,"hyper-cutter, shell-armor, sheer-force",82.0,True,krabby,generation-i,waters-edge,medium,red,armor,225.0,70.0,False,False,False,,0,0,0.01507537688442211,0.00640128025605121,0.05069930069930069,1.0,1.0,0.21657754010695185,0.024058652613258003,0.7388591800356507,0.3027612677982377
Kingler,Water,,475,55,130,115,50,50,75,True,kingler,99.0,166.0,13.0,600.0,3.0,1.0,"hyper-cutter, shell-armor, sheer-force",85.0,True,kingler,generation-i,waters-edge,medium,red,armor,60.0,70.0,False,False,False,krabby,0,1,0.06030150753768845,0.059911982396479296,0.22727272727272727,1.0,1.0,0.2245989304812834,0.115828739068965,0.7415329768270945,0.4813618124515273
Voltorb,Electric,,330,40,30,50,55,55,100,True,voltorb,100.0,66.0,5.0,104.0,3.0,1.0,"soundproof, static, aftermath",68.0,True,voltorb,generation-i,urban,medium,red,ball,190.0,70.0,False,False,False,,0,0,0.020100502512562814,0.010302060412082417,0.05244755244755245,1.0,1.0,0.17914438502673793,0.02761670512406589,0.7263814616755794,0.29883759620745154
Voltorb,Electric,Grass,330,40,30,50,55,55,100,True,voltorb,100.0,66.0,5.0,104.0,3.0,1.0,"soundproof, static, aftermath",68.0,True,voltorb,generation-i,urban,medium,red,ball,190.0,70.0,False,False,False,,0,0,0.020100502512562814,0.010302060412082417,0.05244755244755245,1.0,1.0,0.17914438502673793,0.02761670512406589,0.7263814616755794,0.29883759620745154
Electrode,Electric,,490,60,50,70,80,80,150,True,electrode,101.0,172.0,12.0,666.0,3.0,1.0,"soundproof, static, aftermath",73.0,True,electrode,generation-i,urban,medium,red,ball,60.0,70.0,False,False,False,voltorb,0,1,0.055276381909547735,0.0665133026605321,0.23776223776223773,1.0,1.0,0.19251336898395718,0.11985064077743919,0.7308377896613191,0.4782903080977594
Electrode,Electric,Grass,490,60,50,70,80,80,150,True,electrode,101.0,172.0,12.0,666.0,3.0,1.0,"soundproof, static, aftermath",73.0,True,electrode,generation-i,urban,medium,red,ball,60.0,70.0,False,False,False,voltorb,0,1,0.055276381909547735,0.0665133026605321,0.23776223776223773,1.0,1.0,0.19251336898395718,0.11985064077743919,0.7308377896613191,0.4782903080977594
Exeggcute,Grass,Psychic,325,60,40,80,60,45,40,True,exeggcute,102.0,65.0,4.0,25.0,2.0,1.0,"chlorophyll, harvest",88.0,True,exeggcute,generation-i,forest,slow,pink,heads,90.0,70.0,False,False,False,,0,0,0.01507537688442211,0.002400480096019204,0.05069930069930069,0.5,1.0,0.23262032085561496,0.022725052559914,0.5775401069518716,0.23783355854872287
Exeggutor,Grass,Psychic,530,95,95,85,125,75,55,True,exeggutor,103.0,186.0,20.0,1200.0,2.0,1.0,"chlorophyll, harvest",100.0,True,exeggutor,generation-i,forest,slow,yellow,legs,45.0,70.0,False,False,False,exeggcute,0,1,0.09547738693467338,0.11992398479695938,0.2622377622377622,0.5,1.0,0.2647058823529411,0.159213044656465,0.5882352941176471,0.4330580310439983
Exeggutor,Grass,Dragon,530,95,105,85,125,75,45,True,exeggutor,103.0,186.0,20.0,1200.0,2.0,1.0,"chlorophyll, harvest",100.0,True,exeggutor,generation-i,forest,slow,yellow,legs,45.0,70.0,False,False,False,exeggcute,0,1,0.09547738693467338,0.11992398479695938,0.2622377622377622,0.5,1.0,0.2647058823529411,0.159213044656465,0.5882352941176471,0.4330580310439983
Cubone,Ground,,320,50,50,95,40,50,35,True,cubone,104.0,64.0,4.0,65.0,3.0,1.0,"rock-head, lightning-rod, battle-armor",96.0,True,cubone,generation-i,mountain,medium,brown,upright,190.0,70.0,False,False,False,,0,0,0.01507537688442211,0.00640128025605121,0.048951048951048945,1.0,1.0,0.25401069518716574,0.023475902030507423,0.7513368983957219,0.307577529967441
Marowak,Ground,,425,60,80,110,50,80,45,True,marowak,105.0,149.0,10.0,450.0,3.0,1.0,"rock-head, lightning-rod, battle-armor",99.0,True,marowak,generation-i,mountain,medium,brown,upright,75.0,70.0,False,False,False,cubone,0,1,0.04522613065326633,0.04490898179635927,0.19755244755244752,1.0,1.0,0.2620320855614973,0.09589585333402438,0.7540106951871658,0.4803730340750737
Marowak,Fire,Ghost,425,60,80,110,50,80,45,True,marowak,105.0,149.0,10.0,450.0,3.0,1.0,"rock-head, lightning-rod, battle-armor",99.0,True,marowak,generation-i,mountain,medium,brown,upright,75.0,70.0,False,False,False,cubone,0,1,0.04522613065326633,0.04490898179635927,0.19755244755244752,1.0,1.0,0.2620320855614973,0.09589585333402438,0.7540106951871658,0.4803730340750737
Hitmonlee,Fighting,,455,50,120,53,35,110,87,True,hitmonlee,106.0,159.0,15.0,498.0,3.0,1.0,"limber, reckless, unburden",104.0,True,hitmonlee,generation-i,urban,medium,brown,humanoid,45.0,70.0,False,False,False,tyrogue,0,1,0.07035175879396986,0.049709941988397684,0.21503496503496503,1.0,1.0,0.27540106951871657,0.11169888860577752,0.7584670231729055,0.48689647585089546
Hitmonchan,Fighting,,455,50,105,79,35,110,76,True,hitmonchan,107.0,159.0,14.0,502.0,3.0,1.0,"keen-eye, iron-fist, inner-focus",103.0,True,hitmonchan,generation-i,urban,medium,brown,humanoid,45.0,70.0,False,False,False,tyrogue,0,1,0.06532663316582915,0.05011002200440088,0.21503496503496503,1.0,1.0,0.2727272727272727,0.11015720673506502,0.7575757575757575,0.4860774650508225
Lickitung,Normal,,385,90,55,75,60,75,30,True,lickitung,108.0,77.0,12.0,655.0,3.0,1.0,"own-tempo, oblivious, cloud-nine",117.0,True,lickitung,generation-i,grassland,medium,pink,upright,45.0,70.0,False,False,False,,0,0,0.055276381909547735,0.0654130826165233,0.07167832167832167,1.0,1.0,0.3101604278074866,0.06412259540146424,0.7700534759358288,0.32725816899477084
Koffing,Poison,,340,40,65,95,60,45,35,True,koffing,109.0,68.0,6.0,10.0,3.0,1.0,"levitate, neutralizing-gas, stench",79.0,True,koffing,generation-i,urban,medium,purple,ball,190.0,70.0,False,False,False,,0,0,0.025125628140703515,0.0009001800360072014,0.05594405594405594,1.0,1.0,0.2085561497326203,0.02732328804025555,0.7361853832442068,0.3026711397097594
Weezing,Poison,,490,65,90,120,85,70,60,True,weezing,110.0,172.0,12.0,95.0,3.0,1.0,"levitate, neutralizing-gas, stench",78.0,True,weezing,generation-i,urban,medium,purple,heads,60.0,70.0,False,False,False,koffing,0,1,0.055276381909547735,0.009401880376075214,0.23776223776223773,1.0,1.0,0.20588235294117646,0.10081350001595357,0.7352941176470589,0.47436169706360964
Weezing,Poison,Fairy,490,65,90,120,85,70,60,True,weezing,110.0,172.0,12.0,95.0,3.0,1.0,"levitate, neutralizing-gas, stench",78.0,True,weezing,generation-i,urban,medium,purple,heads,60.0,70.0,False,False,False,koffing,0,1,0.055276381909547735,0.009401880376075214,0.23776223776223773,1.0,1.0,0.20588235294117646,0.10081350001595357,0.7352941176470589,0.47436169706360964
Rhyhorn,Ground,Rock,345,80,85,95,30,30,25,True,rhyhorn,111.0,69.0,10.0,1150.0,3.0,1.0,"lightning-rod, rock-head, reckless",108.0,True,rhyhorn,generation-i,rough-terrain,slow,gray,quadruped,120.0,70.0,False,False,False,,0,0,0.04522613065326633,0.11492298459691938,0.05769230769230768,1.0,1.0,0.28609625668449196,0.0726138076474978,0.7620320855614974,0.32659697651884834
Rhydon,Ground,Rock,485,105,130,120,45,45,40,True,rhydon,112.0,170.0,19.0,1200.0,3.0,1.0,"lightning-rod, rock-head, reckless",137.0,True,rhydon,generation-i,rough-terrain,slow,gray,upright,60.0,70.0,False,False,False,rhyhorn,0,1,0.09045226130653267,0.11992398479695938,0.23426573426573424,1.0,1.0,0.3636363636363636,0.14821399345640876,0.787878787878788,0.5096157131884378
Chansey,Normal,,450,250,5,5,35,105,50,True,chansey,113.0,395.0,11.0,346.0,3.0,1.0,"natural-cure, serene-grace, healer",144.0,True,chansey,generation-i,urban,fast,pink,upright,30.0,140.0,False,False,False,happiny,0,1,0.05025125628140704,0.03450690138027605,0.6276223776223776,1.0,1.0,0.38235294117647056,0.23746017842802022,0.7941176470588235,0.5388851123519355
Tangela,Grass,,435,65,55,115,100,40,60,True,tangela,114.0,87.0,10.0,350.0,3.0,1.0,"chlorophyll, leaf-guard, regenerator",82.0,True,tangela,generation-i,grassland,medium,blue,legs,45.0,70.0,False,False,False,,0,0,0.04522613065326633,0.034906981396279256,0.08916083916083917,1.0,1.0,0.21657754010695185,0.05643131707012825,0.7388591800356507,0.31247306713529877
Kangaskhan,Normal,,490,105,95,80,40,80,90,True,kangaskhan,115.0,172.0,22.0,800.0,3.0,1.0,"early-bird, scrappy, inner-focus",122.0,True,kangaskhan,generation-i,grassland,medium,brown,upright,45.0,70.0,False,False,False,,0,0,0.10552763819095479,0.07991598319663933,0.23776223776223773,1.0,1.0,0.32352941176470584,0.14106861971661064,0.7745098039215685,0.3521245074836106
Kangaskhan,Normal,,590,105,125,100,60,100,100,True,kangaskhan,115.0,172.0,22.0,800.0,3.0,1.0,"early-bird, scrappy, inner-focus",122.0,True,kangaskhan,generation-i,grassland,medium,brown,upright,45.0,70.0,False,False,False,,0,0,0.10552763819095479,0.07991598319663933,0.23776223776223773,1.0,1.0,0.32352941176470584,0.14106861971661064,0.7745098039215685,0.3521245074836106
Horsea,Water,,295,30,40,70,70,25,60,True,horsea,116.0,59.0,4.0,80.0,3.0,1.0,"swift-swim, sniper, damp",72.0,True,horsea,generation-i,sea,medium,blue,blob,225.0,70.0,False,False,False,,0,0,0.01507537688442211,0.007901580316063212,0.04020979020979021,1.0,1.0,0.18983957219251335,0.02106224913675851,0.7299465240641712,0.298297284366696
Seadra,Water,,440,55,65,95,95,45,85,True,seadra,117.0,154.0,12.0,250.0,3.0,1.0,"poison-point, sniper, damp",73.0,True,seadra,generation-i,sea,medium,blue,blob,75.0,70.0,False,False,False,horsea,0,1,0.055276381909547735,0.02490498099619924,0.20629370629370627,1.0,1.0,0.19251336898395718,0.09549168973315109,0.7308377896613191,0.470982622784473
Goldeen,Water,,320,45,67,60,35,50,63,True,goldeen,118.0,64.0,6.0,150.0,3.0,1.0,"swift-swim, water-veil, lightning-rod",75.0,True,goldeen,generation-i,waters-edge,medium,red,fish,225.0,70.0,False,False,False,,0,0,0.025125628140703515,0.014902980596119223,0.048951048951048945,1.0,1.0,0.1978609625668449,0.029659885895957225,0.7326203208556149,0.3019460941110331
Seaking,Water,,450,80,92,65,65,80,68,True,seaking,119.0,158.0,13.0,390.0,3.0,1.0,"swift-swim, water-veil, lightning-rod",74.0,True,seaking,generation-i,waters-edge,medium,red,fish,60.0,70.0,False,False,False,goldeen,0,1,0.06030150753768845,0.03890778155631126,0.21328671328671325,1.0,1.0,0.19518716577540104,0.10416533412690432,0.7317290552584671,0.4739412223414581
Staryu,Water,,340,30,45,55,70,55,85,True,staryu,120.0,68.0,8.0,345.0,3.0,1.0,"illuminate, natural-cure, analytic",79.0,True,staryu,generation-i,sea,slow,brown,blob,225.0,70.0,False,False,False,,0,0,0.035175879396984924,0.034406881376275254,0.05594405594405594,1.0,1.0,0.2085561497326203,0.04184227223910537,0.7361853832442068,0.30702683496941435
Starmie,Water,Psychic,520,60,75,85,100,85,115,True,starmie,121.0,182.0,11.0,800.0,3.0,1.0,"illuminate, natural-cure, analytic",103.0,True,starmie,generation-i,sea,slow,purple,blob,60.0,70.0,False,False,False,staryu,0,1,0.05025125628140704,0.07991598319663933,0.2552447552447552,1.0,1.0,0.2727272727272727,0.12847066490760053,0.7575757575757575,0.4915715025025832
Mr. Mime,Psychic,Fairy,460,40,45,65,100,120,90,True,mr-mime,122.0,161.0,13.0,545.0,3.0,1.0,"soundproof, filter, technician",128.0,True,mr-mime,generation-i,urban,medium,pink,humanoid,45.0,70.0,False,False,False,mime-jr,0,1,0.06030150753768845,0.05441088217643529,0.21853146853146851,1.0,1.0,0.33957219251336895,0.11108128608186407,0.7798573975044563,0.4952673448263417
Mr. Mime,Ice,Psychic,460,50,65,65,90,90,100,True,mr-mime,122.0,161.0,13.0,545.0,3.0,1.0,"soundproof, filter, technician",128.0,True,mr-mime,generation-i,urban,medium,pink,humanoid,45.0,70.0,False,False,False,mime-jr,0,1,0.06030150753768845,0.05441088217643529,0.21853146853146851,1.0,1.0,0.33957219251336895,0.11108128608186407,0.7798573975044563,0.4952673448263417
Scyther,Bug,Flying,500,70,110,80,55,80,105,True,scyther,123.0,100.0,15.0,560.0,3.0,1.0,"swarm, technician, steadfast",89.0,True,scyther,generation-i,grassland,medium,green,bug-wings,45.0,70.0,False,False,False,,0,0,0.07035175879396986,0.05591118223644729,0.11188811188811187,1.0,1.0,0.2352941176470588,0.07938368430617634,0.7450980392156863,0.3218543209781274
Jynx,Ice,Psychic,455,65,50,35,115,95,95,True,jynx,124.0,159.0,14.0,406.0,3.0,1.0,"oblivious, forewarn, dry-skin",121.0,True,jynx,generation-i,urban,medium,red,humanoid,45.0,70.0,False,False,False,smoochum,0,1,0.06532663316582915,0.04050810162032407,0.21503496503496503,1.0,1.0,0.320855614973262,0.10695656660703941,0.7736185383244206,0.4915343853118801
Electabuzz,Electric,,490,65,83,57,95,85,105,True,electabuzz,125.0,172.0,11.0,300.0,2.0,1.0,"static, vital-spirit",99.0,True,electabuzz,generation-i,grassland,medium,yellow,upright,45.0,70.0,False,False,False,elekid,0,1,0.05025125628140704,0.02990598119623925,0.23776223776223773,0.5,1.0,0.2620320855614973,0.10597315841329467,0.587344028520499,0.416729558932188
Magmar,Fire,,495,65,95,57,100,85,93,True,magmar,126.0,173.0,13.0,445.0,2.0,1.0,"flame-body, vital-spirit",101.0,True,magmar,generation-i,mountain,medium,red,upright,45.0,70.0,False,False,False,magby,0,1,0.06030150753768845,0.04440888177635527,0.2395104895104895,0.5,1.0,0.267379679144385,0.11474029294151107,0.589126559714795,0.42007271176837135
Pinsir,Bug,,500,65,125,100,55,70,85,True,pinsir,127.0,175.0,15.0,550.0,3.0,1.0,"hyper-cutter, mold-breaker, moxie",91.0,True,pinsir,generation-i,forest,slow,brown,humanoid,45.0,70.0,False,False,False,,0,0,0.07035175879396986,0.05491098219643929,0.243006993006993,1.0,1.0,0.2406417112299465,0.12275657799913404,0.7468805704099822,0.3355792015637331
Pinsir,Bug,Flying,600,65,155,120,65,90,105,True,pinsir,127.0,175.0,15.0,550.0,3.0,1.0,"hyper-cutter, mold-breaker, moxie",91.0,True,pinsir,generation-i,forest,slow,brown,humanoid,45.0,70.0,False,False,False,,0,0,0.07035175879396986,0.05491098219643929,0.243006993006993,1.0,1.0,0.2406417112299465,0.12275657799913404,0.7468805704099822,0.3355792015637331
Tauros,Normal,,490,75,100,95,40,70,110,True,tauros,128.0,172.0,14.0,884.0,3.0,1.0,"intimidate, anger-point, sheer-force",96.0,True,tauros,generation-i,grassland,slow,brown,quadruped,45.0,70.0,False,False,False,,0,0,0.06532663316582915,0.08831766353270654,0.23776223776223773,1.0,1.0,0.25401069518716574,0.1304688448202578,0.7513368983957219,0.3396754128043661
Tauros,Fighting,,490,75,110,105,30,70,100,True,tauros,128.0,172.0,14.0,884.0,3.0,1.0,"intimidate, anger-point, sheer-force",96.0,True,tauros,generation-i,grassland,slow,brown,quadruped,45.0,70.0,False,False,False,,0,0,0.06532663316582915,0.08831766353270654,0.23776223776223773,1.0,1.0,0.25401069518716574,0.1304688448202578,0.7513368983957219,0.3396754128043661
Tauros,Fighting,Fire,490,75,110,105,30,70,100,True,tauros,128.0,172.0,14.0,884.0,3.0,1.0,"intimidate, anger-point, sheer-force",96.0,True,tauros,generation-i,grassland,slow,brown,quadruped,45.0,70.0,False,False,False,,0,0,0.06532663316582915,0.08831766353270654,0.23776223776223773,1.0,1.0,0.25401069518716574,0.1304688448202578,0.7513368983957219,0.3396754128043661
Tauros,Fighting,Water,490,75,110,105,30,70,100,True,tauros,128.0,172.0,14.0,884.0,3.0,1.0,"intimidate, anger-point, sheer-force",96.0,True,tauros,generation-i,grassland,slow,brown,quadruped,45.0,70.0,False,False,False,,0,0,0.06532663316582915,0.08831766353270654,0.23776223776223773,1.0,1.0,0.25401069518716574,0.1304688448202578,0.7513368983957219,0.3396754128043661
Magikarp,Water,,200,20,10,55,15,20,80,True,magikarp,129.0,40.0,9.0,100.0,2.0,1.0,"swift-swim, rattled",5.0,True,magikarp,generation-i,waters-edge,slow,red,fish,255.0,70.0,False,False,False,,0,0,0.04020100502512563,0.009901980396079216,0.006993006993006992,0.5,1.0,0.0106951871657754,0.019031997471403946,0.5035650623885918,0.20713562419685788
Gyarados,Water,Flying,540,95,125,79,60,100,81,True,gyarados,130.0,189.0,65.0,2350.0,2.0,1.0,"intimidate, moxie",103.0,True,gyarados,generation-i,waters-edge,slow,blue,squiggle,45.0,70.0,False,False,False,magikarp,0,1,0.32160804020100503,0.23494698939787956,0.2674825174825175,0.5,1.0,0.2727272727272727,0.27467918236046734,0.5909090909090909,0.46876739107177656
Gyarados,Water,Dark,640,95,155,109,70,130,81,True,gyarados,130.0,189.0,65.0,2350.0,2.0,1.0,"intimidate, moxie",103.0,True,gyarados,generation-i,waters-edge,slow,blue,squiggle,45.0,70.0,False,False,False,magikarp,0,1,0.32160804020100503,0.23494698939787956,0.2674825174825175,0.5,1.0,0.2727272727272727,0.27467918236046734,0.5909090909090909,0.46876739107177656
Lapras,Water,Ice,535,130,85,80,85,95,60,True,lapras,131.0,187.0,25.0,2200.0,3.0,1.0,"water-absorb, shell-armor, hydration",112.0,True,lapras,generation-i,sea,slow,blue,fish,45.0,70.0,False,False,False,,0,0,0.12060301507537688,0.21994398879775956,0.26398601398601396,1.0,1.0,0.29679144385026734,0.20151100595305013,0.7655971479500892,0.3666921609659507
Ditto,Normal,,288,48,48,48,48,48,48,True,ditto,132.0,101.0,3.0,40.0,2.0,1.0,"limber, imposter",1.0,True,ditto,generation-i,urban,medium,purple,ball,35.0,70.0,False,False,False,,0,0,0.010050251256281405,0.003900780156031206,0.11363636363636362,0.5,1.0,0.0,0.042529131682892074,0.5,0.21275873950486762
Eevee,Normal,,325,55,55,50,45,65,55,True,eevee,133.0,65.0,3.0,65.0,3.0,1.0,"run-away, adaptability, anticipation",74.0,True,eevee,generation-i,urban,medium,brown,quadruped,45.0,70.0,False,False,False,,0,0,0.010050251256281405,0.00640128025605121,0.05069930069930069,1.0,1.0,0.19518716577540104,0.0223836107372111,0.7317290552584671,0.29940670532455016
Eevee,Normal,,435,65,75,70,65,85,75,True,eevee,133.0,65.0,3.0,65.0,3.0,1.0,"run-away, adaptability, anticipation",74.0,True,eevee,generation-i,urban,medium,brown,quadruped,45.0,70.0,False,False,False,,0,0,0.010050251256281405,0.00640128025605121,0.05069930069930069,1.0,1.0,0.19518716577540104,0.0223836107372111,0.7317290552584671,0.29940670532455016
Vaporeon,Water,,525,130,65,60,110,95,65,True,vaporeon,134.0,184.0,10.0,290.0,2.0,1.0,"water-absorb, hydration",101.0,True,vaporeon,generation-i,urban,medium,blue,quadruped,45.0,70.0,False,False,False,eevee,0,1,0.04522613065326633,0.02890578115623125,0.25874125874125875,0.5,1.0,0.267379679144385,0.11095772351691878,0.589126559714795,0.4189379409409937
Jolteon,Electric,,525,65,65,60,110,95,130,True,jolteon,135.0,184.0,8.0,245.0,2.0,1.0,"volt-absorb, quick-feet",100.0,True,jolteon,generation-i,urban,medium,yellow,quadruped,45.0,70.0,False,False,False,eevee,0,1,0.035175879396984924,0.02440488097619524,0.25874125874125875,0.5,1.0,0.2647058823529411,0.10610733970481297,0.5882352941176471,0.41712631955850277
Flareon,Fire,,525,65,130,60,95,110,65,True,flareon,136.0,184.0,9.0,250.0,2.0,1.0,"flash-fire, guts",97.0,True,flareon,generation-i,urban,medium,red,quadruped,45.0,70.0,False,False,False,eevee,0,1,0.04020100502512563,0.02490498099619924,0.25874125874125875,0.5,1.0,0.2566844919786096,0.10794908158752788,0.5855614973262032,0.4166093234067396
Porygon,Normal,,395,65,60,70,85,75,40,True,porygon,137.0,79.0,8.0,365.0,3.0,1.0,"trace, download, analytic",87.0,True,porygon,generation-i,urban,medium,pink,legs,45.0,70.0,False,False,False,,0,0,0.035175879396984924,0.03640728145629126,0.07517482517482516,1.0,1.0,0.2299465240641711,0.048919328676033776,0.7433155080213903,0.3120020018113663
Omanyte,Rock,Water,355,35,40,100,90,55,35,True,omanyte,138.0,71.0,4.0,75.0,3.0,1.0,"swift-swim, shell-armor, weak-armor",80.0,True,omanyte,generation-i,sea,medium,blue,tentacles,45.0,70.0,False,False,False,,0,0,0.01507537688442211,0.007401480296059212,0.061188811188811185,1.0,1.0,0.21122994652406415,0.027888556123097503,0.7370766488413548,0.3031972263734712
Omastar,Rock,Water,495,70,60,125,115,70,55,True,omastar,139.0,173.0,10.0,350.0,3.0,1.0,"swift-swim, shell-armor, weak-armor",86.0,True,omastar,generation-i,sea,medium,blue,tentacles,45.0,70.0,False,False,False,omanyte,0,1,0.04522613065326633,0.034906981396279256,0.2395104895104895,1.0,1.0,0.22727272727272724,0.10654786718667837,0.7424242424242423,0.4789340571257005
Kabuto,Rock,Water,355,30,80,90,55,45,55,True,kabuto,140.0,71.0,5.0,115.0,3.0,1.0,"swift-swim, battle-armor, weak-armor",83.0,True,kabuto,generation-i,sea,medium,brown,armor,45.0,70.0,False,False,False,,0,0,0.020100502512562814,0.011402280456091218,0.061188811188811185,1.0,1.0,0.2192513368983957,0.030897198052488407,0.7397504456327986,0.30516933766886595
Kabutops,Rock,Water,495,60,115,105,65,70,80,True,kabutops,141.0,173.0,13.0,405.0,3.0,1.0,"swift-swim, battle-armor, weak-armor",103.0,True,kabutops,generation-i,sea,medium,brown,upright,45.0,70.0,False,False,False,kabuto,0,1,0.06030150753768845,0.04040808161632327,0.2395104895104895,1.0,1.0,0.2727272727272727,0.11340669288816707,0.7575757575757575,0.48705231089675305
Aerodactyl,Rock,Flying,515,80,105,65,60,75,130,True,aerodactyl,142.0,180.0,18.0,590.0,3.0,1.0,"rock-head, pressure, unnerve",98.0,True,aerodactyl,generation-i,mountain,slow,purple,wings,45.0,70.0,False,False,False,,0,0,0.08542713567839197,0.05891178235647129,0.2517482517482518,1.0,1.0,0.25935828877005346,0.13202905659437167,0.7531194295900178,0.3408564888143186
Aerodactyl,Rock,Flying,615,80,135,85,70,95,150,True,aerodactyl,142.0,180.0,18.0,590.0,3.0,1.0,"rock-head, pressure, unnerve",98.0,True,aerodactyl,generation-i,mountain,slow,purple,wings,45.0,70.0,False,False,False,,0,0,0.08542713567839197,0.05891178235647129,0.2517482517482518,1.0,1.0,0.25935828877005346,0.13202905659437167,0.7531194295900178,0.3408564888143186
Snorlax,Normal,,540,160,110,65,65,110,30,True,snorlax,143.0,189.0,21.0,4600.0,3.0,1.0,"immunity, thick-fat, gluttony",137.0,True,snorlax,generation-i,mountain,slow,black,humanoid,25.0,70.0,False,False,False,munchlax,0,1,0.10050251256281408,0.45999199839967997,0.2674825174825175,1.0,1.0,0.3636363636363636,0.27599234281500384,0.787878787878788,0.5479492179960164
Articuno,Ice,Flying,580,90,85,100,95,125,85,True,articuno,144.0,261.0,17.0,554.0,2.0,1.0,"pressure, snow-cloak",90.0,True,articuno,generation-i,rare,slow,blue,wings,3.0,35.0,False,True,False,,1,0,0.08040201005025126,0.05531106221244249,0.39335664335664333,0.5,1.0,0.23796791443850265,0.17635657187311238,0.5793226381461676,0.4346360268204007
Articuno,Psychic,Flying,580,90,85,85,125,100,95,True,articuno,144.0,261.0,17.0,554.0,2.0,1.0,"pressure, snow-cloak",90.0,True,articuno,generation-i,rare,slow,blue,wings,3.0,35.0,False,True,False,,1,0,0.08040201005025126,0.05531106221244249,0.39335664335664333,0.5,1.0,0.23796791443850265,0.17635657187311238,0.5793226381461676,0.4346360268204007
Zapdos,Electric,Flying,580,90,90,85,125,90,100,True,zapdos,145.0,261.0,16.0,526.0,2.0,1.0,"pressure, static",88.0,True,zapdos,generation-i,rare,slow,yellow,wings,3.0,35.0,False,True,False,,1,0,0.07537688442211056,0.05251050210042008,0.39335664335664333,0.5,1.0,0.23262032085561496,0.17374800995972464,0.5775401069518716,0.43314044576866606
Zapdos,Fighting,Flying,580,90,125,90,85,90,100,True,zapdos,145.0,261.0,16.0,526.0,2.0,1.0,"pressure, static",88.0,True,zapdos,generation-i,rare,slow,yellow,wings,3.0,35.0,False,True,False,,1,0,0.07537688442211056,0.05251050210042008,0.39335664335664333,0.5,1.0,0.23262032085561496,0.17374800995972464,0.5775401069518716,0.43314044576866606
Moltres,Fire,Flying,580,90,100,90,125,85,90,True,moltres,146.0,261.0,20.0,600.0,2.0,1.0,"pressure, flame-body",84.0,True,moltres,generation-i,rare,slow,yellow,wings,3.0,35.0,False,True,False,,1,0,0.09547738693467338,0.059911982396479296,0.39335664335664333,0.5,1.0,0.22192513368983954,0.18291533756259867,0.5739750445632799,0.4344646190940915
Moltres,Dark,Flying,580,90,85,90,100,125,90,True,moltres,146.0,261.0,20.0,600.0,2.0,1.0,"pressure, flame-body",84.0,True,moltres,generation-i,rare,slow,yellow,wings,3.0,35.0,False,True,False,,1,0,0.09547738693467338,0.059911982396479296,0.39335664335664333,0.5,1.0,0.22192513368983954,0.18291533756259867,0.5739750445632799,0.4344646190940915
Dratini,Dragon,,300,41,64,45,50,50,50,True,dratini,147.0,60.0,18.0,33.0,2.0,1.0,"shed-skin, marvel-scale",86.0,True,dratini,generation-i,waters-edge,slow,blue,squiggle,45.0,35.0,False,False,False,,0,0,0.08542713567839197,0.003200640128025605,0.04195804195804195,0.5,1.0,0.22727272727272724,0.04352860592148652,0.5757575757575758,0.2433616120794763
Dragonair,Dragon,,420,61,84,65,70,70,70,True,dragonair,148.0,147.0,40.0,165.0,2.0,1.0,"shed-skin, marvel-scale",84.0,True,dragonair,generation-i,waters-edge,slow,blue,squiggle,45.0,35.0,False,False,False,dratini,0,1,0.19597989949748745,0.01640328065613123,0.19405594405594404,0.5,1.0,0.22192513368983954,0.13547970806985424,0.5739750445632799,0.4202339302462682
Dragonite,Dragon,Flying,600,91,134,95,100,100,80,True,dragonite,149.0,270.0,22.0,2100.0,2.0,1.0,"inner-focus, multiscale",139.0,True,dragonite,generation-i,waters-edge,slow,brown,upright,45.0,35.0,False,False,False,dragonair,0,1,0.10552763819095479,0.20994198839767952,0.40909090909090906,0.5,1.0,0.3689839572192513,0.24152017855984778,0.622994652406417,0.4716539145305212
Mewtwo,Psychic,,680,106,110,90,154,90,130,True,mewtwo,150.0,306.0,20.0,1220.0,2.0,1.0,"pressure, unnerve",167.0,True,mewtwo,generation-i,rare,slow,purple,upright,3.0,0.0,False,True,False,,1,0,0.09547738693467338,0.12192438487697539,0.4720279720279721,0.5,1.0,0.4438502673796791,0.22980991461320696,0.6479500891265597,0.478123010034586
Mewtwo,Psychic,Fighting,780,106,190,100,154,100,130,True,mewtwo,150.0,306.0,20.0,1220.0,2.0,1.0,"pressure, unnerve",167.0,True,mewtwo,generation-i,rare,slow,purple,upright,3.0,0.0,False,True,False,,1,0,0.09547738693467338,0.12192438487697539,0.4720279720279721,0.5,1.0,0.4438502673796791,0.22980991461320696,0.6479500891265597,0.478123010034586
Mewtwo,Psychic,,780,106,150,70,194,120,140,True,mewtwo,150.0,306.0,20.0,1220.0,2.0,1.0,"pressure, unnerve",167.0,True,mewtwo,generation-i,rare,slow,purple,upright,3.0,0.0,False,True,False,,1,0,0.09547738693467338,0.12192438487697539,0.4720279720279721,0.5,1.0,0.4438502673796791,0.22980991461320696,0.6479500891265597,0.478123010034586
Mew,Psychic,,600,100,100,100,100,100,100,True,mew,151.0,270.0,4.0,40.0,1.0,0.0,synchronize,375.0,True,mew,generation-i,rare,medium-slow,pink,upright,45.0,100.0,False,False,True,,1,0,0.01507537688442211,0.003900780156031206,0.40909090909090906,0.0,0.0,1.0,0.14268902204378744,0.3333333333333333,0.32614003994646956
Chikorita,Grass,,318,45,49,65,49,65,45,True,chikorita,152.0,64.0,9.0,64.0,2.0,1.0,"overgrow, leaf-guard",76.0,True,chikorita,generation-ii,grassland,medium-slow,green,quadruped,45.0,70.0,False,False,False,,0,0,0.04020100502512563,0.00630126025205041,0.048951048951048945,0.5,1.0,0.20053475935828874,0.03181777140940833,0.5668449197860962,0.23628329933726097
Bayleef,Grass,,405,60,62,80,63,80,60,True,bayleef,153.0,142.0,12.0,158.0,2.0,1.0,"overgrow, leaf-guard",78.0,True,bayleef,generation-ii,grassland,medium-slow,green,quadruped,45.0,70.0,False,False,False,chikorita,0,1,0.055276381909547735,0.015703140628125625,0.1853146853146853,0.5,1.0,0.20588235294117646,0.0854314026174529,0.5686274509803921,0.40308040117739274
Meganium,Grass,,525,80,82,100,83,100,80,True,meganium,154.0,236.0,18.0,1005.0,2.0,1.0,"overgrow, leaf-guard",96.0,True,meganium,generation-ii,grassland,medium-slow,green,quadruped,45.0,70.0,False,False,False,bayleef,0,1,0.08542713567839197,0.10042008401680336,0.3496503496503497,0.5,1.0,0.25401069518716574,0.17849918978184834,0.5846702317290552,0.4374178496261766
Cyndaquil,Fire,,309,39,52,43,60,50,65,True,cyndaquil,155.0,62.0,5.0,79.0,2.0,1.0,"blaze, flash-fire",77.0,True,cyndaquil,generation-ii,grassland,medium-slow,yellow,humanoid,45.0,70.0,False,False,False,,0,0,0.020100502512562814,0.007801560312062412,0.04545454545454544,0.5,1.0,0.2032085561497326,0.024452202759723558,0.5677361853832442,0.23443013498121476
Quilava,Fire,,405,58,64,58,80,65,80,True,quilava,156.0,142.0,9.0,190.0,2.0,1.0,"blaze, flash-fire",77.0,True,quilava,generation-ii,grassland,medium-slow,yellow,quadruped,45.0,70.0,False,False,False,cyndaquil,0,1,0.04020100502512563,0.01890378075615123,0.1853146853146853,0.5,1.0,0.2032085561497326,0.08147315703198739,0.5677361853832442,0.4015364212628939
Typhlosion,Fire,,534,78,84,78,109,85,100,True,typhlosion,157.0,240.0,17.0,795.0,2.0,1.0,"blaze, flash-fire",111.0,True,typhlosion,generation-ii,grassland,medium-slow,yellow,quadruped,45.0,70.0,False,False,False,quilava,0,1,0.08040201005025126,0.07941588317663532,0.35664335664335667,0.5,1.0,0.2941176470588235,0.17215374995674773,0.5980392156862745,0.4408618112615341
Typhlosion,Fire,Ghost,534,73,84,78,119,85,95,True,typhlosion,157.0,240.0,17.0,795.0,2.0,1.0,"blaze, flash-fire",111.0,True,typhlosion,generation-ii,grassland,medium-slow,yellow,quadruped,45.0,70.0,False,False,False,quilava,0,1,0.08040201005025126,0.07941588317663532,0.35664335664335667,0.5,1.0,0.2941176470588235,0.17215374995674773,0.5980392156862745,0.4408618112615341
Totodile,Water,,314,50,65,64,44,48,43,True,totodile,158.0,63.0,6.0,95.0,2.0,1.0,"torrent, sheer-force",98.0,True,totodile,generation-ii,waters-edge,medium-slow,blue,upright,45.0,70.0,False,False,False,,0,0,0.025125628140703515,0.009401880376075214,0.0472027972027972,0.5,1.0,0.25935828877005346,0.027243435239858643,0.5864527629233511,0.24275413574129806
Croconaw,Water,,405,65,80,80,59,63,58,True,croconaw,159.0,142.0,11.0,250.0,2.0,1.0,"torrent, sheer-force",100.0,True,croconaw,generation-ii,waters-edge,medium-slow,blue,upright,45.0,70.0,False,False,False,totodile,0,1,0.05025125628140704,0.02490498099619924,0.1853146853146853,0.5,1.0,0.2647058823529411,0.0868236408640972,0.5882352941176471,0.411341209906288
Feraligatr,Water,,530,85,105,100,79,83,78,True,feraligatr,160.0,239.0,23.0,888.0,2.0,1.0,"torrent, sheer-force",119.0,True,feraligatr,generation-ii,waters-edge,medium-slow,blue,upright,45.0,70.0,False,False,False,croconaw,0,1,0.11055276381909548,0.08871774354870973,0.3548951048951049,0.5,1.0,0.3155080213903743,0.18472187075430338,0.605169340463458,0.4474842974116743
Sentret,Normal,,215,35,46,34,35,45,20,True,sentret,161.0,43.0,8.0,60.0,3.0,1.0,"run-away, keen-eye, frisk",100.0,True,sentret,generation-ii,grassland,medium,brown,quadruped,255.0,70.0,False,False,False,,0,0,0.035175879396984924,0.005901180236047209,0.012237762237762226,1.0,1.0,0.2647058823529411,0.017771607290264786,0.7549019607843137,0.307292266500805
Furret,Normal,,415,85,76,64,45,55,90,True,furret,162.0,145.0,18.0,325.0,3.0,1.0,"run-away, keen-eye, frisk",105.0,True,furret,generation-ii,grassland,medium,brown,quadruped,90.0,70.0,False,False,False,sentret,0,1,0.08542713567839197,0.032406481296259254,0.19055944055944055,1.0,1.0,0.2780748663101604,0.10279768584469724,0.7593582887700534,0.4845826212614305
Hoothoot,Normal,Flying,262,60,30,30,36,56,50,True,hoothoot,163.0,52.0,7.0,212.0,3.0,1.0,"insomnia, keen-eye, tinted-lens",92.0,True,hoothoot,generation-ii,forest,medium,brown,wings,255.0,70.0,False,False,False,,0,0,0.03015075376884422,0.021104220844168835,0.02797202797202797,1.0,1.0,0.24331550802139035,0.02640900086168034,0.74777183600713,0.30703143466135613
Noctowl,Normal,Flying,452,100,50,50,86,96,70,True,noctowl,164.0,158.0,16.0,408.0,3.0,1.0,"insomnia, keen-eye, tinted-lens",96.0,True,noctowl,generation-ii,forest,medium,brown,wings,90.0,70.0,False,False,False,hoothoot,0,1,0.07537688442211056,0.040708141628325666,0.21328671328671325,1.0,1.0,0.25401069518716574,0.10979057977904982,0.7513368983957219,0.48347193329200366
Ledyba,Bug,Flying,265,40,20,30,40,80,55,True,ledyba,165.0,53.0,10.0,108.0,3.0,1.0,"swarm, early-bird, rattled",74.0,True,ledyba,generation-ii,forest,fast,red,wings,255.0,70.0,False,False,False,,0,0,0.04522613065326633,0.010702140428085616,0.029720279720279713,1.0,1.0,0.19518716577540104,0.028549516933877223,0.7317290552584671,0.30125647718355003
Ledian,Bug,Flying,390,55,35,50,55,110,85,True,ledian,166.0,137.0,14.0,356.0,3.0,1.0,"swarm, early-bird, iron-fist",73.0,True,ledian,generation-ii,forest,fast,red,wings,90.0,70.0,False,False,False,ledyba,0,1,0.06532663316582915,0.03550710142028406,0.17657342657342656,1.0,1.0,0.19251336898395718,0.0924690537198466,0.7308377896613191,0.47007583198048164
Spinarak,Bug,Poison,250,40,60,40,40,40,30,True,spinarak,167.0,50.0,5.0,85.0,3.0,1.0,"swarm, insomnia, sniper",81.0,True,spinarak,generation-ii,forest,fast,green,armor,255.0,70.0,False,False,False,,0,0,0.020100502512562814,0.008401680336067212,0.024475524475524466,1.0,1.0,0.213903743315508,0.017659235774718163,0.7379679144385026,0.3004849365078165
Ariados,Bug,Poison,400,70,90,70,60,70,40,True,ariados,168.0,140.0,11.0,335.0,3.0,1.0,"swarm, insomnia, sniper",87.0,True,ariados,generation-ii,forest,fast,red,armor,90.0,70.0,False,False,False,spinarak,0,1,0.05025125628140704,0.03340668133626726,0.18181818181818182,1.0,1.0,0.2299465240641711,0.08849203981195204,0.7433155080213903,0.4738738151521418
Crobat,Poison,Flying,535,85,90,80,70,80,130,True,crobat,169.0,241.0,18.0,750.0,2.0,1.0,"inner-focus, infiltrator",81.0,True,crobat,generation-ii,cave,medium,purple,bug-wings,90.0,70.0,False,False,False,golbat,0,1,0.08542713567839197,0.07491498299659931,0.35839160839160844,0.5,1.0,0.213903743315508,0.17291124235553323,0.571301247771836,0.43039387181539435
Chinchou,Water,Electric,330,75,38,38,56,56,67,True,chinchou,170.0,66.0,5.0,120.0,3.0,1.0,"volt-absorb, illuminate, water-absorb",77.0,True,chinchou,generation-ii,sea,slow,blue,fish,190.0,70.0,False,False,False,,0,0,0.020100502512562814,0.011902380476095218,0.05244755244755245,1.0,1.0,0.2032085561497326,0.028150145145403493,0.7344028520499108,0.3022061843635854
Lanturn,Water,Electric,460,125,58,58,76,76,67,True,lanturn,171.0,161.0,12.0,225.0,3.0,1.0,"volt-absorb, illuminate, water-absorb",84.0,True,lanturn,generation-ii,sea,slow,blue,fish,75.0,70.0,False,False,False,chinchou,0,1,0.055276381909547735,0.022404480896179236,0.21853146853146851,1.0,1.0,0.22192513368983954,0.09873744377906517,0.7406417112299465,0.4758779176256982
Pichu,Electric,,205,20,40,15,35,35,60,True,pichu,172.0,41.0,3.0,20.0,2.0,1.0,"static, lightning-rod",86.0,True,pichu,generation-ii,forest,medium,yellow,quadruped,190.0,70.0,True,False,False,,0,0,0.010050251256281405,0.001900380076015203,0.008741258741258737,0.5,1.0,0.22727272727272724,0.006897296691185116,0.5757575757575758,0.23237221931038587
Cleffa,Fairy,,218,50,25,28,45,55,15,True,cleffa,173.0,44.0,3.0,30.0,3.0,1.0,"cute-charm, magic-guard, friend-guard",109.0,True,cleffa,generation-ii,mountain,fast,pink,upright,150.0,140.0,True,False,False,,0,0,0.010050251256281405,0.0029005801160232043,0.013986013986013984,1.0,1.0,0.2887700534759358,0.008978948452772865,0.7629233511586452,0.30786302499928997
Igglybuff,Normal,Fairy,210,90,30,15,40,20,15,True,igglybuff,174.0,42.0,3.0,10.0,3.0,1.0,"cute-charm, competitive, friend-guard",96.0,True,igglybuff,generation-ii,grassland,fast,pink,humanoid,170.0,70.0,True,False,False,,0,0,0.010050251256281405,0.0009001800360072014,0.010489510489510481,1.0,1.0,0.25401069518716574,0.007146647260599696,0.7513368983957219,0.30267875353646867
Togepi,Fairy,,245,35,20,65,40,65,20,True,togepi,175.0,49.0,3.0,15.0,3.0,1.0,"hustle, serene-grace, super-luck",106.0,True,togepi,generation-ii,forest,fast,white,humanoid,190.0,70.0,True,False,False,,0,0,0.010050251256281405,0.001400280056011202,0.02272727272727272,1.0,1.0,0.28074866310160423,0.011392601346521777,0.7602495543672014,0.3075176021508371
Togetic,Fairy,Flying,405,55,40,85,80,105,40,True,togetic,176.0,142.0,6.0,32.0,3.0,1.0,"hustle, serene-grace, super-luck",121.0,True,togetic,generation-ii,forest,fast,white,humanoid,75.0,70.0,False,False,False,togepi,0,1,0.025125628140703515,0.003100620124024805,0.1853146853146853,1.0,1.0,0.320855614973262,0.07118031119313788,0.7736185383244206,0.48080150868770966
Natu,Psychic,Flying,320,40,50,45,70,45,70,True,natu,177.0,64.0,2.0,20.0,3.0,1.0,"synchronize, early-bird, magic-bounce",93.0,True,natu,generation-ii,forest,medium,green,wings,190.0,70.0,False,False,False,,0,0,0.005025125628140704,0.001900380076015203,0.048951048951048945,1.0,1.0,0.2459893048128342,0.018625518218401617,0.7486631016042781,0.30505289610723174
Xatu,Psychic,Flying,470,65,75,70,95,70,95,True,xatu,178.0,165.0,15.0,150.0,3.0,1.0,"synchronize, early-bird, magic-bounce",91.0,True,xatu,generation-ii,forest,medium,green,wings,75.0,70.0,False,False,False,natu,0,1,0.07035175879396986,0.014902980596119223,0.2255244755244755,1.0,1.0,0.2406417112299465,0.10359307163818819,0.7468805704099822,0.47983014965544935
Mareep,Electric,,280,55,40,40,65,45,35,True,mareep,179.0,56.0,6.0,78.0,2.0,1.0,"static, plus",71.0,True,mareep,generation-ii,grassland,medium-slow,white,quadruped,235.0,70.0,False,False,False,,0,0,0.025125628140703515,0.0077015403080616125,0.03496503496503496,0.5,1.0,0.1871657754010695,0.022597401137933362,0.5623885918003565,0.23173465706152263
Flaaffy,Electric,,365,70,55,55,80,60,45,True,flaaffy,180.0,128.0,8.0,133.0,2.0,1.0,"static, plus",83.0,True,flaaffy,generation-ii,grassland,medium-slow,pink,upright,120.0,70.0,False,False,False,mareep,0,1,0.035175879396984924,0.01320264052810562,0.16083916083916083,0.5,1.0,0.2192513368983957,0.06973922692141712,0.5730837789661319,0.4001552796628779
Ampharos,Electric,,510,90,75,85,115,90,55,True,ampharos,181.0,230.0,14.0,615.0,2.0,1.0,"static, plus",104.0,True,ampharos,generation-ii,grassland,medium-slow,yellow,upright,45.0,70.0,False,False,False,flaaffy,0,1,0.06532663316582915,0.0614122824564913,0.33916083916083917,0.5,1.0,0.27540106951871657,0.1552999182610532,0.5918003565062389,0.43331011808081155
Ampharos,Electric,Dragon,610,90,95,105,165,110,45,True,ampharos,181.0,230.0,14.0,615.0,2.0,1.0,"static, plus",104.0,True,ampharos,generation-ii,grassland,medium-slow,yellow,upright,45.0,70.0,False,False,False,flaaffy,0,1,0.06532663316582915,0.0614122824564913,0.33916083916083917,0.5,1.0,0.27540106951871657,0.1552999182610532,0.5918003565062389,0.43331011808081155
Bellossom,Grass,,490,75,80,95,90,100,50,True,bellossom,182.0,221.0,4.0,58.0,2.0,1.0,"chlorophyll, healer",86.0,True,bellossom,generation-ii,grassland,medium-slow,green,humanoid,45.0,70.0,False,False,False,gloom,0,1,0.01507537688442211,0.00570114022804561,0.32342657342657344,0.5,1.0,0.22727272727272724,0.1147343635130137,0.5757575757575758,0.4147233393569345
Marill,Water,Fairy,250,70,20,50,20,50,40,True,marill,183.0,88.0,4.0,85.0,3.0,1.0,"thick-fat, huge-power, sap-sipper",109.0,True,marill,generation-ii,waters-edge,fast,blue,upright,190.0,70.0,False,False,False,azurill,0,1,0.01507537688442211,0.008401680336067212,0.09090909090909091,1.0,1.0,0.2887700534759358,0.03812871604319341,0.7629233511586452,0.4666079552764162
Azumarill,Water,Fairy,420,100,50,80,60,80,50,True,azumarill,184.0,189.0,8.0,285.0,3.0,1.0,"thick-fat, huge-power, sap-sipper",107.0,True,azumarill,generation-ii,waters-edge,fast,blue,upright,75.0,70.0,False,False,False,marill,0,1,0.035175879396984924,0.028405681136227247,0.2674825174825175,1.0,1.0,0.2834224598930481,0.1103546926719099,0.7611408199643493,0.4875627357873127
Sudowoodo,Rock,,410,70,100,115,30,65,30,True,sudowoodo,185.0,144.0,12.0,380.0,3.0,1.0,"sturdy, rock-head, rattled",101.0,True,sudowoodo,generation-ii,forest,medium,brown,humanoid,65.0,70.0,False,False,False,bonsly,0,1,0.055276381909547735,0.03790758151630326,0.18881118881118883,1.0,1.0,0.267379679144385,0.09399838407901329,0.7557932263814617,0.48051680577628875
Politoed,Water,,500,90,75,75,90,100,70,True,politoed,186.0,225.0,11.0,339.0,3.0,1.0,"water-absorb, damp, drizzle",92.0,True,politoed,generation-ii,waters-edge,medium-slow,green,humanoid,45.0,70.0,False,False,False,poliwhirl,0,1,0.05025125628140704,0.033806761352270454,0.3304195804195804,1.0,1.0,0.24331550802139035,0.13815919935108598,0.74777183600713,0.4905564942081778
Hoppip,Grass,Flying,250,35,35,40,35,55,50,True,hoppip,187.0,50.0,4.0,5.0,3.0,1.0,"chlorophyll, leaf-guard, infiltrator",83.0,True,hoppip,generation-ii,grassland,medium-slow,pink,upright,255.0,70.0,False,False,False,,0,0,0.01507537688442211,0.00040008001600320064,0.024475524475524466,1.0,1.0,0.2192513368983957,0.013316993791983258,0.7397504456327986,0.2998952763907144
Skiploom,Grass,Flying,340,55,45,50,45,65,80,True,skiploom,188.0,119.0,6.0,10.0,3.0,1.0,"chlorophyll, leaf-guard, infiltrator",75.0,True,skiploom,generation-ii,grassland,medium-slow,green,upright,120.0,70.0,False,False,False,hoppip,0,1,0.025125628140703515,0.0009001800360072014,0.1451048951048951,1.0,1.0,0.1978609625668449,0.05704356776053527,0.7326203208556149,0.4601611986704065
Jumpluff,Grass,Flying,460,75,55,70,55,95,110,True,jumpluff,189.0,207.0,8.0,30.0,3.0,1.0,"chlorophyll, leaf-guard, infiltrator",78.0,True,jumpluff,generation-ii,grassland,medium-slow,blue,upright,45.0,70.0,False,False,False,skiploom,0,1,0.035175879396984924,0.0029005801160232043,0.29895104895104896,1.0,1.0,0.20588235294117646,0.11234250282135237,0.7352941176470589,0.47782039790522923
Aipom,Normal,,360,55,70,55,40,55,85,True,aipom,190.0,72.0,8.0,115.0,3.0,1.0,"run-away, pickup, skill-link",115.0,True,aipom,generation-ii,forest,fast,purple,upright,45.0,70.0,False,False,False,,0,0,0.035175879396984924,0.011402280456091218,0.06293706293706294,1.0,1.0,0.3048128342245989,0.0365050742633797,0.7682709447415329,0.3182599001756271
Sunkern,Grass,,180,30,30,30,30,30,30,True,sunkern,191.0,36.0,3.0,18.0,3.0,1.0,"chlorophyll, solar-power, early-bird",63.0,True,sunkern,generation-ii,grassland,medium-slow,yellow,ball,235.0,70.0,False,False,False,,0,0,0.010050251256281405,0.0017003400680136028,0.0,1.0,1.0,0.16577540106951869,0.003916863774765003,0.7219251336898395,0.2899451126083653
Sunflora,Grass,,425,75,75,55,105,85,30,True,sunflora,192.0,149.0,8.0,85.0,3.0,1.0,"chlorophyll, solar-power, early-bird",69.0,True,sunflora,generation-ii,grassland,medium-slow,yellow,humanoid,120.0,70.0,False,False,False,sunkern,0,1,0.035175879396984924,0.008401680336067212,0.19755244755244752,1.0,1.0,0.1818181818181818,0.08037666909516655,0.7272727272727272,0.46502209163764086
Yanma,Bug,Flying,390,65,65,45,75,45,95,True,yanma,193.0,78.0,12.0,380.0,3.0,1.0,"speed-boost, compound-eyes, frisk",73.0,True,yanma,generation-ii,forest,medium,red,bug-wings,75.0,70.0,False,False,False,,0,0,0.055276381909547735,0.03790758151630326,0.07342657342657341,1.0,1.0,0.19251336898395718,0.0555368456174748,0.7308377896613191,0.3089961695497701
Wooper,Water,Ground,210,55,45,45,25,25,15,True,wooper,194.0,42.0,4.0,85.0,3.0,1.0,"damp, water-absorb, unaware",92.0,True,wooper,generation-ii,waters-edge,medium,blue,legs,255.0,70.0,False,False,False,,0,0,0.01507537688442211,0.008401680336067212,0.010489510489510481,1.0,1.0,0.24331550802139035,0.011322189236666601,0.74777183600713,0.302505391173852
Wooper,Poison,Ground,210,55,45,45,25,25,15,True,wooper,194.0,42.0,4.0,85.0,3.0,1.0,"damp, water-absorb, unaware",92.0,True,wooper,generation-ii,waters-edge,medium,blue,legs,255.0,70.0,False,False,False,,0,0,0.01507537688442211,0.008401680336067212,0.010489510489510481,1.0,1.0,0.24331550802139035,0.011322189236666601,0.74777183600713,0.302505391173852
Quagsire,Water,Ground,430,95,85,85,65,65,35,True,quagsire,195.0,151.0,14.0,750.0,3.0,1.0,"damp, water-absorb, unaware",102.0,True,quagsire,generation-ii,waters-edge,medium,blue,upright,90.0,70.0,False,False,False,wooper,0,1,0.06532663316582915,0.07491498299659931,0.20104895104895107,1.0,1.0,0.27005347593582885,0.11376352240379317,0.7566844919786097,0.4868028535125819
Espeon,Psychic,,525,65,65,60,130,95,110,True,espeon,196.0,184.0,9.0,265.0,2.0,1.0,"synchronize, magic-bounce",106.0,True,espeon,generation-ii,urban,medium,purple,quadruped,45.0,70.0,False,False,False,eevee,0,1,0.04020100502512563,0.026405281056211243,0.25874125874125875,0.5,1.0,0.28074866310160423,0.10844918160753188,0.5935828877005348,0.41996790956247354
Umbreon,Dark,,525,95,65,110,60,130,65,True,umbreon,197.0,184.0,10.0,270.0,2.0,1.0,"synchronize, inner-focus",102.0,True,umbreon,generation-ii,urban,medium,black,quadruped,45.0,35.0,False,False,False,eevee,0,1,0.04522613065326633,0.026905381076215245,0.25874125874125875,0.5,1.0,0.27005347593582885,0.11029092349024677,0.5900178253119429,0.4190944071718512
Murkrow,Dark,Flying,405,60,85,42,85,42,91,True,murkrow,198.0,81.0,5.0,21.0,3.0,1.0,"insomnia, super-luck, prankster",98.0,True,murkrow,generation-ii,forest,medium-slow,black,wings,30.0,35.0,False,False,False,,0,0,0.020100502512562814,0.002000400080016003,0.07867132867132867,1.0,1.0,0.25935828877005346,0.03359074375463583,0.7531194295900178,0.3113249949623979
Slowking,Water,Psychic,490,95,75,80,100,110,30,True,slowking,199.0,172.0,20.0,795.0,3.0,1.0,"oblivious, own-tempo, regenerator",137.0,True,slowking,generation-ii,waters-edge,medium,pink,upright,70.0,70.0,False,False,False,slowpoke,0,1,0.09547738693467338,0.07941588317663532,0.23776223776223773,1.0,1.0,0.3636363636363636,0.1375518359578488,0.787878787878788,0.5064170659388698
Slowking,Poison,Psychic,490,95,65,80,110,110,30,True,slowking,199.0,172.0,20.0,795.0,3.0,1.0,"oblivious, own-tempo, regenerator",137.0,True,slowking,generation-ii,waters-edge,medium,pink,upright,70.0,70.0,False,False,False,slowpoke,0,1,0.09547738693467338,0.07941588317663532,0.23776223776223773,1.0,1.0,0.3636363636363636,0.1375518359578488,0.787878787878788,0.5064170659388698
Misdreavus,Ghost,,435,60,60,60,85,85,85,True,misdreavus,200.0,87.0,7.0,10.0,1.0,0.0,levitate,108.0,True,misdreavus,generation-ii,cave,fast,gray,ball,45.0,35.0,False,False,False,,0,0,0.03015075376884422,0.0009001800360072014,0.08916083916083917,0.0,0.0,0.28609625668449196,0.04007059098856353,0.09536541889483065,0.050167344854501326
Unown,Psychic,,336,48,72,48,72,48,48,True,unown,201.0,118.0,5.0,50.0,1.0,0.0,levitate,1.0,True,unown,generation-ii,rare,medium,black,ball,225.0,70.0,False,False,False,,0,0,0.020100502512562814,0.004900980196039208,0.14335664335664336,0.0,0.0,0.0,0.056119375355081796,0.0,0.016835812606524538
Wobbuffet,Psychic,,405,190,33,58,33,58,33,True,wobbuffet,202.0,142.0,13.0,285.0,2.0,1.0,"shadow-tag, telepathy",8.0,True,wobbuffet,generation-ii,cave,medium,blue,blob,45.0,70.0,False,False,False,wynaut,0,1,0.06030150753768845,0.028405681136227247,0.1853146853146853,0.5,1.0,0.01871657754010695,0.091340624662867,0.5062388591800356,0.3798977310708744
Girafarig,Normal,Psychic,455,70,80,65,90,65,85,True,girafarig,203.0,159.0,15.0,415.0,3.0,1.0,"inner-focus, early-bird, sap-sipper",112.0,True,girafarig,generation-ii,grassland,medium,yellow,quadruped,60.0,70.0,False,False,False,,0,0,0.07035175879396986,0.041408281656331265,0.21503496503496503,1.0,1.0,0.29679144385026734,0.10893166849508873,0.7655971479500892,0.3389183597285623
Pineco,Bug,,290,50,65,90,35,35,15,True,pineco,204.0,58.0,6.0,72.0,2.0,1.0,"sturdy, overcoat",79.0,True,pineco,generation-ii,forest,medium,gray,ball,190.0,70.0,False,False,False,,0,0,0.025125628140703515,0.007101420284056812,0.03846153846153845,0.5,1.0,0.2085561497326203,0.02356286229543293,0.56951871657754,0.2348763453196459
Forretress,Bug,Steel,465,75,90,140,60,60,40,True,forretress,205.0,163.0,12.0,1258.0,2.0,1.0,"sturdy, overcoat",101.0,True,forretress,generation-ii,forest,medium,purple,ball,75.0,70.0,False,False,False,pineco,0,1,0.055276381909547735,0.1257251450290058,0.222027972027972,0.5,1.0,0.267379679144385,0.13434316632217516,0.589126559714795,0.4259535737825706
Dunsparce,Normal,,415,100,70,70,65,65,45,True,dunsparce,206.0,145.0,15.0,140.0,3.0,1.0,"serene-grace, run-away, rattled",116.0,True,dunsparce,generation-ii,cave,medium,yellow,squiggle,190.0,70.0,False,False,False,,0,0,0.07035175879396986,0.013902780556111221,0.19055944055944055,1.0,1.0,0.30748663101604273,0.09160465996984053,0.7691622103386809,0.33514628212642456
Gligar,Ground,Flying,430,65,75,105,35,65,85,True,gligar,207.0,86.0,11.0,648.0,3.0,1.0,"hyper-cutter, sand-veil, immunity",112.0,True,gligar,generation-ii,mountain,medium-slow,purple,wings,60.0,70.0,False,False,False,,0,0,0.05025125628140704,0.0647129425885177,0.0874125874125874,1.0,1.0,0.29679144385026734,0.06745892876083738,0.7655971479500892,0.3264765378082869
Steelix,Steel,Ground,510,75,85,200,55,65,30,True,steelix,208.0,179.0,92.0,4000.0,3.0,1.0,"rock-head, sturdy, sheer-force",100.0,True,steelix,generation-ii,cave,medium,gray,squiggle,25.0,70.0,False,False,False,onix,0,1,0.457286432160804,0.39997999599919987,0.24999999999999997,1.0,1.0,0.2647058823529411,0.36908880938666794,0.7549019607843137,0.5626874271297259
Steelix,Steel,Ground,610,75,125,230,55,95,30,True,steelix,208.0,179.0,92.0,4000.0,3.0,1.0,"rock-head, sturdy, sheer-force",100.0,True,steelix,generation-ii,cave,medium,gray,squiggle,25.0,70.0,False,False,False,onix,0,1,0.457286432160804,0.39997999599919987,0.24999999999999997,1.0,1.0,0.2647058823529411,0.36908880938666794,0.7549019607843137,0.5626874271297259
Snubbull,Fairy,,300,60,80,50,40,40,30,True,snubbull,209.0,60.0,6.0,78.0,3.0,1.0,"intimidate, run-away, rattled",111.0,True,snubbull,generation-ii,urban,fast,pink,humanoid,190.0,70.0,False,False,False,,0,0,0.025125628140703515,0.0077015403080616125,0.04195804195804195,1.0,1.0,0.2941176470588235,0.024928403468935694,0.7647058823529411,0.3133608739818572
Granbull,Fairy,,450,90,120,75,60,60,45,True,granbull,210.0,158.0,14.0,487.0,3.0,1.0,"intimidate, quick-feet, rattled",118.0,True,granbull,generation-ii,urban,fast,purple,upright,75.0,70.0,False,False,False,snubbull,0,1,0.06532663316582915,0.04860972194438888,0.21328671328671325,1.0,1.0,0.31283422459893045,0.10907435613231042,0.7709447415329769,0.49110020345288385
Qwilfish,Water,Poison,440,65,95,85,55,55,85,True,qwilfish,211.0,88.0,5.0,39.0,3.0,1.0,"poison-point, swift-swim, intimidate",99.0,True,qwilfish,generation-ii,sea,medium,gray,fish,45.0,70.0,False,False,False,,0,0,0.020100502512562814,0.003800760152030406,0.09090909090909091,1.0,1.0,0.2620320855614973,0.03827011785789471,0.7540106951871658,0.3130853134322348
Qwilfish,Dark,Poison,440,65,95,85,55,55,85,True,qwilfish,211.0,88.0,5.0,39.0,3.0,1.0,"poison-point, swift-swim, intimidate",99.0,True,qwilfish,generation-ii,sea,medium,gray,fish,45.0,70.0,False,False,False,,0,0,0.020100502512562814,0.003800760152030406,0.09090909090909091,1.0,1.0,0.2620320855614973,0.03827011785789471,0.7540106951871658,0.3130853134322348
Scizor,Bug,Steel,500,70,130,100,55,80,65,True,scizor,212.0,175.0,18.0,1180.0,3.0,1.0,"swarm, technician, light-metal",98.0,True,scizor,generation-ii,grassland,medium,red,bug-wings,25.0,70.0,False,False,False,scyther,0,1,0.08542713567839197,0.11792358471694338,0.243006993006993,1.0,1.0,0.25935828877005346,0.14878590446744278,0.7531194295900178,0.49588354317623995
Scizor,Bug,Steel,600,70,150,140,65,100,75,True,scizor,212.0,175.0,18.0,1180.0,3.0,1.0,"swarm, technician, light-metal",98.0,True,scizor,generation-ii,grassland,medium,red,bug-wings,25.0,70.0,False,False,False,scyther,0,1,0.08542713567839197,0.11792358471694338,0.243006993006993,1.0,1.0,0.25935828877005346,0.14878590446744278,0.7531194295900178,0.49588354317623995
Shuckle,Bug,Rock,505,20,10,230,10,230,5,True,shuckle,213.0,177.0,6.0,205.0,3.0,1.0,"sturdy, gluttony, contrary",81.0,True,shuckle,generation-ii,mountain,medium-slow,yellow,armor,190.0,70.0,False,False,False,,0,0,0.025125628140703515,0.020404080816163232,0.24650349650349648,1.0,1.0,0.213903743315508,0.09734440182012107,0.7379679144385026,0.32439048632143735
Heracross,Bug,Fighting,500,80,125,75,40,95,85,True,heracross,214.0,175.0,15.0,540.0,3.0,1.0,"swarm, guts, moxie",100.0,True,heracross,generation-ii,forest,slow,blue,humanoid,45.0,70.0,False,False,False,,0,0,0.07035175879396986,0.05391078215643129,0.243006993006993,1.0,1.0,0.2647058823529411,0.12242317798579805,0.7549019607843137,0.3386877377094649
Heracross,Bug,Fighting,600,80,185,115,40,105,75,True,heracross,214.0,175.0,15.0,540.0,3.0,1.0,"swarm, guts, moxie",100.0,True,heracross,generation-ii,forest,slow,blue,humanoid,45.0,70.0,False,False,False,,0,0,0.07035175879396986,0.05391078215643129,0.243006993006993,1.0,1.0,0.2647058823529411,0.12242317798579805,0.7549019607843137,0.3386877377094649
Sneasel,Dark,Ice,430,55,95,55,35,75,115,True,sneasel,215.0,86.0,9.0,280.0,3.0,1.0,"inner-focus, keen-eye, pickpocket",117.0,True,sneasel,generation-ii,forest,medium-slow,black,upright,60.0,35.0,False,False,False,,0,0,0.04020100502512563,0.027905581116223245,0.0874125874125874,1.0,1.0,0.3101604278074866,0.051839724517978754,0.7700534759358288,0.3235733077297252
Sneasel,Fighting,Poison,430,55,95,55,35,75,115,True,sneasel,215.0,86.0,9.0,280.0,3.0,1.0,"inner-focus, keen-eye, pickpocket",117.0,True,sneasel,generation-ii,forest,medium-slow,black,upright,60.0,35.0,False,False,False,,0,0,0.04020100502512563,0.027905581116223245,0.0874125874125874,1.0,1.0,0.3101604278074866,0.051839724517978754,0.7700534759358288,0.3235733077297252
Teddiursa,Normal,,330,60,80,50,50,50,40,True,teddiursa,216.0,66.0,6.0,88.0,3.0,1.0,"pickup, quick-feet, honey-gather",104.0,True,teddiursa,generation-ii,mountain,medium,brown,upright,120.0,70.0,False,False,False,,0,0,0.025125628140703515,0.008701740348069613,0.05244755244755245,1.0,1.0,0.27540106951871657,0.028758306978775194,0.7584670231729055,0.3120143013627948
Ursaring,Normal,,500,90,130,75,75,75,55,True,ursaring,217.0,175.0,18.0,1258.0,3.0,1.0,"guts, quick-feet, unnerve",107.0,True,ursaring,generation-ii,mountain,medium,brown,upright,60.0,70.0,False,False,False,teddiursa,0,1,0.08542713567839197,0.1257251450290058,0.243006993006993,1.0,1.0,0.2834224598930481,0.1513864245714636,0.7611408199643493,0.49987225535717883
Slugma,Fire,,250,40,40,40,70,40,20,True,slugma,218.0,50.0,7.0,350.0,3.0,1.0,"magma-armor, flame-body, weak-armor",80.0,True,slugma,generation-ii,mountain,medium,red,squiggle,190.0,70.0,False,False,False,,0,0,0.03015075376884422,0.034906981396279256,0.024475524475524466,1.0,1.0,0.21122994652406415,0.02984441988021598,0.7370766488413548,0.3037839855006067
Magcargo,Fire,Rock,430,60,50,120,90,80,30,True,magcargo,219.0,151.0,8.0,550.0,3.0,1.0,"magma-armor, flame-body, weak-armor",91.0,True,magcargo,generation-ii,mountain,medium,red,squiggle,75.0,70.0,False,False,False,slugma,0,1,0.035175879396984924,0.05491098219643929,0.20104895104895107,1.0,1.0,0.2406417112299465,0.09704527088079178,0.7468805704099822,0.4778658094282304
Swinub,Ice,Ground,250,50,50,40,30,30,50,True,swinub,220.0,50.0,4.0,65.0,3.0,1.0,"oblivious, snow-cloak, thick-fat",78.0,True,swinub,generation-ii,cave,slow,brown,quadruped,225.0,70.0,False,False,False,,0,0,0.01507537688442211,0.00640128025605121,0.024475524475524466,1.0,1.0,0.20588235294117646,0.015317393871999263,0.7352941176470589,0.29871286522042334
Piloswine,Ice,Ground,450,100,100,80,60,60,50,True,piloswine,221.0,158.0,11.0,558.0,3.0,1.0,"oblivious, snow-cloak, thick-fat",85.0,True,piloswine,generation-ii,cave,slow,brown,quadruped,75.0,70.0,False,False,False,swinub,0,1,0.05025125628140704,0.05571114222844569,0.21328671328671325,1.0,1.0,0.2245989304812834,0.10641637059885534,0.7415329768270945,0.4785381019104944
Corsola,Water,Rock,410,65,55,95,65,95,35,True,corsola,222.0,144.0,6.0,50.0,3.0,1.0,"hustle, natural-cure, regenerator",94.0,True,corsola,generation-ii,sea,fast,pink,armor,60.0,70.0,False,False,False,,0,0,0.025125628140703515,0.004900980196039208,0.18881118881118883,1.0,1.0,0.24866310160427807,0.07294593238264385,0.749554367201426,0.32170552659536356
Corsola,Ghost,,410,60,55,100,65,100,30,True,corsola,222.0,144.0,6.0,50.0,3.0,1.0,"hustle, natural-cure, regenerator",94.0,True,corsola,generation-ii,sea,fast,pink,armor,60.0,70.0,False,False,False,,0,0,0.025125628140703515,0.004900980196039208,0.18881118881118883,1.0,1.0,0.24866310160427807,0.07294593238264385,0.749554367201426,0.32170552659536356
Remoraid,Water,,300,35,65,35,65,35,65,True,remoraid,223.0,60.0,6.0,120.0,3.0,1.0,"hustle, sniper, moody",73.0,True,remoraid,generation-ii,sea,medium,gray,fish,190.0,70.0,False,False,False,,0,0,0.025125628140703515,0.011902380476095218,0.04195804195804195,1.0,1.0,0.19251336898395718,0.026328683524946894,0.7308377896613191,0.3002337209220117
Octillery,Water,,480,75,105,75,105,75,45,True,octillery,224.0,168.0,9.0,285.0,3.0,1.0,"suction-cups, sniper, moody",81.0,True,octillery,generation-ii,sea,medium,red,tentacles,75.0,70.0,False,False,False,remoraid,0,1,0.04020100502512563,0.028405681136227247,0.23076923076923075,1.0,1.0,0.213903743315508,0.09979197231019454,0.7379679144385026,0.4751247574684594
Delibird,Ice,Flying,330,45,55,45,65,45,75,True,delibird,225.0,116.0,9.0,160.0,3.0,1.0,"vital-spirit, hustle, insomnia",101.0,True,delibird,generation-ii,mountain,fast,red,wings,45.0,70.0,False,False,False,,0,0,0.04020100502512563,0.015903180636127227,0.13986013986013984,1.0,1.0,0.267379679144385,0.06532144184046423,0.7557932263814617,0.321913723104724
Mantine,Water,Flying,485,85,40,70,80,140,70,True,mantine,226.0,170.0,21.0,2200.0,3.0,1.0,"swift-swim, water-absorb, water-veil",87.0,True,mantine,generation-ii,sea,slow,purple,wings,25.0,70.0,False,False,False,mantyke,0,1,0.10050251256281408,0.21994398879775956,0.23426573426573424,1.0,1.0,0.2299465240641711,0.18490407854210264,0.7433155080213903,0.5027974267711869
Skarmory,Steel,Flying,465,65,80,140,40,70,70,True,skarmory,227.0,163.0,17.0,505.0,3.0,1.0,"keen-eye, sturdy, weak-armor",90.0,True,skarmory,generation-ii,rough-terrain,slow,gray,wings,25.0,70.0,False,False,False,,0,0,0.08040201005025126,0.05041008201640328,0.222027972027972,1.0,1.0,0.23796791443850265,0.11761335469820884,0.7459893048128342,0.33367972833459636
Houndour,Dark,Fire,330,45,60,30,80,50,65,True,houndour,228.0,66.0,6.0,108.0,3.0,1.0,"early-bird, flash-fire, unnerve",95.0,True,houndour,generation-ii,rough-terrain,slow,black,quadruped,120.0,35.0,False,False,False,,0,0,0.025125628140703515,0.010702140428085616,0.05244755244755245,1.0,1.0,0.2513368983957219,0.029425107005447194,0.750445632798574,0.3090057852210638
Houndoom,Dark,Fire,500,75,90,50,110,80,95,True,houndoom,229.0,175.0,14.0,350.0,3.0,1.0,"early-bird, flash-fire, unnerve",98.0,True,houndoom,generation-ii,rough-terrain,slow,black,quadruped,45.0,35.0,False,False,False,houndour,0,1,0.06532663316582915,0.034906981396279256,0.243006993006993,1.0,1.0,0.25935828877005346,0.11441353585636714,0.7531194295900178,0.48557183259291725
Houndoom,Dark,Fire,600,75,90,90,140,90,115,True,houndoom,229.0,175.0,14.0,350.0,3.0,1.0,"early-bird, flash-fire, unnerve",98.0,True,houndoom,generation-ii,rough-terrain,slow,black,quadruped,45.0,35.0,False,False,False,houndour,0,1,0.06532663316582915,0.034906981396279256,0.243006993006993,1.0,1.0,0.25935828877005346,0.11441353585636714,0.7531194295900178,0.48557183259291725
Kingdra,Water,Dragon,540,75,95,95,95,95,85,True,kingdra,230.0,243.0,18.0,1520.0,3.0,1.0,"swift-swim, sniper, damp",78.0,True,kingdra,generation-ii,sea,medium,blue,blob,45.0,70.0,False,False,False,seadra,0,1,0.08542713567839197,0.15193038607721543,0.3618881118881119,1.0,1.0,0.20588235294117646,0.19974854454790644,0.7352941176470589,0.5040422104231954
Phanpy,Ground,,330,90,60,60,40,40,40,True,phanpy,231.0,66.0,5.0,335.0,2.0,1.0,"pickup, sand-veil",77.0,True,phanpy,generation-ii,rough-terrain,medium,blue,quadruped,120.0,70.0,False,False,False,,0,0,0.020100502512562814,0.03340668133626726,0.05244755244755245,0.5,1.0,0.2032085561497326,0.035318245432127506,0.5677361853832442,0.23768994778293595
Donphan,Ground,,500,90,120,120,60,60,50,True,donphan,232.0,175.0,11.0,1200.0,2.0,1.0,"sturdy, sand-veil",94.0,True,donphan,generation-ii,rough-terrain,medium,gray,quadruped,60.0,70.0,False,False,False,phanpy,0,1,0.05025125628140704,0.11992398479695938,0.243006993006993,0.5,1.0,0.24866310160427807,0.13772741136178648,0.5828877005347594,0.42447330362243973
Porygon2,Normal,,515,85,80,90,105,95,60,True,porygon2,233.0,180.0,6.0,325.0,3.0,1.0,"trace, download, analytic",78.0,True,porygon2,generation-ii,urban,medium,red,legs,45.0,70.0,False,False,False,porygon,0,1,0.025125628140703515,0.032406481296259254,0.2517482517482518,1.0,1.0,0.20588235294117646,0.10309345372840484,0.7352941176470589,0.47504568317734497
Stantler,Normal,,465,73,95,62,85,65,85,True,stantler,234.0,163.0,14.0,712.0,3.0,1.0,"intimidate, frisk, sap-sipper",103.0,True,stantler,generation-ii,forest,slow,brown,quadruped,45.0,70.0,False,False,False,,0,0,0.06532663316582915,0.0711142228445689,0.222027972027972,1.0,1.0,0.2727272727272727,0.11948960934612336,0.7575757575757575,0.33887718583414
Smeargle,Normal,,250,55,20,35,20,45,75,True,smeargle,235.0,88.0,12.0,580.0,3.0,1.0,"own-tempo, technician, moody",1.0,True,smeargle,generation-ii,urban,fast,white,upright,45.0,70.0,False,False,False,,0,0,0.055276381909547735,0.057911582316463296,0.09090909090909091,1.0,1.0,0.0,0.06803235171170065,0.6666666666666666,0.28707637218017684
Tyrogue,Fighting,,210,35,35,35,35,35,35,True,tyrogue,236.0,42.0,7.0,210.0,3.0,1.0,"guts, steadfast, vital-spirit",66.0,True,tyrogue,generation-ii,urban,medium,purple,humanoid,75.0,70.0,True,False,False,,0,0,0.03015075376884422,0.020904180836167234,0.010489510489510481,1.0,1.0,0.17379679144385024,0.020514815031507313,0.7245989304812834,0.29599401670196557
Hitmontop,Fighting,,455,50,95,95,35,110,70,True,hitmontop,237.0,159.0,14.0,480.0,3.0,1.0,"intimidate, technician, steadfast",89.0,True,hitmontop,generation-ii,urban,medium,brown,upright,45.0,70.0,False,False,False,tyrogue,0,1,0.06532663316582915,0.047909581916383275,0.21503496503496503,1.0,1.0,0.2352941176470588,0.10942372670572582,0.7450980392156863,0.48086633369799225
Smoochum,Ice,Psychic,305,45,30,15,85,65,65,True,smoochum,238.0,61.0,4.0,60.0,3.0,1.0,"oblivious, forewarn, hydration",93.0,True,smoochum,generation-ii,urban,medium,pink,humanoid,45.0,70.0,True,False,False,,0,0,0.01507537688442211,0.005901180236047209,0.0437062937062937,1.0,1.0,0.2459893048128342,0.021560950275587673,0.7486631016042781,0.3059335257243876
Elekid,Electric,,360,45,63,37,65,55,95,True,elekid,239.0,72.0,6.0,235.0,2.0,1.0,"static, vital-spirit",87.0,True,elekid,generation-ii,grassland,medium,yellow,humanoid,45.0,70.0,True,False,False,,0,0,0.025125628140703515,0.02340468093618724,0.06293706293706294,0.5,1.0,0.2299465240641711,0.0371557906713179,0.5766488413547237,0.24180627374328487
Magby,Fire,,365,45,75,37,70,55,83,True,magby,240.0,73.0,7.0,214.0,2.0,1.0,"flame-body, vital-spirit",85.0,True,magby,generation-ii,mountain,medium,red,upright,45.0,70.0,True,False,False,,0,0,0.03015075376884422,0.021304260852170437,0.06468531468531469,0.5,1.0,0.2245989304812834,0.03871344310210978,0.5748663101604278,0.24156055699480405
Miltank,Normal,,490,95,80,105,40,70,100,True,miltank,241.0,172.0,12.0,755.0,3.0,1.0,"thick-fat, scrappy, sap-sipper",99.0,True,miltank,generation-ii,grassland,slow,pink,upright,45.0,70.0,False,False,False,,0,0,0.055276381909547735,0.07541508301660331,0.23776223776223773,1.0,1.0,0.2620320855614973,0.1228179008961296,0.7540106951871658,0.3384496483437052
Blissey,Normal,,540,255,10,10,75,135,55,True,blissey,242.0,608.0,15.0,468.0,3.0,1.0,"natural-cure, serene-grace, healer",137.0,True,blissey,generation-ii,urban,fast,pink,humanoid,30.0,140.0,False,False,False,chansey,0,1,0.07035175879396986,0.04670934186837367,1.0,1.0,1.0,0.3636363636363636,0.3723537002207811,0.787878787878788,0.5768576252177495
Raikou,Electric,,580,90,85,75,115,100,115,True,raikou,243.0,261.0,19.0,1780.0,2.0,1.0,"pressure, inner-focus",86.0,True,raikou,generation-ii,grassland,slow,yellow,quadruped,3.0,35.0,False,True,False,,1,0,0.09045226130653267,0.17793558711742347,0.39335664335664333,0.5,1.0,0.22727272727272724,0.22058149726019982,0.5757575757575758,0.4464774794810903
Entei,Fire,,580,115,115,85,90,75,100,True,entei,244.0,261.0,21.0,1980.0,2.0,1.0,"pressure, inner-focus",81.0,True,entei,generation-ii,grassland,slow,brown,quadruped,3.0,35.0,False,True,False,,1,0,0.10050251256281408,0.1979395879175835,0.39335664335664333,0.5,1.0,0.213903743315508,0.23059958127901367,0.571301247771836,0.4477003734924385
Suicune,Water,,580,100,75,115,90,115,85,True,suicune,245.0,261.0,20.0,1870.0,2.0,1.0,"pressure, inner-focus",84.0,True,suicune,generation-ii,grassland,slow,blue,quadruped,3.0,35.0,False,True,False,,1,0,0.09547738693467338,0.1869373874774955,0.39335664335664333,0.5,1.0,0.22192513368983954,0.22525713925627075,0.5739750445632799,0.4471671596021932
Larvitar,Rock,Ground,300,50,64,50,45,50,41,True,larvitar,246.0,60.0,6.0,720.0,2.0,1.0,"guts, sand-veil",80.0,True,larvitar,generation-ii,mountain,slow,green,upright,45.0,35.0,False,False,False,,0,0,0.025125628140703515,0.07191438287657531,0.04195804195804195,0.5,1.0,0.21122994652406415,0.046332684325106926,0.5704099821746881,0.2420637981674073
Pupitar,Rock,Ground,410,70,84,70,65,70,51,True,pupitar,247.0,144.0,12.0,1520.0,1.0,0.0,shed-skin,81.0,True,pupitar,generation-ii,mountain,slow,gray,squiggle,45.0,35.0,False,False,False,larvitar,0,1,0.055276381909547735,0.15193038607721543,0.18881118881118883,0.0,0.0,0.213903743315508,0.13200598559931734,0.071301247771836,0.2181222947885296
Tyranitar,Rock,Dark,600,100,134,110,95,100,61,True,tyranitar,248.0,270.0,20.0,2020.0,2.0,1.0,"sand-stream, unnerve",134.0,True,tyranitar,generation-ii,mountain,slow,green,upright,45.0,35.0,False,False,False,pupitar,0,1,0.09547738693467338,0.20194038807761552,0.40909090909090906,0.5,1.0,0.35561497326203206,0.235502894701066,0.6185383244206774,0.46806619817859074
Tyranitar,Rock,Dark,700,100,164,150,95,120,71,True,tyranitar,248.0,270.0,20.0,2020.0,2.0,1.0,"sand-stream, unnerve",134.0,True,tyranitar,generation-ii,mountain,slow,green,upright,45.0,35.0,False,False,False,pupitar,0,1,0.09547738693467338,0.20194038807761552,0.40909090909090906,0.5,1.0,0.35561497326203206,0.235502894701066,0.6185383244206774,0.46806619817859074
Lugia,Psychic,Flying,680,106,90,130,90,154,110,True,lugia,249.0,306.0,52.0,2160.0,2.0,1.0,"pressure, multiscale",119.0,True,lugia,generation-ii,rare,slow,white,wings,3.0,0.0,False,True,False,,1,0,0.2562814070351759,0.21594318863772755,0.4720279720279721,0.5,1.0,0.3155080213903743,0.31475085590029184,0.605169340463458,0.48649299295547077
Ho-oh,Fire,Flying,680,106,130,90,110,154,90,True,ho-oh,250.0,306.0,38.0,1990.0,2.0,1.0,"pressure, regenerator",102.0,True,ho-oh,generation-ii,rare,slow,red,wings,3.0,0.0,False,True,False,,1,0,0.18592964824120603,0.1989397879575915,0.4720279720279721,0.5,1.0,0.27005347593582885,0.28563246940892323,0.5900178253119429,0.47169687094745416
Celebi,Psychic,Grass,600,100,100,100,100,100,100,True,celebi,251.0,270.0,6.0,50.0,1.0,0.0,natural-cure,104.0,True,celebi,generation-ii,forest,medium-slow,green,humanoid,45.0,100.0,False,False,True,,1,0,0.025125628140703515,0.004900980196039208,0.40909090909090906,0.0,0.0,0.27540106951871657,0.14637250580921726,0.09180035650623886,0.2306318943452607
Treecko,Grass,,310,40,45,35,65,55,70,True,treecko,252.0,62.0,5.0,50.0,2.0,1.0,"overgrow, unburden",98.0,True,treecko,generation-iii,forest,medium-slow,green,upright,45.0,70.0,False,False,False,,0,0,0.020100502512562814,0.004900980196039208,0.04545454545454544,0.5,1.0,0.25935828877005346,0.023485342721049157,0.5864527629233511,0.24162670798565522
Grovyle,Grass,,405,50,65,45,85,65,95,True,grovyle,253.0,142.0,9.0,216.0,2.0,1.0,"overgrow, unburden",100.0,True,grovyle,generation-iii,forest,medium-slow,green,upright,45.0,70.0,False,False,False,treecko,0,1,0.04020100502512563,0.021504300860172035,0.1853146853146853,0.5,1.0,0.2647058823529411,0.082339997066661,0.5882352941176471,0.40999611676705716
Sceptile,Grass,,530,70,85,65,105,85,120,True,sceptile,254.0,239.0,17.0,522.0,2.0,1.0,"overgrow, unburden",123.0,True,sceptile,generation-iii,forest,medium-slow,green,upright,45.0,70.0,False,False,False,grovyle,0,1,0.08040201005025126,0.05211042208441689,0.3548951048951049,0.5,1.0,0.3262032085561497,0.16246917900992433,0.6087344028520499,0.4422345148437973
Sceptile,Grass,Dragon,630,70,110,75,145,85,145,True,sceptile,254.0,239.0,17.0,522.0,2.0,1.0,"overgrow, unburden",123.0,True,sceptile,generation-iii,forest,medium-slow,green,upright,45.0,70.0,False,False,False,grovyle,0,1,0.08040201005025126,0.05211042208441689,0.3548951048951049,0.5,1.0,0.3262032085561497,0.16246917900992433,0.6087344028520499,0.4422345148437973
Torchic,Fire,,310,45,60,40,70,50,45,True,torchic,255.0,62.0,4.0,25.0,2.0,1.0,"blaze, speed-boost",82.0,True,torchic,generation-iii,grassland,medium-slow,red,legs,45.0,70.0,False,False,False,,0,0,0.01507537688442211,0.002400480096019204,0.04545454545454544,0.5,1.0,0.21657754010695185,0.02097680081166225,0.5721925133689839,0.23517004559109225
Combusken,Fire,Fighting,405,60,85,60,85,60,55,True,combusken,256.0,142.0,9.0,195.0,2.0,1.0,"blaze, speed-boost",101.0,True,combusken,generation-iii,grassland,medium-slow,red,upright,45.0,70.0,False,False,False,torchic,0,1,0.04020100502512563,0.019403880776155232,0.1853146853146853,0.5,1.0,0.267379679144385,0.0816398570386554,0.589126559714795,0.41014258099751466
Blaziken,Fire,Fighting,530,80,120,70,110,70,80,True,blaziken,257.0,239.0,19.0,520.0,2.0,1.0,"blaze, speed-boost",122.0,True,blaziken,generation-iii,grassland,medium-slow,red,upright,45.0,70.0,False,False,False,combusken,0,1,0.09045226130653267,0.05191038207641528,0.3548951048951049,0.5,1.0,0.32352941176470584,0.16575258275935095,0.6078431372549019,0.4428630297297661
Blaziken,Fire,Fighting,630,80,160,80,130,80,100,True,blaziken,257.0,239.0,19.0,520.0,2.0,1.0,"blaze, speed-boost",122.0,True,blaziken,generation-iii,grassland,medium-slow,red,upright,45.0,70.0,False,False,False,combusken,0,1,0.09045226130653267,0.05191038207641528,0.3548951048951049,0.5,1.0,0.32352941176470584,0.16575258275935095,0.6078431372549019,0.4428630297297661
Mudkip,Water,,310,50,70,50,50,50,40,True,mudkip,258.0,62.0,4.0,76.0,2.0,1.0,"torrent, damp",85.0,True,mudkip,generation-iii,waters-edge,medium-slow,blue,quadruped,45.0,70.0,False,False,False,,0,0,0.01507537688442211,0.007501500300060012,0.04545454545454544,0.5,1.0,0.2245989304812834,0.022677140879675855,0.5748663101604278,0.23674966632807387
Marshtomp,Water,Ground,405,70,85,70,60,70,50,True,marshtomp,259.0,142.0,7.0,280.0,2.0,1.0,"torrent, damp",96.0,True,marshtomp,generation-iii,waters-edge,medium-slow,blue,upright,45.0,70.0,False,False,False,mudkip,0,1,0.03015075376884422,0.027905581116223245,0.1853146853146853,0.5,1.0,0.25401069518716574,0.08112367339991759,0.5846702317290552,0.40820519471159733
Swampert,Water,Ground,535,100,110,90,85,90,60,True,swampert,260.0,241.0,15.0,819.0,2.0,1.0,"torrent, damp",119.0,True,swampert,generation-iii,waters-edge,medium-slow,blue,upright,45.0,70.0,False,False,False,marshtomp,0,1,0.07035175879396986,0.08181636327265453,0.35839160839160844,0.5,1.0,0.3155080213903743,0.17018657681941093,0.605169340463458,0.4431237092312065
Swampert,Water,Ground,635,100,150,110,95,110,70,True,swampert,260.0,241.0,15.0,819.0,2.0,1.0,"torrent, damp",119.0,True,swampert,generation-iii,waters-edge,medium-slow,blue,upright,45.0,70.0,False,False,False,marshtomp,0,1,0.07035175879396986,0.08181636327265453,0.35839160839160844,0.5,1.0,0.3155080213903743,0.17018657681941093,0.605169340463458,0.4431237092312065
Poochyena,Dark,,220,35,55,35,30,30,35,True,poochyena,261.0,56.0,5.0,136.0,3.0,1.0,"run-away, quick-feet, rattled",77.0,True,poochyena,generation-iii,grassland,medium,gray,quadruped,255.0,70.0,False,False,False,,0,0,0.020100502512562814,0.013502700540108022,0.03496503496503496,1.0,1.0,0.2032085561497326,0.022856079339235266,0.7344028520499108,0.30061796462173496
Mightyena,Dark,,420,70,90,70,60,60,70,True,mightyena,262.0,147.0,10.0,370.0,3.0,1.0,"intimidate, quick-feet, moxie",80.0,True,mightyena,generation-iii,grassland,medium,gray,quadruped,127.0,70.0,False,False,False,poochyena,0,1,0.04522613065326633,0.03690738147629526,0.19405594405594404,1.0,1.0,0.21122994652406415,0.0920631520618352,0.7370766488413548,0.4724496051550925
Zigzagoon,Normal,,240,38,30,41,30,41,60,True,zigzagoon,263.0,56.0,4.0,175.0,3.0,1.0,"pickup, gluttony, quick-feet",81.0,True,zigzagoon,generation-iii,grassland,medium,brown,quadruped,255.0,70.0,False,False,False,,0,0,0.01507537688442211,0.01740348069613923,0.03496503496503496,1.0,1.0,0.213903743315508,0.022481297515198766,0.7379679144385026,0.30193155502996066
Zigzagoon,Dark,Normal,240,38,30,41,30,41,60,True,zigzagoon,263.0,56.0,4.0,175.0,3.0,1.0,"pickup, gluttony, quick-feet",81.0,True,zigzagoon,generation-iii,grassland,medium,brown,quadruped,255.0,70.0,False,False,False,,0,0,0.01507537688442211,0.01740348069613923,0.03496503496503496,1.0,1.0,0.213903743315508,0.022481297515198766,0.7379679144385026,0.30193155502996066
Linoone,Normal,,420,78,70,61,50,61,100,True,linoone,264.0,147.0,5.0,325.0,3.0,1.0,"pickup, gluttony, quick-feet",88.0,True,linoone,generation-iii,grassland,medium,white,quadruped,90.0,70.0,False,False,False,zigzagoon,0,1,0.020100502512562814,0.032406481296259254,0.19405594405594404,1.0,1.0,0.23262032085561496,0.0821876426215887,0.7442067736185383,0.4723390022338919
Linoone,Dark,Normal,420,78,70,61,50,61,100,True,linoone,264.0,147.0,5.0,325.0,3.0,1.0,"pickup, gluttony, quick-feet",88.0,True,linoone,generation-iii,grassland,medium,white,quadruped,90.0,70.0,False,False,False,zigzagoon,0,1,0.020100502512562814,0.032406481296259254,0.19405594405594404,1.0,1.0,0.23262032085561496,0.0821876426215887,0.7442067736185383,0.4723390022338919
Wurmple,Bug,,195,45,45,35,20,30,20,True,wurmple,265.0,56.0,3.0,36.0,2.0,1.0,"shield-dust, run-away",6.0,True,wurmple,generation-iii,forest,medium,red,armor,255.0,70.0,False,False,False,,0,0,0.010050251256281405,0.0035007001400280055,0.03496503496503496,0.5,1.0,0.01336898395721925,0.016171995453781455,0.5044563279857398,0.20663412983043036
Silcoon,Bug,,205,50,35,55,25,25,15,True,silcoon,266.0,72.0,6.0,100.0,1.0,0.0,shed-skin,7.0,True,silcoon,generation-iii,forest,medium,white,ball,120.0,70.0,False,False,False,wurmple,0,1,0.025125628140703515,0.009901980396079216,0.06293706293706294,0.0,0.0,0.0160427807486631,0.03265489049128189,0.0053475935828877,0.16193550458053965
Beautifly,Bug,Flying,395,60,70,50,100,50,65,True,beautifly,267.0,178.0,10.0,284.0,2.0,1.0,"swarm, rivalry",66.0,True,beautifly,generation-iii,forest,medium,yellow,bug-wings,45.0,70.0,False,False,False,silcoon,0,1,0.04522613065326633,0.028305661132226448,0.24825174825174826,0.5,1.0,0.17379679144385024,0.10726118001241368,0.5579322638146168,0.40535125952957085
Cascoon,Bug,,205,50,35,55,25,25,15,True,cascoon,268.0,72.0,7.0,115.0,1.0,0.0,shed-skin,7.0,True,cascoon,generation-iii,forest,medium,purple,ball,120.0,70.0,False,False,False,wurmple,0,1,0.03015075376884422,0.011402280456091218,0.06293706293706294,0.0,0.0,0.0160427807486631,0.034830032387332795,0.0053475935828877,0.1625880471493549
Dustox,Bug,Poison,385,60,50,70,50,90,65,True,dustox,269.0,173.0,12.0,316.0,2.0,1.0,"shield-dust, compound-eyes",66.0,True,dustox,generation-iii,forest,medium,green,bug-wings,45.0,70.0,False,False,False,cascoon,0,1,0.055276381909547735,0.03150630126025205,0.2395104895104895,0.5,1.0,0.17379679144385024,0.10876439089342976,0.5579322638146168,0.4058022227938757
Lotad,Water,Grass,220,40,30,30,40,50,30,True,lotad,270.0,44.0,5.0,26.0,3.0,1.0,"swift-swim, rain-dish, own-tempo",72.0,True,lotad,generation-iii,waters-edge,medium-slow,green,armor,255.0,70.0,False,False,False,,0,0,0.020100502512562814,0.002500500100020004,0.013986013986013984,1.0,1.0,0.18983957219251335,0.012195672199532269,0.7299465240641712,0.2956373112855281
Lombre,Water,Grass,340,60,50,50,60,70,50,True,lombre,271.0,119.0,12.0,325.0,3.0,1.0,"swift-swim, rain-dish, own-tempo",97.0,True,lombre,generation-iii,waters-edge,medium-slow,green,humanoid,120.0,70.0,False,False,False,lotad,0,1,0.055276381909547735,0.032406481296259254,0.1451048951048951,1.0,1.0,0.2566844919786096,0.0775959194369007,0.75222816399287,0.47417004142821817
Ludicolo,Water,Grass,480,80,70,70,90,100,70,True,ludicolo,272.0,216.0,15.0,550.0,3.0,1.0,"swift-swim, rain-dish, own-tempo",104.0,True,ludicolo,generation-iii,waters-edge,medium-slow,green,humanoid,45.0,70.0,False,False,False,lombre,0,1,0.07035175879396986,0.05491098219643929,0.3146853146853147,1.0,1.0,0.27540106951871657,0.14664935189190795,0.7584670231729055,0.4973816148367346
Seedot,Grass,,220,40,40,50,30,30,30,True,seedot,273.0,44.0,5.0,40.0,3.0,1.0,"chlorophyll, early-bird, pickpocket",75.0,True,seedot,generation-iii,forest,medium-slow,brown,legs,255.0,70.0,False,False,False,,0,0,0.020100502512562814,0.003900780156031206,0.013986013986013984,1.0,1.0,0.1978609625668449,0.012662432218202667,0.7326203208556149,0.29684685800770677
Nuzleaf,Grass,Dark,340,70,70,40,60,40,60,True,nuzleaf,274.0,119.0,10.0,280.0,3.0,1.0,"chlorophyll, early-bird, pickpocket",108.0,True,nuzleaf,generation-iii,forest,medium-slow,brown,humanoid,120.0,70.0,False,False,False,seedot,0,1,0.04522613065326633,0.027905581116223245,0.1451048951048951,1.0,1.0,0.28609625668449196,0.0727455356247949,0.7620320855614974,0.4766364949120374
Shiftry,Grass,Dark,480,90,100,60,90,60,80,True,shiftry,275.0,216.0,13.0,596.0,3.0,1.0,"chlorophyll, wind-rider, pickpocket",136.0,True,shiftry,generation-iii,forest,medium-slow,brown,humanoid,45.0,70.0,False,False,False,nuzleaf,0,1,0.06030150753768845,0.059511902380476094,0.3146853146853147,1.0,1.0,0.36096256684491973,0.14483290820115974,0.7869875222816399,0.5082448813730039
Taillow,Normal,Flying,270,40,55,30,30,30,85,True,taillow,276.0,54.0,3.0,23.0,2.0,1.0,"guts, scrappy",61.0,True,taillow,generation-iii,grassland,medium-slow,blue,wings,200.0,70.0,False,False,False,,0,0,0.010050251256281405,0.0022004400880176033,0.03146853146853146,0.5,1.0,0.160427807486631,0.014573074270943488,0.553475935828877,0.22576229661283387
Swellow,Normal,Flying,455,60,85,60,75,50,125,True,swellow,277.0,159.0,7.0,198.0,2.0,1.0,"guts, scrappy",57.0,True,swellow,generation-iii,grassland,medium-slow,blue,wings,45.0,70.0,False,False,False,taillow,0,1,0.03015075376884422,0.019703940788157633,0.21503496503496503,0.5,1.0,0.1497326203208556,0.08829655319732228,0.5499108734402852,0.3964533153353108
Wingull,Water,Flying,270,40,30,30,55,30,85,True,wingull,278.0,54.0,6.0,95.0,3.0,1.0,"keen-eye, hydration, rain-dish",78.0,True,wingull,generation-iii,sea,medium,white,wings,190.0,70.0,False,False,False,,0,0,0.025125628140703515,0.009401880376075214,0.03146853146853146,1.0,1.0,0.20588235294117646,0.021998679995103396,0.7352941176470589,0.3007172510573546
Pelipper,Water,Flying,440,60,50,100,95,70,65,True,pelipper,279.0,154.0,12.0,280.0,3.0,1.0,"keen-eye, drizzle, rain-dish",88.0,True,pelipper,generation-iii,sea,medium,yellow,wings,45.0,70.0,False,False,False,wingull,0,1,0.055276381909547735,0.027905581116223245,0.20629370629370627,1.0,1.0,0.23262032085561496,0.09649188977315909,0.7442067736185383,0.47663027637936306
Ralts,Psychic,Fairy,198,28,25,25,45,35,40,True,ralts,280.0,40.0,4.0,66.0,3.0,1.0,"synchronize, trace, telepathy",105.0,True,ralts,generation-iii,urban,slow,white,humanoid,235.0,35.0,False,False,False,,0,0,0.01507537688442211,0.006501300260052011,0.006993006993006992,1.0,1.0,0.2780748663101604,0.009523228045827038,0.7593582887700534,0.30660028392176947
Kirlia,Psychic,Fairy,278,38,35,35,65,55,50,True,kirlia,281.0,97.0,8.0,202.0,3.0,1.0,"synchronize, trace, telepathy",98.0,True,kirlia,generation-iii,urban,slow,white,humanoid,120.0,35.0,False,False,False,ralts,0,1,0.035175879396984924,0.020104020804160832,0.10664335664335664,1.0,1.0,0.25935828877005346,0.053974418948167464,0.7531194295900178,0.46744009752045734
Gardevoir,Psychic,Fairy,518,68,65,65,125,115,80,True,gardevoir,282.0,233.0,16.0,484.0,3.0,1.0,"synchronize, trace, telepathy",120.0,True,gardevoir,generation-iii,urban,slow,white,humanoid,45.0,35.0,False,False,False,kirlia,0,1,0.07537688442211056,0.04830966193238648,0.3444055944055944,1.0,1.0,0.3181818181818182,0.15603071358669715,0.7727272727272728,0.5059001231669182
Gardevoir,Psychic,Fairy,618,68,85,65,165,135,100,True,gardevoir,282.0,233.0,16.0,484.0,3.0,1.0,"synchronize, trace, telepathy",120.0,True,gardevoir,generation-iii,urban,slow,white,humanoid,45.0,35.0,False,False,False,kirlia,0,1,0.07537688442211056,0.04830966193238648,0.3444055944055944,1.0,1.0,0.3181818181818182,0.15603071358669715,0.7727272727272728,0.5059001231669182
Surskit,Bug,Water,269,40,30,32,50,52,65,True,surskit,283.0,54.0,5.0,17.0,2.0,1.0,"swift-swim, rain-dish",74.0,True,surskit,generation-iii,waters-edge,medium,blue,armor,200.0,70.0,False,False,False,,0,0,0.020100502512562814,0.0016003200640128026,0.03146853146853146,0.5,1.0,0.19518716577540104,0.01772311801503569,0.5650623885918004,0.23134189084123086
Masquerain,Bug,Flying,454,70,60,62,100,82,80,True,masquerain,284.0,159.0,8.0,36.0,2.0,1.0,"intimidate, unnerve",94.0,True,masquerain,generation-iii,waters-edge,medium,blue,bug-wings,75.0,70.0,False,False,False,surskit,0,1,0.035175879396984924,0.0035007001400280055,0.21503496503496503,0.5,1.0,0.24866310160427807,0.08457051485732599,0.5828877005347594,0.4085262346711015
Shroomish,Grass,,295,60,40,60,40,60,35,True,shroomish,285.0,59.0,4.0,45.0,3.0,1.0,"effect-spore, poison-heal, quick-feet",63.0,True,shroomish,generation-iii,forest,fast-then-very-slow,brown,legs,255.0,70.0,False,False,False,,0,0,0.01507537688442211,0.0044008801760352075,0.04020979020979021,1.0,1.0,0.16577540106951869,0.019895349090082507,0.7219251336898395,0.2947386582029606
Breloom,Grass,Fighting,460,60,130,80,60,60,70,True,breloom,286.0,161.0,12.0,392.0,3.0,1.0,"effect-spore, poison-heal, technician",103.0,True,breloom,generation-iii,forest,fast-then-very-slow,green,upright,90.0,70.0,False,False,False,shroomish,0,1,0.055276381909547735,0.03910782156431286,0.21853146853146851,1.0,1.0,0.2727272727272727,0.10430522400177637,0.7575757575757575,0.48432187023083584
Slakoth,Normal,,280,60,60,60,35,35,30,True,slakoth,287.0,56.0,8.0,240.0,1.0,0.0,truant,96.0,True,slakoth,generation-iii,forest,slow,brown,quadruped,255.0,70.0,False,False,False,,0,0,0.035175879396984924,0.023904780956191238,0.03496503496503496,0.0,0.0,0.25401069518716574,0.03134856510607038,0.08467023172905525,0.04327266222344321
Vigoroth,Normal,,440,80,80,80,55,55,90,True,vigoroth,288.0,154.0,14.0,465.0,1.0,0.0,vital-spirit,113.0,True,vigoroth,generation-iii,forest,slow,white,upright,120.0,70.0,False,False,False,slakoth,0,1,0.06532663316582915,0.046409281856371276,0.20629370629370627,0.0,0.0,0.2994652406417112,0.10600987377196891,0.0998217468805704,0.22173166088381882
Slaking,Normal,,670,150,160,100,95,65,100,True,slaking,289.0,252.0,20.0,1305.0,1.0,0.0,truant,127.0,True,slaking,generation-iii,forest,slow,brown,humanoid,45.0,70.0,False,False,False,vigoroth,0,1,0.09547738693467338,0.1304260852170434,0.3776223776223776,0.0,0.0,0.3368983957219251,0.20117528325803147,0.1122994652406417,0.2552723710736661
Nincada,Bug,Ground,266,31,45,90,30,30,40,True,nincada,290.0,53.0,5.0,55.0,2.0,1.0,"compound-eyes, run-away",54.0,True,nincada,generation-iii,forest,slow-then-very-fast,gray,armor,255.0,70.0,False,False,False,,0,0,0.020100502512562814,0.005401080216043209,0.029720279720279713,0.5,1.0,0.14171122994652405,0.01840728748296191,0.5472370766488414,0.22441701690442512
Ninjask,Bug,Flying,456,61,90,45,50,50,160,True,ninjask,291.0,160.0,8.0,120.0,2.0,1.0,"speed-boost, infiltrator",69.0,True,ninjask,generation-iii,forest,slow-then-very-fast,yellow,bug-wings,120.0,70.0,False,False,False,nincada,0,1,0.035175879396984924,0.011902380476095218,0.2167832167832168,0.5,1.0,0.1818181818181818,0.08795382555209898,0.5606060606060607,0.400628571908054
Shedinja,Bug,Ghost,236,1,90,45,30,30,40,True,shedinja,292.0,83.0,8.0,12.0,1.0,0.0,wonder-guard,66.0,True,shedinja,generation-iii,forest,slow-then-very-fast,brown,blob,45.0,70.0,False,False,False,nincada,0,1,0.035175879396984924,0.0011002200440088017,0.08216783216783216,0.0,0.0,0.17379679144385024,0.039481310536275294,0.05793226381461675,0.18501729868672928
Whismur,Normal,,240,64,51,23,51,23,28,True,whismur,293.0,48.0,6.0,163.0,2.0,1.0,"soundproof, rattled",72.0,True,whismur,generation-iii,cave,medium-slow,pink,upright,190.0,70.0,False,False,False,,0,0,0.025125628140703515,0.016203240648129627,0.020979020979020976,0.5,1.0,0.18983957219251335,0.020769296589284707,0.5632798573975045,0.23154273193578723
Loudred,Normal,,360,84,71,43,71,43,48,True,loudred,294.0,126.0,10.0,405.0,2.0,1.0,"soundproof, scrappy",79.0,True,loudred,generation-iii,cave,medium-slow,blue,upright,120.0,70.0,False,False,False,whismur,0,1,0.04522613065326633,0.04040808161632327,0.15734265734265734,0.5,1.0,0.2085561497326203,0.08099228987074898,0.56951871657754,0.40210517359224074
Exploud,Normal,,490,104,91,63,91,73,68,True,exploud,295.0,221.0,15.0,840.0,2.0,1.0,"soundproof, scrappy",94.0,True,exploud,generation-iii,cave,medium-slow,blue,upright,45.0,70.0,False,False,False,loudred,0,1,0.07035175879396986,0.08391678335667133,0.32342657342657344,0.5,1.0,0.24866310160427807,0.15923170519240487,0.5828877005347594,0.43092459177162523
Makuhita,Fighting,,237,72,60,30,20,30,25,True,makuhita,296.0,47.0,10.0,864.0,3.0,1.0,"thick-fat, guts, sheer-force",100.0,True,makuhita,generation-iii,mountain,fast-then-very-slow,yellow,humanoid,180.0,70.0,False,False,False,,0,0,0.04522613065326633,0.08631726345269053,0.019230769230769218,1.0,1.0,0.2647058823529411,0.05025805444557536,0.7549019607843137,0.3170382006473981
Hariyama,Fighting,,474,144,120,60,40,60,50,True,hariyama,297.0,166.0,23.0,2538.0,3.0,1.0,"thick-fat, guts, sheer-force",101.0,True,hariyama,generation-iii,mountain,fast-then-very-slow,brown,humanoid,200.0,70.0,False,False,False,makuhita,0,1,0.11055276381909548,0.25375075015003,0.22727272727272727,1.0,1.0,0.267379679144385,0.19719208041395095,0.7557932263814617,0.51147491467677
Azurill,Normal,Fairy,190,50,20,40,20,40,20,True,azurill,298.0,38.0,2.0,20.0,3.0,1.0,"thick-fat, huge-power, sap-sipper",74.0,True,azurill,generation-iii,waters-edge,fast,blue,legs,150.0,70.0,True,False,False,,0,0,0.005025125628140704,0.001900380076015203,0.003496503496503489,1.0,1.0,0.19518716577540104,0.003474003066886465,0.7317290552584671,0.2937338230234528
Nosepass,Rock,,375,30,45,135,45,90,30,True,nosepass,299.0,75.0,10.0,970.0,3.0,1.0,"sturdy, magnet-pull, sand-force",84.0,True,nosepass,generation-iii,cave,medium,gray,humanoid,255.0,70.0,False,False,False,,0,0,0.04522613065326633,0.09691938387677534,0.06818181818181818,1.0,1.0,0.22192513368983954,0.07010911090395329,0.7406417112299465,0.3172894177631646
Skitty,Normal,,260,50,45,45,35,35,50,True,skitty,300.0,52.0,6.0,110.0,3.0,1.0,"cute-charm, normalize, wonder-skin",85.0,True,skitty,generation-iii,forest,fast,pink,quadruped,255.0,70.0,False,False,False,,0,0,0.025125628140703515,0.010902180436087218,0.02797202797202797,1.0,1.0,0.2245989304812834,0.021333278849606233,0.7415329768270945,0.3030131743857197
Delcatty,Normal,,400,70,65,65,55,55,90,True,delcatty,301.0,140.0,11.0,326.0,3.0,1.0,"cute-charm, normalize, wonder-skin",81.0,True,delcatty,generation-iii,forest,fast,purple,quadruped,60.0,70.0,False,False,False,skitty,0,1,0.05025125628140704,0.03250650130026005,0.18181818181818182,1.0,1.0,0.213903743315508,0.08819197979994964,0.7379679144385026,0.4716447597153859
Sableye,Dark,Ghost,380,50,75,75,65,65,50,True,sableye,302.0,133.0,5.0,110.0,3.0,1.0,"keen-eye, stall, prankster",138.0,True,sableye,generation-iii,cave,medium-slow,purple,humanoid,45.0,35.0,False,False,False,,0,0,0.020100502512562814,0.010902180436087218,0.16958041958041958,1.0,1.0,0.36631016042780745,0.06686103417635654,0.7887700534759358,0.33556633164328126
Sableye,Dark,Ghost,480,50,85,125,85,115,20,True,sableye,302.0,133.0,5.0,110.0,3.0,1.0,"keen-eye, stall, prankster",138.0,True,sableye,generation-iii,cave,medium-slow,purple,humanoid,45.0,35.0,False,False,False,,0,0,0.020100502512562814,0.010902180436087218,0.16958041958041958,1.0,1.0,0.36631016042780745,0.06686103417635654,0.7887700534759358,0.33556633164328126
Mawile,Steel,Fairy,380,50,85,85,55,55,50,True,mawile,303.0,133.0,6.0,115.0,3.0,1.0,"hyper-cutter, intimidate, sheer-force",109.0,True,mawile,generation-iii,cave,fast,black,humanoid,45.0,70.0,False,False,False,,0,0,0.025125628140703515,0.011402280456091218,0.16958041958041958,1.0,1.0,0.2887700534759358,0.06870277605907144,0.7629233511586452,0.32578017328117953
Mawile,Steel,Fairy,480,50,105,125,55,95,50,True,mawile,303.0,133.0,6.0,115.0,3.0,1.0,"hyper-cutter, intimidate, sheer-force",109.0,True,mawile,generation-iii,cave,fast,black,humanoid,45.0,70.0,False,False,False,,0,0,0.025125628140703515,0.011402280456091218,0.16958041958041958,1.0,1.0,0.2887700534759358,0.06870277605907144,0.7629233511586452,0.32578017328117953
Aron,Steel,Rock,330,50,70,100,40,40,30,True,aron,304.0,66.0,4.0,600.0,3.0,1.0,"sturdy, rock-head, heavy-metal",74.0,True,aron,generation-iii,mountain,slow,gray,quadruped,180.0,35.0,False,False,False,,0,0,0.01507537688442211,0.059911982396479296,0.05244755244755245,1.0,1.0,0.19518716577540104,0.042478303909484615,0.7317290552584671,0.30543511327623224
Lairon,Steel,Rock,430,60,90,140,50,50,40,True,lairon,305.0,151.0,9.0,1200.0,3.0,1.0,"sturdy, rock-head, heavy-metal",73.0,True,lairon,generation-iii,mountain,slow,gray,quadruped,90.0,35.0,False,False,False,aron,0,1,0.04020100502512563,0.11992398479695938,0.20104895104895107,1.0,1.0,0.19251336898395718,0.12039131362367868,0.7308377896613191,0.47845250995163124
Aggron,Steel,Rock,530,70,110,180,60,60,50,True,aggron,306.0,239.0,21.0,3600.0,3.0,1.0,"sturdy, rock-head, heavy-metal",124.0,True,aggron,generation-iii,mountain,slow,gray,upright,45.0,35.0,False,False,False,lairon,0,1,0.10050251256281408,0.3599719943988798,0.3548951048951049,1.0,1.0,0.32887700534759357,0.27178987061893295,0.7762923351158646,0.5420538952320257
Aggron,Steel,,630,70,140,230,60,80,50,True,aggron,306.0,239.0,21.0,3600.0,3.0,1.0,"sturdy, rock-head, heavy-metal",124.0,True,aggron,generation-iii,mountain,slow,gray,upright,45.0,35.0,False,False,False,lairon,0,1,0.10050251256281408,0.3599719943988798,0.3548951048951049,1.0,1.0,0.32887700534759357,0.27178987061893295,0.7762923351158646,0.5420538952320257
Meditite,Fighting,Psychic,280,30,40,55,40,55,60,True,meditite,307.0,56.0,6.0,112.0,2.0,1.0,"pure-power, telepathy",110.0,True,meditite,generation-iii,mountain,medium,blue,humanoid,180.0,70.0,False,False,False,,0,0,0.025125628140703515,0.011102220444088817,0.03496503496503496,0.5,1.0,0.2914438502673797,0.023730961183275764,0.5971479500891266,0.2459784683906334
Medicham,Fighting,Psychic,410,60,60,75,60,75,80,True,medicham,308.0,144.0,13.0,315.0,2.0,1.0,"pure-power, telepathy",118.0,True,medicham,generation-iii,mountain,medium,red,humanoid,90.0,70.0,False,False,False,meditite,0,1,0.06030150753768845,0.03140628125625125,0.18881118881118883,0.5,1.0,0.31283422459893045,0.09350632586837619,0.6042780748663101,0.41976312770703694
Medicham,Fighting,Psychic,510,60,100,85,80,85,100,True,medicham,308.0,144.0,13.0,315.0,2.0,1.0,"pure-power, telepathy",118.0,True,medicham,generation-iii,mountain,medium,red,humanoid,90.0,70.0,False,False,False,meditite,0,1,0.06030150753768845,0.03140628125625125,0.18881118881118883,0.5,1.0,0.31283422459893045,0.09350632586837619,0.6042780748663101,0.41976312770703694
Electrike,Electric,,295,40,45,40,65,40,65,True,electrike,309.0,59.0,6.0,152.0,3.0,1.0,"static, lightning-rod, minus",65.0,True,electrike,generation-iii,grassland,slow,green,quadruped,120.0,70.0,False,False,False,,0,0,0.025125628140703515,0.015103020604120823,0.04020979020979021,1.0,1.0,0.1711229946524064,0.02681281298487152,0.7237076648841354,0.2975269098491157
Manectric,Electric,,475,70,75,60,105,60,105,True,manectric,310.0,166.0,15.0,402.0,3.0,1.0,"static, lightning-rod, minus",75.0,True,manectric,generation-iii,grassland,slow,yellow,quadruped,45.0,70.0,False,False,False,electrike,0,1,0.07035175879396986,0.040108021604320865,0.22727272727272727,1.0,1.0,0.1978609625668449,0.11257750255700599,0.7326203208556149,0.47682137910934774
Manectric,Electric,,575,70,75,80,135,80,135,True,manectric,310.0,166.0,15.0,402.0,3.0,1.0,"static, lightning-rod, minus",75.0,True,manectric,generation-iii,grassland,slow,yellow,quadruped,45.0,70.0,False,False,False,electrike,0,1,0.07035175879396986,0.040108021604320865,0.22727272727272727,1.0,1.0,0.1978609625668449,0.11257750255700599,0.7326203208556149,0.47682137910934774
Plusle,Electric,,405,60,50,40,85,75,95,True,plusle,311.0,142.0,4.0,42.0,2.0,1.0,"plus, lightning-rod",87.0,True,plusle,generation-iii,grassland,medium,yellow,upright,200.0,70.0,False,False,False,,0,0,0.01507537688442211,0.004100820164032807,0.1853146853146853,0.5,1.0,0.2299465240641711,0.06816362745438008,0.5766488413547237,0.2511086247782035
Minun,Electric,,405,60,40,50,75,85,95,True,minun,312.0,142.0,4.0,42.0,2.0,1.0,"minus, volt-absorb",85.0,True,minun,generation-iii,grassland,medium,yellow,upright,200.0,70.0,False,False,False,,0,0,0.01507537688442211,0.004100820164032807,0.1853146853146853,0.5,1.0,0.2245989304812834,0.06816362745438008,0.5748663101604278,0.2503956123004851
Volbeat,Bug,,430,65,73,75,47,85,85,True,volbeat,313.0,151.0,7.0,177.0,3.0,1.0,"illuminate, swarm, prankster",90.0,True,volbeat,generation-iii,forest,slow-then-very-fast,gray,upright,150.0,70.0,False,False,False,,0,0,0.03015075376884422,0.01760352070414083,0.20104895104895107,1.0,1.0,0.23796791443850265,0.08293440850731204,0.7459893048128342,0.32327604447732733
Illumise,Bug,,430,65,47,75,73,85,85,True,illumise,314.0,151.0,6.0,177.0,3.0,1.0,"oblivious, tinted-lens, prankster",94.0,True,illumise,generation-iii,forest,fast-then-very-slow,purple,humanoid,150.0,70.0,False,False,False,,0,0,0.025125628140703515,0.01760352070414083,0.20104895104895107,1.0,1.0,0.24866310160427807,0.08125936663126514,0.749554367201426,0.32419955686994995
Roselia,Grass,Poison,400,50,60,45,100,80,65,True,roselia,315.0,140.0,3.0,20.0,3.0,1.0,"natural-cure, poison-point, leaf-guard",76.0,True,roselia,generation-iii,grassland,medium-slow,green,humanoid,150.0,70.0,False,False,False,budew,0,1,0.010050251256281405,0.001900380076015203,0.18181818181818182,1.0,1.0,0.20053475935828874,0.0645896043834928,0.7335115864527629,0.462781515896153
Gulpin,Poison,,302,70,43,53,43,53,40,True,gulpin,316.0,60.0,4.0,103.0,3.0,1.0,"liquid-ooze, sticky-hold, gluttony",86.0,True,gulpin,generation-iii,grassland,fast-then-very-slow,green,arms,225.0,70.0,False,False,False,,0,0,0.01507537688442211,0.010202040408081616,0.04195804195804195,1.0,1.0,0.22727272727272724,0.022411819750181892,0.7424242424242423,0.3036932428947515
Swalot,Poison,,467,100,73,83,73,83,55,True,swalot,317.0,163.0,17.0,800.0,3.0,1.0,"liquid-ooze, sticky-hold, gluttony",90.0,True,swalot,generation-iii,grassland,fast-then-very-slow,purple,arms,75.0,70.0,False,False,False,gulpin,0,1,0.08040201005025126,0.07991598319663933,0.222027972027972,1.0,1.0,0.23796791443850265,0.12744865509162087,0.7459893048128342,0.48663031845261995
Carvanha,Water,Dark,305,45,90,20,65,20,65,True,carvanha,318.0,61.0,8.0,208.0,2.0,1.0,"rough-skin, speed-boost",70.0,True,carvanha,generation-iii,sea,slow,red,fish,225.0,35.0,False,False,False,,0,0,0.035175879396984924,0.020704140828165636,0.0437062937062937,0.5,1.0,0.18449197860962566,0.033195437977148086,0.5614973262032086,0.23455756187442786
Sharpedo,Water,Dark,460,70,120,40,95,40,95,True,sharpedo,319.0,161.0,18.0,888.0,2.0,1.0,"rough-skin, speed-boost",85.0,True,sharpedo,generation-iii,sea,slow,blue,fish,60.0,35.0,False,False,False,carvanha,0,1,0.08542713567839197,0.08871774354870973,0.21853146853146851,0.5,1.0,0.2245989304812834,0.1308921159195234,0.5748663101604278,0.4192141588400281
Sharpedo,Water,Dark,560,70,140,70,110,65,105,True,sharpedo,319.0,161.0,18.0,888.0,2.0,1.0,"rough-skin, speed-boost",85.0,True,sharpedo,generation-iii,sea,slow,blue,fish,60.0,35.0,False,False,False,carvanha,0,1,0.08542713567839197,0.08871774354870973,0.21853146853146851,0.5,1.0,0.2245989304812834,0.1308921159195234,0.5748663101604278,0.4192141588400281
Wailmer,Water,,400,130,70,35,70,35,60,True,wailmer,320.0,80.0,20.0,1300.0,3.0,1.0,"water-veil, oblivious, pressure",68.0,True,wailmer,generation-iii,sea,fast-then-very-slow,blue,fish,125.0,70.0,False,False,False,,0,0,0.09547738693467338,0.1299259851970394,0.07692307692307693,1.0,1.0,0.17914438502673793,0.10077548301826324,0.7263814616755794,0.3207852295757107
Wailord,Water,,500,170,90,45,90,45,60,True,wailord,321.0,175.0,145.0,3980.0,3.0,1.0,"water-veil, oblivious, pressure",68.0,True,wailord,generation-iii,sea,fast-then-very-slow,blue,fish,60.0,70.0,False,False,False,wailmer,0,1,0.7236180904522613,0.39797959591918386,0.243006993006993,1.0,1.0,0.17914438502673793,0.4548682264594794,0.7263814616755794,0.5770130526080756
Numel,Fire,Ground,305,60,60,40,65,45,35,True,numel,322.0,61.0,7.0,240.0,3.0,1.0,"oblivious, simple, own-tempo",90.0,True,numel,generation-iii,mountain,medium,yellow,quadruped,255.0,70.0,False,False,False,,0,0,0.03015075376884422,0.023904780956191238,0.0437062937062937,1.0,1.0,0.23796791443850265,0.032587276143776385,0.7459893048128342,0.3081719047682666
Camerupt,Fire,Ground,460,70,100,70,105,75,40,True,camerupt,323.0,161.0,19.0,2200.0,3.0,1.0,"magma-armor, solid-rock, anger-point",98.0,True,camerupt,generation-iii,mountain,medium,red,quadruped,150.0,70.0,False,False,False,numel,0,1,0.09045226130653267,0.21994398879775956,0.21853146853146851,1.0,1.0,0.25935828877005346,0.17630923954525357,0.7531194295900178,0.5041405436995832
Camerupt,Fire,Ground,560,70,120,100,145,105,20,True,camerupt,323.0,161.0,19.0,2200.0,3.0,1.0,"magma-armor, solid-rock, anger-point",98.0,True,camerupt,generation-iii,mountain,medium,red,quadruped,150.0,70.0,False,False,False,numel,0,1,0.09045226130653267,0.21994398879775956,0.21853146853146851,1.0,1.0,0.25935828877005346,0.17630923954525357,0.7531194295900178,0.5041405436995832
Torkoal,Fire,,470,70,85,140,85,70,20,True,torkoal,324.0,165.0,5.0,804.0,3.0,1.0,"white-smoke, drought, shell-armor",88.0,True,torkoal,generation-iii,mountain,medium,brown,quadruped,90.0,70.0,False,False,False,,0,0,0.020100502512562814,0.08031606321264252,0.2255244755244755,1.0,1.0,0.23262032085561496,0.1086470137498936,0.7442067736185383,0.3302768135723834
Spoink,Psychic,,330,60,25,35,70,80,60,True,spoink,325.0,66.0,7.0,306.0,3.0,1.0,"thick-fat, own-tempo, gluttony",92.0,True,spoink,generation-iii,mountain,fast,black,arms,255.0,70.0,False,False,False,,0,0,0.03015075376884422,0.03050610122024405,0.05244755244755245,1.0,1.0,0.24331550802139035,0.0377014691455469,0.74777183600713,0.31041917514651607
Grumpig,Psychic,,470,80,45,65,90,110,80,True,grumpig,326.0,165.0,9.0,715.0,3.0,1.0,"thick-fat, own-tempo, gluttony",121.0,True,grumpig,generation-iii,mountain,fast,purple,upright,60.0,70.0,False,False,False,spoink,0,1,0.04020100502512563,0.07141428285657131,0.2255244755244755,1.0,1.0,0.320855614973262,0.11237992113539082,0.7736185383244206,0.49316139167038553
Spinda,Normal,,360,60,60,60,60,60,60,True,spinda,327.0,126.0,11.0,50.0,3.0,1.0,"own-tempo, tangled-feet, contrary",100.0,True,spinda,generation-iii,mountain,fast,brown,upright,255.0,70.0,False,False,False,,0,0,0.05025125628140704,0.004900980196039208,0.15734265734265734,1.0,1.0,0.2647058823529411,0.07083163127336786,0.7549019607843137,0.3232102736957359
Trapinch,Ground,,290,45,100,45,45,45,10,True,trapinch,328.0,58.0,7.0,150.0,3.0,1.0,"hyper-cutter, arena-trap, sheer-force",63.0,True,trapinch,generation-iii,rough-terrain,medium-slow,brown,armor,255.0,70.0,False,False,False,,0,0,0.03015075376884422,0.014902980596119223,0.03846153846153845,1.0,1.0,0.16577540106951869,0.027838424275500633,0.7219251336898395,0.297121580758586
Vibrava,Ground,Dragon,340,50,70,50,50,50,70,True,vibrava,329.0,119.0,11.0,153.0,1.0,0.0,levitate,93.0,True,vibrava,generation-iii,rough-terrain,medium-slow,green,bug-wings,120.0,70.0,False,False,False,trapinch,0,1,0.05025125628140704,0.015203040608121624,0.1451048951048951,0.0,0.0,0.2459893048128342,0.0701863973314746,0.0819964349376114,0.20385449317448695
Flygon,Ground,Dragon,520,80,100,80,80,80,100,True,flygon,330.0,234.0,20.0,820.0,1.0,0.0,levitate,114.0,True,flygon,generation-iii,rough-terrain,medium-slow,green,wings,45.0,70.0,False,False,False,vibrava,0,1,0.09547738693467338,0.08191638327665532,0.34615384615384615,0.0,0.0,0.30213903743315507,0.17451587212172495,0.10071301247771836,0.24263996662760481
Cacnea,Grass,,335,50,85,40,85,40,35,True,cacnea,331.0,67.0,4.0,513.0,2.0,1.0,"sand-veil, water-absorb",104.0,True,cacnea,generation-iii,rough-terrain,medium-slow,green,humanoid,190.0,35.0,False,False,False,,0,0,0.01507537688442211,0.05121024204840968,0.05419580419580419,0.5,1.0,0.27540106951871657,0.040160474376211994,0.5918003565062389,0.24876828491535916
Cacturne,Grass,Dark,475,70,115,60,115,60,55,True,cacturne,332.0,166.0,13.0,774.0,2.0,1.0,"sand-veil, water-absorb",112.0,True,cacturne,generation-iii,rough-terrain,medium-slow,green,humanoid,60.0,35.0,False,False,False,cacnea,0,1,0.06030150753768845,0.07731546309261852,0.22727272727272727,0.5,1.0,0.29679144385026734,0.12162989930101142,0.5989304812834225,0.4260611623036724
Swablu,Normal,Flying,310,45,40,60,40,75,50,True,swablu,333.0,62.0,4.0,12.0,2.0,1.0,"natural-cure, cloud-nine",83.0,True,swablu,generation-iii,forest,slow-then-very-fast,blue,wings,255.0,70.0,False,False,False,,0,0,0.01507537688442211,0.0011002200440088017,0.04545454545454544,0.5,1.0,0.2192513368983957,0.020543380794325453,0.5730837789661319,0.2353965258247504
Altaria,Dragon,Flying,490,75,70,90,70,105,80,True,altaria,334.0,172.0,11.0,206.0,2.0,1.0,"natural-cure, cloud-nine",101.0,True,altaria,generation-iii,forest,slow-then-very-fast,blue,wings,45.0,70.0,False,False,False,swablu,0,1,0.05025125628140704,0.020504100820164035,0.23776223776223773,0.5,1.0,0.267379679144385,0.10283919828793626,0.589126559714795,0.41650238337229883
Altaria,Dragon,Fairy,590,75,110,110,110,105,80,True,altaria,334.0,172.0,11.0,206.0,2.0,1.0,"natural-cure, cloud-nine",101.0,True,altaria,generation-iii,forest,slow-then-very-fast,blue,wings,45.0,70.0,False,False,False,swablu,0,1,0.05025125628140704,0.020504100820164035,0.23776223776223773,0.5,1.0,0.267379679144385,0.10283919828793626,0.589126559714795,0.41650238337229883
Zangoose,Normal,,458,73,115,60,60,60,90,True,zangoose,335.0,160.0,13.0,403.0,2.0,1.0,"immunity, toxic-boost",124.0,True,zangoose,generation-iii,grassland,slow-then-very-fast,white,upright,90.0,70.0,False,False,False,,0,0,0.06030150753768845,0.040208041608321664,0.2167832167832168,0.5,1.0,0.32887700534759357,0.1057642553097423,0.6096256684491979,0.27557954397260187
Seviper,Poison,,458,73,100,60,100,60,65,True,seviper,336.0,160.0,27.0,525.0,2.0,1.0,"shed-skin, infiltrator",104.0,True,seviper,generation-iii,grassland,fast-then-very-slow,black,squiggle,90.0,70.0,False,False,False,,0,0,0.1306532663316583,0.052410482096419284,0.2167832167832168,0.5,1.0,0.27540106951871657,0.13328232173709811,0.5918003565062389,0.276704839123625
Lunatone,Rock,Psychic,460,90,55,65,95,85,70,True,lunatone,337.0,161.0,10.0,1680.0,1.0,0.0,levitate,94.0,True,lunatone,generation-iii,cave,fast,yellow,ball,45.0,70.0,False,False,False,,0,0,0.04522613065326633,0.16793358671734346,0.21853146853146851,0.0,0.0,0.24866310160427807,0.14389706196735944,0.08288770053475936,0.07632419880411156
Solrock,Rock,Psychic,460,90,95,85,55,65,70,True,solrock,338.0,161.0,12.0,1540.0,1.0,0.0,levitate,98.0,True,solrock,generation-iii,cave,fast,red,ball,45.0,70.0,False,False,False,,0,0,0.055276381909547735,0.15393078615723144,0.21853146853146851,0.0,0.0,0.25935828877005346,0.14257954553274924,0.08645276292335115,0.07735496882916523
Barboach,Water,Ground,288,50,48,43,46,41,60,True,barboach,339.0,58.0,4.0,19.0,3.0,1.0,"oblivious, anticipation, hydration",70.0,True,barboach,generation-iii,waters-edge,medium,gray,fish,190.0,70.0,False,False,False,,0,0,0.01507537688442211,0.0018003600720144027,0.03846153846153845,1.0,1.0,0.18449197860962566,0.018445758472658322,0.7281639928698752,0.29679932468974757
Whiscash,Water,Ground,468,110,78,73,76,71,60,True,whiscash,340.0,164.0,9.0,236.0,3.0,1.0,"oblivious, anticipation, hydration",81.0,True,whiscash,generation-iii,waters-edge,medium,blue,fish,75.0,70.0,False,False,False,barboach,0,1,0.04020100502512563,0.02350470094018804,0.22377622377622378,1.0,1.0,0.213903743315508,0.0958273099138458,0.7379679144385026,0.47393535874955484
Corphish,Water,,308,43,80,65,50,35,35,True,corphish,341.0,62.0,6.0,115.0,3.0,1.0,"hyper-cutter, shell-armor, adaptability",85.0,True,corphish,generation-iii,waters-edge,fast-then-very-slow,red,armor,205.0,70.0,False,False,False,,0,0,0.025125628140703515,0.011402280456091218,0.04545454545454544,1.0,1.0,0.2245989304812834,0.02732748468378006,0.7415329768270945,0.30481143613597184
Crawdaunt,Water,Dark,468,63,120,85,90,55,55,True,crawdaunt,342.0,164.0,11.0,328.0,3.0,1.0,"hyper-cutter, shell-armor, adaptability",98.0,True,crawdaunt,generation-iii,waters-edge,fast-then-very-slow,red,armor,155.0,70.0,False,False,False,corphish,0,1,0.05025125628140704,0.03270654130826165,0.22377622377622378,1.0,1.0,0.25935828877005346,0.10224467378863082,0.7531194295900178,0.4819211739725964
Baltoy,Ground,Psychic,300,40,40,55,40,70,55,True,baltoy,343.0,60.0,5.0,215.0,1.0,0.0,levitate,84.0,True,baltoy,generation-iii,rough-terrain,medium,brown,arms,255.0,70.0,False,False,False,,0,0,0.020100502512562814,0.021404280856171236,0.04195804195804195,0.0,0.0,0.22192513368983954,0.027820941775592,0.07397504456327984,0.03793630035798954
Claydol,Ground,Psychic,500,60,70,105,70,120,75,True,claydol,344.0,175.0,15.0,1080.0,1.0,0.0,levitate,94.0,True,claydol,generation-iii,rough-terrain,medium,black,arms,90.0,70.0,False,False,False,baltoy,0,1,0.07035175879396986,0.10792158431686337,0.243006993006993,0.0,0.0,0.24866310160427807,0.14042677870594208,0.08288770053475936,0.22528311382568636
Lileep,Rock,Grass,355,66,41,77,61,87,23,True,lileep,345.0,71.0,10.0,238.0,2.0,1.0,"suction-cups, storm-drain",70.0,True,lileep,generation-iii,sea,slow-then-very-fast,purple,blob,45.0,70.0,False,False,False,,0,0,0.04522613065326633,0.02370474094818964,0.061188811188811185,0.5,1.0,0.18449197860962566,0.043373227596755715,0.5614973262032086,0.23761089876031014
Cradily,Rock,Grass,495,86,81,97,81,107,43,True,cradily,346.0,173.0,15.0,604.0,2.0,1.0,"suction-cups, storm-drain",79.0,True,cradily,generation-iii,sea,slow-then-very-fast,green,blob,45.0,70.0,False,False,False,lileep,0,1,0.07035175879396986,0.0603120624124825,0.2395104895104895,0.5,1.0,0.2085561497326203,0.12339143690564729,0.56951871657754,0.41482491770271024
Anorith,Rock,Bug,355,45,95,50,40,50,75,True,anorith,347.0,71.0,7.0,125.0,2.0,1.0,"battle-armor, swift-swim",66.0,True,anorith,generation-iii,waters-edge,slow-then-very-fast,gray,armor,45.0,70.0,False,False,False,,0,0,0.03015075376884422,0.01240248049609922,0.061188811188811185,0.5,1.0,0.17379679144385024,0.03458068181791821,0.5579322638146168,0.2335471100712222
Armaldo,Rock,Bug,495,75,125,100,70,80,45,True,armaldo,348.0,173.0,15.0,682.0,2.0,1.0,"battle-armor, swift-swim",79.0,True,armaldo,generation-iii,waters-edge,slow-then-very-fast,gray,upright,45.0,70.0,False,False,False,anorith,0,1,0.07035175879396986,0.06811362272454491,0.2395104895104895,0.5,1.0,0.2085561497326203,0.12599195700966812,0.56951871657754,0.4156050737339164
Feebas,Water,,200,20,15,20,10,55,80,True,feebas,349.0,40.0,6.0,74.0,3.0,1.0,"swift-swim, oblivious, adaptability",53.0,True,feebas,generation-iii,waters-edge,slow-then-very-fast,brown,fish,255.0,70.0,False,False,False,,0,0,0.025125628140703515,0.007301460292058412,0.006993006993006992,1.0,1.0,0.1390374331550802,0.013140031808589641,0.7130124777183601,0.28914700062992094
Milotic,Water,,540,95,60,79,100,125,81,True,milotic,350.0,189.0,62.0,1620.0,3.0,1.0,"marvel-scale, competitive, cute-charm",90.0,True,milotic,generation-iii,waters-edge,slow-then-very-fast,pink,squiggle,60.0,70.0,False,False,False,feebas,0,1,0.3065326633165829,0.16193238647729546,0.2674825174825175,1.0,1.0,0.23796791443850265,0.24531585575879863,0.7459893048128342,0.5219904786527733
Castform,Normal,,420,70,70,70,70,70,70,True,castform,351.0,147.0,3.0,8.0,1.0,0.0,forecast,72.0,True,castform,generation-iii,grassland,medium,gray,ball,45.0,70.0,False,False,False,,0,0,0.010050251256281405,0.0007001400280056011,0.19405594405594404,0.0,0.0,0.18983957219251335,0.06826877844674369,0.06327985739750445,0.045792576493024886
Castform,Fire,,420,70,70,70,70,70,70,True,castform,351.0,147.0,3.0,8.0,1.0,0.0,forecast,72.0,True,castform,generation-iii,grassland,medium,gray,ball,45.0,70.0,False,False,False,,0,0,0.010050251256281405,0.0007001400280056011,0.19405594405594404,0.0,0.0,0.18983957219251335,0.06826877844674369,0.06327985739750445,0.045792576493024886
Castform,Water,,420,70,70,70,70,70,70,True,castform,351.0,147.0,3.0,8.0,1.0,0.0,forecast,72.0,True,castform,generation-iii,grassland,medium,gray,ball,45.0,70.0,False,False,False,,0,0,0.010050251256281405,0.0007001400280056011,0.19405594405594404,0.0,0.0,0.18983957219251335,0.06826877844674369,0.06327985739750445,0.045792576493024886
Castform,Ice,,420,70,70,70,70,70,70,True,castform,351.0,147.0,3.0,8.0,1.0,0.0,forecast,72.0,True,castform,generation-iii,grassland,medium,gray,ball,45.0,70.0,False,False,False,,0,0,0.010050251256281405,0.0007001400280056011,0.19405594405594404,0.0,0.0,0.18983957219251335,0.06826877844674369,0.06327985739750445,0.045792576493024886
Kecleon,Normal,,440,60,90,70,60,120,40,True,kecleon,352.0,154.0,10.0,220.0,2.0,1.0,"color-change, protean",111.0,True,kecleon,generation-iii,forest,medium-slow,green,upright,200.0,70.0,False,False,False,,0,0,0.04522613065326633,0.021904380876175238,0.20629370629370627,0.5,1.0,0.2941176470588235,0.09114140594104929,0.5980392156862745,0.2665581080568246
Shuppet,Ghost,,295,44,75,35,63,33,45,True,shuppet,353.0,59.0,6.0,23.0,3.0,1.0,"insomnia, frisk, cursed-body",88.0,True,shuppet,generation-iii,urban,fast,black,ball,225.0,35.0,False,False,False,,0,0,0.025125628140703515,0.0022004400880176033,0.04020979020979021,1.0,1.0,0.23262032085561496,0.02251195281283711,0.7442067736185383,0.3044362952912664
Banette,Ghost,,455,64,115,65,83,63,65,True,banette,354.0,159.0,11.0,125.0,3.0,1.0,"insomnia, frisk, cursed-body",97.0,True,banette,generation-iii,urban,fast,black,upright,45.0,35.0,False,False,False,shuppet,0,1,0.05025125628140704,0.01240248049609922,0.21503496503496503,1.0,1.0,0.2566844919786096,0.0925629006041571,0.75222816399287,0.47866013577839517
Banette,Ghost,,555,64,165,75,93,83,75,True,banette,354.0,159.0,11.0,125.0,3.0,1.0,"insomnia, frisk, cursed-body",97.0,True,banette,generation-iii,urban,fast,black,upright,45.0,35.0,False,False,False,shuppet,0,1,0.05025125628140704,0.01240248049609922,0.21503496503496503,1.0,1.0,0.2566844919786096,0.0925629006041571,0.75222816399287,0.47866013577839517
Duskull,Ghost,,295,20,40,90,30,90,25,True,duskull,355.0,59.0,8.0,150.0,2.0,1.0,"levitate, frisk",83.0,True,duskull,generation-iii,forest,fast,black,arms,190.0,35.0,False,False,False,,0,0,0.035175879396984924,0.014902980596119223,0.04020979020979021,0.5,1.0,0.2192513368983957,0.030096216734298117,0.5730837789661319,0.2382623766067422
Dusclops,Ghost,,455,40,70,130,60,130,25,True,dusclops,356.0,159.0,16.0,306.0,2.0,1.0,"pressure, frisk",103.0,True,dusclops,generation-iii,forest,fast,black,humanoid,90.0,35.0,False,False,False,duskull,0,1,0.07537688442211056,0.03050610122024405,0.21503496503496503,0.5,1.0,0.2727272727272727,0.10697265022577322,0.5909090909090909,0.4184554314313683
Tropius,Grass,Flying,460,99,68,83,72,87,51,True,tropius,357.0,161.0,20.0,1000.0,3.0,1.0,"chlorophyll, solar-power, harvest",95.0,True,tropius,generation-iii,forest,slow,green,quadruped,200.0,70.0,False,False,False,,0,0,0.09547738693467338,0.09991998399679936,0.21853146853146851,1.0,1.0,0.2513368983957219,0.1379762798209804,0.750445632798574,0.34157113706572373
Chimecho,Psychic,,455,75,50,80,95,90,65,True,chimecho,358.0,159.0,6.0,10.0,1.0,0.0,levitate,108.0,True,chimecho,generation-iii,grassland,fast,blue,arms,45.0,70.0,False,False,False,chingling,0,1,0.025125628140703515,0.0009001800360072014,0.21503496503496503,0.0,0.0,0.28609625668449196,0.08035359107055857,0.09536541889483065,0.21225224487909983
Absol,Dark,,465,65,130,60,75,60,75,True,absol,359.0,163.0,12.0,470.0,3.0,1.0,"pressure, super-luck, justified",116.0,True,absol,generation-iii,mountain,medium-slow,white,quadruped,30.0,35.0,False,False,False,,0,0,0.055276381909547735,0.04690938187637528,0.222027972027972,1.0,1.0,0.30748663101604273,0.10807124527129834,0.7691622103386809,0.3400862577168619
Absol,Dark,,565,65,150,60,115,60,115,True,absol,359.0,163.0,12.0,470.0,3.0,1.0,"pressure, super-luck, justified",116.0,True,absol,generation-iii,mountain,medium-slow,white,quadruped,30.0,35.0,False,False,False,,0,0,0.055276381909547735,0.04690938187637528,0.222027972027972,1.0,1.0,0.30748663101604273,0.10807124527129834,0.7691622103386809,0.3400862577168619
Wynaut,Psychic,,260,95,23,48,23,48,23,True,wynaut,360.0,52.0,6.0,140.0,2.0,1.0,"shadow-tag, telepathy",8.0,True,wynaut,generation-iii,cave,medium,blue,upright,125.0,70.0,True,False,False,,0,0,0.025125628140703515,0.013902780556111221,0.02797202797202797,0.5,1.0,0.01871657754010695,0.022333478889614233,0.5062388591800356,0.20919558733889854
Snorunt,Ice,,300,50,50,50,50,50,50,True,snorunt,361.0,60.0,7.0,168.0,3.0,1.0,"inner-focus, ice-body, moody",62.0,True,snorunt,generation-iii,cave,medium,gray,humanoid,190.0,70.0,False,False,False,,0,0,0.03015075376884422,0.01670334066813363,0.04195804195804195,1.0,1.0,0.16310160427807485,0.0296040454650066,0.7210338680926917,0.2972947608765787
Glalie,Ice,,480,80,80,80,80,80,80,True,glalie,362.0,168.0,15.0,2565.0,3.0,1.0,"inner-focus, ice-body, moody",82.0,True,glalie,generation-iii,cave,medium,gray,ball,75.0,70.0,False,False,False,snorunt,0,1,0.07035175879396986,0.25645129025805163,0.23076923076923075,1.0,1.0,0.21657754010695185,0.18585742660708407,0.7388591800356507,0.5013008999963855
Glalie,Ice,,580,80,120,80,120,80,100,True,glalie,362.0,168.0,15.0,2565.0,3.0,1.0,"inner-focus, ice-body, moody",82.0,True,glalie,generation-iii,cave,medium,gray,ball,75.0,70.0,False,False,False,snorunt,0,1,0.07035175879396986,0.25645129025805163,0.23076923076923075,1.0,1.0,0.21657754010695185,0.18585742660708407,0.7388591800356507,0.5013008999963855
Spheal,Ice,Water,290,70,40,50,55,50,25,True,spheal,363.0,58.0,8.0,395.0,3.0,1.0,"thick-fat, ice-body, oblivious",68.0,True,spheal,generation-iii,sea,medium-slow,blue,fish,255.0,70.0,False,False,False,,0,0,0.035175879396984924,0.039407881576315265,0.03846153846153845,1.0,1.0,0.17914438502673793,0.037681766478279546,0.7263814616755794,0.3018571146137156
Sealeo,Ice,Water,410,90,60,70,75,70,45,True,sealeo,364.0,144.0,11.0,876.0,3.0,1.0,"thick-fat, ice-body, oblivious",60.0,True,sealeo,generation-iii,sea,medium-slow,blue,fish,120.0,70.0,False,False,False,spheal,0,1,0.05025125628140704,0.08751750350070013,0.18881118881118883,1.0,1.0,0.15775401069518716,0.10885998286443199,0.7192513368983957,0.47035852961868785
Walrein,Ice,Water,530,110,80,90,95,90,65,True,walrein,365.0,239.0,14.0,1506.0,3.0,1.0,"thick-fat, ice-body, oblivious",73.0,True,walrein,generation-iii,sea,medium-slow,blue,quadruped,45.0,70.0,False,False,False,sealeo,0,1,0.06532663316582915,0.15053010602120423,0.3548951048951049,1.0,1.0,0.19251336898395718,0.1902506146940461,0.7308377896613191,0.49941030027274147
Clamperl,Water,,345,35,64,85,74,55,32,True,clamperl,366.0,69.0,4.0,525.0,2.0,1.0,"shell-armor, rattled",45.0,True,clamperl,generation-iii,sea,slow-then-very-fast,blue,ball,255.0,70.0,False,False,False,,0,0,0.01507537688442211,0.052410482096419284,0.05769230769230768,0.5,1.0,0.11764705882352941,0.04172605555771636,0.5392156862745098,0.22820409117711885
Huntail,Water,,485,55,104,105,94,75,52,True,huntail,367.0,170.0,17.0,270.0,2.0,1.0,"swift-swim, water-veil",58.0,True,huntail,generation-iii,sea,slow-then-very-fast,blue,squiggle,60.0,70.0,False,False,False,clamperl,0,1,0.08040201005025126,0.026905381076215245,0.23426573426573424,0.5,1.0,0.15240641711229944,0.11385770846406691,0.5508021390374331,0.40447816815419335
Gorebyss,Water,,485,55,84,105,114,75,52,True,gorebyss,368.0,170.0,18.0,226.0,2.0,1.0,"swift-swim, hydration",59.0,True,gorebyss,generation-iii,sea,slow-then-very-fast,pink,squiggle,60.0,70.0,False,False,False,clamperl,0,1,0.08542713567839197,0.02250450090018004,0.23426573426573424,0.5,1.0,0.1550802139037433,0.11406579028143542,0.551693404634581,0.4048970989382631
Relicanth,Water,Rock,485,100,90,130,45,65,55,True,relicanth,369.0,170.0,10.0,234.0,3.0,1.0,"swift-swim, rock-head, sturdy",78.0,True,relicanth,generation-iii,sea,slow,gray,fish,25.0,70.0,False,False,False,,0,0,0.04522613065326633,0.023304660932186437,0.23426573426573424,1.0,1.0,0.20588235294117646,0.100932175283729,0.7352941176470589,0.32439729964394226
Luvdisc,Water,,330,43,30,55,40,65,97,True,luvdisc,370.0,116.0,6.0,87.0,2.0,1.0,"swift-swim, hydration",66.0,True,luvdisc,generation-iii,sea,fast,pink,fish,225.0,70.0,False,False,False,,0,0,0.025125628140703515,0.008601720344068814,0.13986013986013984,0.5,1.0,0.17379679144385024,0.05786249611497072,0.5579322638146168,0.24053165436033794
Bagon,Dragon,,300,45,75,60,40,30,50,True,bagon,371.0,60.0,6.0,421.0,2.0,1.0,"rock-head, sheer-force",71.0,True,bagon,generation-iii,rough-terrain,slow,blue,humanoid,45.0,35.0,False,False,False,,0,0,0.025125628140703515,0.042008401680336066,0.04195804195804195,0.5,1.0,0.1871657754010695,0.03636402392636051,0.5623885918003565,0.23586464389805079
Shelgon,Dragon,,420,65,95,100,60,50,50,True,shelgon,372.0,147.0,11.0,1105.0,2.0,1.0,"rock-head, overcoat",70.0,True,shelgon,generation-iii,rough-terrain,slow,white,quadruped,45.0,35.0,False,False,False,bagon,0,1,0.05025125628140704,0.11042208441688336,0.19405594405594404,0.5,1.0,0.18449197860962566,0.11824309491807815,0.5614973262032086,0.41007185895670684
Salamence,Dragon,Flying,600,95,135,80,110,80,100,True,salamence,373.0,270.0,15.0,1026.0,2.0,1.0,"intimidate, moxie",94.0,True,salamence,generation-iii,rough-terrain,slow,blue,quadruped,45.0,35.0,False,False,False,shelgon,0,1,0.07035175879396986,0.10252050410082016,0.40909090909090906,0.5,1.0,0.24866310160427807,0.193987723995233,0.5828877005347594,0.44135139741247364
Salamence,Dragon,Flying,700,95,145,130,120,90,120,True,salamence,373.0,270.0,15.0,1026.0,2.0,1.0,"intimidate, moxie",94.0,True,salamence,generation-iii,rough-terrain,slow,blue,quadruped,45.0,35.0,False,False,False,shelgon,0,1,0.07035175879396986,0.10252050410082016,0.40909090909090906,0.5,1.0,0.24866310160427807,0.193987723995233,0.5828877005347594,0.44135139741247364
Beldum,Steel,Psychic,300,40,55,80,35,60,30,True,beldum,374.0,60.0,6.0,952.0,2.0,1.0,"clear-body, light-metal",8.0,True,beldum,generation-iii,rough-terrain,slow,blue,blob,3.0,35.0,False,False,False,,0,0,0.025125628140703515,0.09511902380476095,0.04195804195804195,0.5,1.0,0.01871657754010695,0.05406756463450214,0.5062388591800356,0.21871581306236493
Metang,Steel,Psychic,420,60,75,100,55,80,50,True,metang,375.0,147.0,12.0,2025.0,2.0,1.0,"clear-body, light-metal",93.0,True,metang,generation-iii,rough-terrain,slow,blue,arms,3.0,35.0,False,False,False,beldum,0,1,0.055276381909547735,0.20244048809761953,0.19405594405594404,0.5,1.0,0.2459893048128342,0.1505909380210371,0.5819964349376114,0.42797585538135574
Metagross,Steel,Psychic,600,80,135,130,95,90,70,True,metagross,376.0,270.0,16.0,5500.0,2.0,1.0,"clear-body, light-metal",104.0,True,metagross,generation-iii,rough-terrain,slow,blue,heads,3.0,35.0,False,False,False,metang,0,1,0.07537688442211056,0.5500100020004001,0.40909090909090906,0.5,1.0,0.27540106951871657,0.3448259318378066,0.5918003565062389,0.49016792215383753
Metagross,Steel,Psychic,700,80,145,150,105,110,110,True,metagross,376.0,270.0,16.0,5500.0,2.0,1.0,"clear-body, light-metal",104.0,True,metagross,generation-iii,rough-terrain,slow,blue,heads,3.0,35.0,False,False,False,metang,0,1,0.07537688442211056,0.5500100020004001,0.40909090909090906,0.5,1.0,0.27540106951871657,0.3448259318378066,0.5918003565062389,0.49016792215383753
Regirock,Rock,,580,80,100,200,50,100,50,True,regirock,377.0,261.0,17.0,2300.0,2.0,1.0,"clear-body, sturdy",87.0,True,regirock,generation-iii,cave,slow,brown,humanoid,3.0,35.0,False,True,False,,1,0,0.08040201005025126,0.22994598919783957,0.39335664335664333,0.5,1.0,0.2299465240641711,0.23456821420157806,0.5766488413547237,0.4510300008023629
Regice,Ice,,580,80,50,100,100,200,50,True,regice,378.0,261.0,18.0,1750.0,2.0,1.0,"clear-body, ice-body",83.0,True,regice,generation-iii,cave,slow,blue,humanoid,3.0,35.0,False,True,False,,1,0,0.08542713567839197,0.17493498699739948,0.39335664335664333,0.5,1.0,0.2192513368983957,0.21790625534414496,0.5730837789661319,0.4446053881896963
Registeel,Steel,,580,80,75,150,75,150,50,True,registeel,379.0,261.0,19.0,2050.0,2.0,1.0,"clear-body, light-metal",89.0,True,registeel,generation-iii,cave,slow,gray,humanoid,3.0,35.0,False,True,False,,1,0,0.09045226130653267,0.20494098819763953,0.39335664335664333,0.5,1.0,0.2352941176470588,0.22958329762027185,0.5784313725490197,0.4502475383056894
Latias,Dragon,Psychic,600,80,80,90,110,130,110,True,latias,380.0,270.0,14.0,400.0,1.0,0.0,levitate,122.0,True,latias,generation-iii,waters-edge,slow,red,wings,3.0,90.0,False,True,False,,1,0,0.06532663316582915,0.03990798159631927,0.40909090909090906,0.0,0.0,0.32352941176470584,0.1714418412843525,0.10784313725490195,0.24456980728726652
Latias,Dragon,Psychic,700,80,100,120,140,150,110,True,latias,380.0,270.0,14.0,400.0,1.0,0.0,levitate,122.0,True,latias,generation-iii,waters-edge,slow,red,wings,3.0,90.0,False,True,False,,1,0,0.06532663316582915,0.03990798159631927,0.40909090909090906,0.0,0.0,0.32352941176470584,0.1714418412843525,0.10784313725490195,0.24456980728726652
Latios,Dragon,Psychic,600,80,90,80,130,110,110,True,latios,381.0,270.0,20.0,600.0,1.0,0.0,levitate,116.0,True,latios,generation-iii,waters-edge,slow,blue,wings,3.0,90.0,False,True,False,,1,0,0.09547738693467338,0.059911982396479296,0.40909090909090906,0.0,0.0,0.30748663101604273,0.1881600928073539,0.10249554367201424,0.24744624531101186
Latios,Dragon,Psychic,700,80,130,100,160,120,110,True,latios,381.0,270.0,20.0,600.0,1.0,0.0,levitate,116.0,True,latios,generation-iii,waters-edge,slow,blue,wings,3.0,90.0,False,True,False,,1,0,0.09547738693467338,0.059911982396479296,0.40909090909090906,0.0,0.0,0.30748663101604273,0.1881600928073539,0.10249554367201424,0.24744624531101186
Kyogre,Water,,670,100,100,90,150,140,90,True,kyogre,382.0,302.0,45.0,3520.0,1.0,0.0,drizzle,73.0,True,kyogre,generation-iii,sea,slow,blue,fish,3.0,0.0,False,True,False,,1,0,0.22110552763819097,0.3519703940788158,0.4650349650349651,0.0,0.0,0.19251336898395718,0.34603696225065733,0.0641711229946524,0.2794795378730581
Kyogre,Water,,770,100,150,90,180,160,90,True,kyogre,382.0,302.0,45.0,3520.0,1.0,0.0,drizzle,73.0,True,kyogre,generation-iii,sea,slow,blue,fish,3.0,0.0,False,True,False,,1,0,0.22110552763819097,0.3519703940788158,0.4650349650349651,0.0,0.0,0.19251336898395718,0.34603696225065733,0.0641711229946524,0.2794795378730581
Groudon,Ground,,670,100,150,140,100,90,90,True,groudon,383.0,302.0,35.0,9500.0,1.0,0.0,drought,108.0,True,groudon,generation-iii,rough-terrain,slow,red,upright,3.0,0.0,False,True,False,,1,0,0.17085427135678394,0.9500900180036007,0.4650349650349651,0.0,0.0,0.28609625668449196,0.5286597514651166,0.09536541889483065,0.3467440929974672
Groudon,Ground,Fire,770,100,180,160,150,90,90,True,groudon,383.0,302.0,35.0,9500.0,1.0,0.0,drought,108.0,True,groudon,generation-iii,rough-terrain,slow,red,upright,3.0,0.0,False,True,False,,1,0,0.17085427135678394,0.9500900180036007,0.4650349650349651,0.0,0.0,0.28609625668449196,0.5286597514651166,0.09536541889483065,0.3467440929974672
Rayquaza,Dragon,Flying,680,105,150,90,150,90,95,True,rayquaza,384.0,306.0,70.0,2065.0,1.0,0.0,air-lock,105.0,True,rayquaza,generation-iii,rare,slow,green,squiggle,45.0,0.0,False,True,False,,1,0,0.34673366834170855,0.2064412882576515,0.4720279720279721,0.0,0.0,0.2780748663101604,0.34173430954244405,0.09269162210338679,0.2895969417040879
Rayquaza,Dragon,Flying,780,105,180,100,180,100,115,True,rayquaza,384.0,306.0,70.0,2065.0,1.0,0.0,air-lock,105.0,True,rayquaza,generation-iii,rare,slow,green,squiggle,45.0,0.0,False,True,False,,1,0,0.34673366834170855,0.2064412882576515,0.4720279720279721,0.0,0.0,0.2780748663101604,0.34173430954244405,0.09269162210338679,0.2895969417040879
Jirachi,Steel,Psychic,600,100,100,100,100,100,100,True,jirachi,385.0,270.0,3.0,11.0,1.0,0.0,serene-grace,108.0,True,jirachi,generation-iii,mountain,slow,yellow,humanoid,3.0,100.0,False,False,True,,1,0,0.010050251256281405,0.0010002000400080014,0.40909090909090906,0.0,0.0,0.28609625668449196,0.14004712012906614,0.09536541889483065,0.2301603035966521
Deoxys,Psychic,,600,50,150,50,150,50,150,False,,,,,,,,,,,,,,,,,,,,,,,0,0,0.04522613065326633,0.02990598119623925,0.21503496503496503,1.0,1.0,0.2085561497326203,0.09672235896149022,0.7361853832442068,0.3234908609861298
Deoxys,Psychic,,600,50,180,20,180,20,150,False,,,,,,,,,,,,,,,,,,,,,,,0,0,0.04522613065326633,0.02990598119623925,0.21503496503496503,1.0,1.0,0.2085561497326203,0.09672235896149022,0.7361853832442068,0.3234908609861298
Deoxys,Psychic,,600,50,70,160,70,160,90,False,,,,,,,,,,,,,,,,,,,,,,,0,0,0.04522613065326633,0.02990598119623925,0.21503496503496503,1.0,1.0,0.2085561497326203,0.09672235896149022,0.7361853832442068,0.3234908609861298
Deoxys,Psychic,,600,50,95,90,95,90,180,False,,,,,,,,,,,,,,,,,,,,,,,0,0,0.04522613065326633,0.02990598119623925,0.21503496503496503,1.0,1.0,0.2085561497326203,0.09672235896149022,0.7361853832442068,0.3234908609861298
Turtwig,Grass,,318,55,68,64,45,55,31,True,turtwig,387.0,64.0,4.0,102.0,2.0,1.0,"overgrow, shell-armor",84.0,True,turtwig,generation-iv,,medium-slow,green,quadruped,45.0,70.0,False,False,False,,0,0,0.01507537688442211,0.010102020404080815,0.048951048951048945,0.5,1.0,0.22192513368983954,0.02470948207985062,0.5739750445632799,0.23700286244926716
Grotle,Grass,,405,75,89,85,55,65,36,True,grotle,388.0,142.0,11.0,970.0,2.0,1.0,"overgrow, shell-armor",84.0,True,grotle,generation-iv,,medium-slow,green,quadruped,45.0,70.0,False,False,False,turtwig,0,1,0.05025125628140704,0.09691938387677534,0.1853146853146853,0.5,1.0,0.22192513368983954,0.11082844182428923,0.5739750445632799,0.41283855037259876
Torterra,Grass,Ground,525,95,109,105,75,85,56,True,torterra,389.0,236.0,22.0,3100.0,2.0,1.0,"overgrow, shell-armor",106.0,True,torterra,generation-iv,,medium-slow,green,quadruped,45.0,70.0,False,False,False,grotle,0,1,0.10552763819095479,0.3099619923984797,0.3496503496503497,0.5,1.0,0.28074866310160423,0.2550466600799281,0.5935828877005348,0.4639471531041923
Chimchar,Fire,,309,44,58,44,58,44,61,True,chimchar,390.0,62.0,5.0,62.0,2.0,1.0,"blaze, iron-fist",100.0,True,chimchar,generation-iv,,medium-slow,brown,upright,45.0,70.0,False,False,False,,0,0,0.020100502512562814,0.00610122024404881,0.04545454545454544,0.5,1.0,0.2647058823529411,0.023885422737052353,0.5882352941176471,0.24245974446817456
Monferno,Fire,Fighting,405,64,78,52,78,52,81,True,monferno,391.0,142.0,9.0,220.0,2.0,1.0,"blaze, iron-fist",107.0,True,monferno,generation-iv,,medium-slow,brown,upright,45.0,70.0,False,False,False,chimchar,0,1,0.04020100502512563,0.021904380876175238,0.1853146853146853,0.5,1.0,0.2834224598930481,0.08247335707199539,0.5944741532976827,0.4125316684406717
Infernape,Fire,Fighting,534,76,104,71,104,71,108,True,infernape,392.0,240.0,12.0,550.0,2.0,1.0,"blaze, iron-fist",126.0,True,infernape,generation-iv,,medium-slow,brown,upright,45.0,70.0,False,False,False,monferno,0,1,0.055276381909547735,0.05491098219643929,0.35664335664335667,0.5,1.0,0.33422459893048123,0.15561024024978123,0.6114081996434938,0.44124635193233186
Piplup,Water,,314,53,51,53,61,56,40,True,piplup,393.0,63.0,4.0,52.0,2.0,1.0,"torrent, competitive",87.0,True,piplup,generation-iv,,medium-slow,blue,humanoid,45.0,70.0,False,False,False,,0,0,0.01507537688442211,0.005101020204040809,0.0472027972027972,0.5,1.0,0.2299465240641711,0.02245973143042004,0.5766488413547237,0.23739745597101553
Prinplup,Water,,405,64,66,68,81,76,50,True,prinplup,394.0,142.0,8.0,230.0,2.0,1.0,"torrent, competitive",90.0,True,prinplup,generation-iv,,medium-slow,blue,upright,45.0,70.0,False,False,False,piplup,0,1,0.035175879396984924,0.022904580916183238,0.1853146853146853,0.5,1.0,0.23796791443850265,0.08113171520928449,0.5793226381461676,0.4060685698212524
Empoleon,Water,Steel,530,84,86,88,111,101,60,True,empoleon,395.0,239.0,17.0,845.0,2.0,1.0,"torrent, competitive",118.0,True,empoleon,generation-iv,,medium-slow,blue,upright,45.0,70.0,False,False,False,prinplup,0,1,0.08040201005025126,0.08441688337667533,0.3548951048951049,0.5,1.0,0.31283422459893045,0.17323799944067717,0.6042780748663101,0.4436826297787272
Starly,Normal,Flying,245,40,55,30,30,30,60,True,starly,396.0,49.0,3.0,20.0,2.0,1.0,"keen-eye, reckless",67.0,True,starly,generation-iv,,medium-slow,brown,wings,255.0,70.0,False,False,False,,0,0,0.010050251256281405,0.001900380076015203,0.02272727272727272,0.5,1.0,0.1764705882352941,0.011559301353189777,0.5588235294117647,0.22699720217066283
Staravia,Normal,Flying,340,55,75,50,40,40,80,True,staravia,397.0,119.0,6.0,155.0,2.0,1.0,"intimidate, reckless",60.0,True,staravia,generation-iv,,medium-slow,brown,wings,120.0,70.0,False,False,False,starly,0,1,0.025125628140703515,0.015403080616123225,0.1451048951048951,0.5,1.0,0.15775401069518716,0.06187786795390728,0.5525846702317291,0.3895972284788638
Staraptor,Normal,Flying,485,85,120,70,50,60,100,True,staraptor,398.0,218.0,12.0,249.0,2.0,1.0,"intimidate, reckless",69.0,True,staraptor,generation-iv,,medium-slow,brown,wings,45.0,70.0,False,False,False,staravia,0,1,0.055276381909547735,0.024804960992198442,0.3181818181818181,0.5,1.0,0.1818181818181818,0.13275438702785478,0.5606060606060607,0.4140687403507807
Bidoof,Normal,,250,59,45,40,35,40,31,True,bidoof,399.0,50.0,5.0,200.0,3.0,1.0,"simple, unaware, moody",71.0,True,bidoof,generation-iv,,medium,brown,quadruped,255.0,70.0,False,False,False,,0,0,0.020100502512562814,0.019903980796159234,0.024475524475524466,1.0,1.0,0.1871657754010695,0.02149333592808217,0.7290552584670231,0.29807010416523394
Bibarel,Normal,Water,410,79,85,60,55,60,71,True,bibarel,400.0,144.0,10.0,315.0,3.0,1.0,"simple, unaware, moody",82.0,True,bibarel,generation-iv,,medium,brown,upright,127.0,70.0,False,False,False,bidoof,0,1,0.04522613065326633,0.03140628125625125,0.18881118881118883,1.0,1.0,0.21657754010695185,0.08848120024023547,0.7388591800356507,0.4720880320863309
Kricketot,Bug,,194,37,25,41,25,41,25,True,kricketot,401.0,39.0,3.0,22.0,2.0,1.0,"shed-skin, run-away",15.0,True,kricketot,generation-iv,,medium-slow,red,humanoid,255.0,70.0,False,False,False,,0,0,0.010050251256281405,0.002100420084016803,0.005244755244755234,0.5,1.0,0.03743315508021391,0.0057984755283511475,0.5124777183600713,0.20673063000253386
Kricketune,Bug,,384,77,85,51,55,51,65,True,kricketune,402.0,134.0,10.0,255.0,2.0,1.0,"swarm, technician",74.0,True,kricketune,generation-iv,,medium-slow,red,bug-wings,45.0,70.0,False,False,False,kricketot,0,1,0.04522613065326633,0.025405081016203243,0.17132867132867133,0.5,1.0,0.19518716577540104,0.08065329433271363,0.5650623885918004,0.4002209437365343
Shinx,Electric,,263,45,65,34,40,34,45,True,shinx,403.0,53.0,5.0,95.0,3.0,1.0,"rivalry, intimidate, guts",72.0,True,shinx,generation-iv,,medium-slow,blue,quadruped,235.0,70.0,False,False,False,,0,0,0.020100502512562814,0.009401880376075214,0.029720279720279713,1.0,1.0,0.18983957219251335,0.019740887536305915,0.7299465240641712,0.2979008758865602
Luxio,Electric,,363,60,85,49,60,49,60,True,luxio,404.0,127.0,9.0,305.0,3.0,1.0,"rivalry, intimidate, guts",68.0,True,luxio,generation-iv,,medium-slow,blue,quadruped,120.0,100.0,False,False,False,shinx,0,1,0.04020100502512563,0.03040608121624325,0.1590909090909091,1.0,1.0,0.17914438502673793,0.07656599844409266,0.7263814616755794,0.4635223842034596
Luxray,Electric,,523,80,120,79,95,79,70,True,luxray,405.0,235.0,14.0,420.0,3.0,1.0,"rivalry, intimidate, guts",79.0,True,luxray,generation-iv,,medium-slow,blue,quadruped,45.0,70.0,False,False,False,luxio,0,1,0.06532663316582915,0.04190838167633527,0.3479020979020979,1.0,1.0,0.2085561497326203,0.15171237091475412,0.7361853832442068,0.48998786457210897
Budew,Grass,Poison,280,40,30,35,50,70,55,True,budew,406.0,56.0,2.0,12.0,3.0,1.0,"natural-cure, poison-point, leaf-guard",63.0,True,budew,generation-iv,,medium-slow,green,humanoid,255.0,70.0,True,False,False,,0,0,0.005025125628140704,0.0011002200440088017,0.03496503496503496,1.0,1.0,0.16577540106951869,0.013696793545728156,0.7219251336898395,0.29287909153965425
Roserade,Grass,Poison,515,60,70,65,125,105,90,True,roserade,407.0,232.0,9.0,145.0,3.0,1.0,"natural-cure, poison-point, technician",76.0,True,roserade,generation-iv,,medium-slow,green,humanoid,75.0,70.0,False,False,False,roselia,0,1,0.04020100502512563,0.014402880576115223,0.3426573426573426,1.0,1.0,0.20053475935828874,0.13242040941952782,0.7335115864527629,0.48313075740696354
Cranidos,Rock,,350,67,125,40,30,30,58,True,cranidos,408.0,70.0,9.0,315.0,2.0,1.0,"mold-breaker, sheer-force",87.0,True,cranidos,generation-iv,,slow-then-very-fast,blue,upright,45.0,70.0,False,False,False,,0,0,0.04020100502512563,0.03140628125625125,0.05944055944055944,0.5,1.0,0.2299465240641711,0.04368261524064545,0.5766488413547237,0.24376432111408314
Rampardos,Rock,,495,97,165,60,65,50,58,True,rampardos,409.0,173.0,16.0,1025.0,2.0,1.0,"mold-breaker, sheer-force",106.0,True,rampardos,generation-iv,,slow-then-very-fast,blue,upright,45.0,70.0,False,False,False,cranidos,0,1,0.07537688442211056,0.10242048409681936,0.2395104895104895,0.5,1.0,0.28074866310160423,0.1391026193431398,0.5935828877005348,0.4291639408831559
Shieldon,Rock,Steel,350,30,42,118,42,88,30,True,shieldon,410.0,70.0,5.0,570.0,2.0,1.0,"sturdy, soundproof",77.0,True,shieldon,generation-iv,,slow-then-very-fast,gray,quadruped,45.0,70.0,False,False,False,,0,0,0.020100502512562814,0.05691138227645529,0.05944055944055944,0.5,1.0,0.2032085561497326,0.04548414807652584,0.5677361853832442,0.24073971857625545
Bastiodon,Rock,Steel,495,60,52,168,47,138,30,True,bastiodon,411.0,173.0,13.0,1495.0,2.0,1.0,"sturdy, soundproof",89.0,True,bastiodon,generation-iv,,slow-then-very-fast,gray,quadruped,45.0,70.0,False,False,False,shieldon,0,1,0.06030150753768845,0.14942988597719542,0.2395104895104895,0.5,1.0,0.2352941176470588,0.14974729434179113,0.5784313725490197,0.42629673732214524
Burmy,Bug,,224,40,29,45,29,45,36,True,burmy,412.0,45.0,2.0,34.0,2.0,1.0,"shed-skin, overcoat",8.0,True,burmy,generation-iv,,medium,green,blob,120.0,70.0,False,False,False,,0,0,0.005025125628140704,0.0033006601320264054,0.01573426573426573,0.5,1.0,0.01871657754010695,0.008020017164810945,0.5062388591800356,0.20490154882145756
Burmy,Bug,,224,40,29,45,29,45,36,True,burmy,412.0,45.0,2.0,34.0,2.0,1.0,"shed-skin, overcoat",8.0,True,burmy,generation-iv,,medium,green,blob,120.0,70.0,False,False,False,,0,0,0.005025125628140704,0.0033006601320264054,0.01573426573426573,0.5,1.0,0.01871657754010695,0.008020017164810945,0.5062388591800356,0.20490154882145756
Burmy,Bug,,224,40,29,45,29,45,36,True,burmy,412.0,45.0,2.0,34.0,2.0,1.0,"shed-skin, overcoat",8.0,True,burmy,generation-iv,,medium,green,blob,120.0,70.0,False,False,False,,0,0,0.005025125628140704,0.0033006601320264054,0.01573426573426573,0.5,1.0,0.01871657754010695,0.008020017164810945,0.5062388591800356,0.20490154882145756
Wormadam,Bug,Grass,424,60,59,85,79,105,36,False,,,,,,,,,,,,,,,,,,,,,,,0,0,0.04522613065326633,0.02990598119623925,0.21503496503496503,1.0,1.0,0.2085561497326203,0.09672235896149022,0.7361853832442068,0.3234908609861298
Wormadam,Bug,Ground,424,60,79,105,59,85,36,False,,,,,,,,,,,,,,,,,,,,,,,0,0,0.04522613065326633,0.02990598119623925,0.21503496503496503,1.0,1.0,0.2085561497326203,0.09672235896149022,0.7361853832442068,0.3234908609861298
Wormadam,Bug,Steel,424,60,69,95,69,95,36,False,,,,,,,,,,,,,,,,,,,,,,,0,0,0.04522613065326633,0.02990598119623925,0.21503496503496503,1.0,1.0,0.2085561497326203,0.09672235896149022,0.7361853832442068,0.3234908609861298
Mothim,Bug,Flying,424,70,94,50,94,50,66,True,mothim,414.0,148.0,9.0,233.0,2.0,1.0,"swarm, tinted-lens",63.0,True,mothim,generation-iv,,medium,yellow,bug-wings,45.0,70.0,False,False,False,burmy,0,1,0.04020100502512563,0.023204640928185638,0.1958041958041958,0.5,1.0,0.16577540106951869,0.08640328058583568,0.5552584670231729,0.39802437098501986
Combee,Bug,Flying,244,30,30,42,30,42,70,True,combee,415.0,49.0,3.0,55.0,2.0,1.0,"honey-gather, hustle",18.0,True,combee,generation-iv,,medium-slow,yellow,heads,120.0,70.0,False,False,False,,0,0,0.010050251256281405,0.005401080216043209,0.02272727272727272,0.5,1.0,0.045454545454545456,0.012726201399865779,0.5151515151515151,0.2098784664805658
Vespiquen,Bug,Flying,474,70,80,102,80,102,40,True,vespiquen,416.0,166.0,12.0,385.0,2.0,1.0,"pressure, unnerve",94.0,True,vespiquen,generation-iv,,medium-slow,yellow,bug-wings,45.0,70.0,False,False,False,combee,0,1,0.055276381909547735,0.03840768153630726,0.22727272727272727,0.5,1.0,0.24866310160427807,0.1069855969061941,0.5828877005347594,0.41525075928576194
Pachirisu,Electric,,405,60,45,70,45,90,95,True,pachirisu,417.0,142.0,4.0,39.0,3.0,1.0,"run-away, pickup, volt-absorb",91.0,True,pachirisu,generation-iv,,medium,white,quadruped,200.0,100.0,False,False,False,,0,0,0.01507537688442211,0.003800760152030406,0.1853146853146853,1.0,1.0,0.2406417112299465,0.06806360745037927,0.7468805704099822,0.3191713103991067
Buizel,Water,,330,55,65,35,60,30,85,True,buizel,418.0,66.0,7.0,295.0,2.0,1.0,"swift-swim, water-veil",87.0,True,buizel,generation-iv,,medium,brown,quadruped,190.0,70.0,False,False,False,,0,0,0.03015075376884422,0.029405881176235247,0.05244755244755245,0.5,1.0,0.2299465240641711,0.037334729130877306,0.5766488413547237,0.2418599552811527
Floatzel,Water,,495,85,105,55,85,50,115,True,floatzel,419.0,173.0,11.0,335.0,2.0,1.0,"swift-swim, water-veil",89.0,True,floatzel,generation-iv,,medium,brown,quadruped,75.0,70.0,False,False,False,buizel,0,1,0.05025125628140704,0.03340668133626726,0.2395104895104895,0.5,1.0,0.2352941176470588,0.10772280904272126,0.5784313725490197,0.41368939173242425
Cherubi,Grass,,275,45,35,45,62,53,35,True,cherubi,420.0,55.0,4.0,33.0,1.0,0.0,chlorophyll,63.0,True,cherubi,generation-iv,,medium,pink,heads,190.0,70.0,False,False,False,,0,0,0.01507537688442211,0.003200640128025605,0.033216783216783216,0.0,0.0,0.16577540106951869,0.017164266743076976,0.05525846702317289,0.02725266683219225
Cherrim,Grass,,450,70,60,70,87,78,85,True,cherrim,421.0,158.0,5.0,93.0,1.0,0.0,flower-gift,60.0,True,cherrim,generation-iv,,medium,purple,legs,75.0,70.0,False,False,False,cherubi,0,1,0.020100502512562814,0.009201840368073614,0.21328671328671325,0.0,0.0,0.15775401069518716,0.0808630187224499,0.05258467023172905,0.1952927737094266
Shellos,Water,,325,76,48,48,57,62,34,True,shellos,422.0,65.0,3.0,63.0,3.0,1.0,"sticky-hold, storm-drain, sand-force",76.0,True,shellos,generation-iv,,medium,purple,squiggle,190.0,70.0,False,False,False,,0,0,0.010050251256281405,0.006201240248049611,0.05069930069930069,1.0,1.0,0.20053475935828874,0.0223169307345439,0.7335115864527629,0.3000997138014683
Gastrodon,Water,Ground,475,111,83,68,92,82,39,True,gastrodon,423.0,166.0,9.0,299.0,3.0,1.0,"sticky-hold, storm-drain, sand-force",79.0,True,gastrodon,generation-iv,,medium,purple,squiggle,75.0,70.0,False,False,False,shellos,0,1,0.04020100502512563,0.02980596119223845,0.22727272727272727,1.0,1.0,0.2085561497326203,0.09909323116336377,0.7361853832442068,0.4742021226466918
Ambipom,Normal,,482,75,100,66,60,66,115,True,ambipom,424.0,169.0,12.0,203.0,3.0,1.0,"technician, pickup, skill-link",105.0,True,ambipom,generation-iv,,fast,purple,upright,45.0,100.0,False,False,False,aipom,0,1,0.055276381909547735,0.020204040808161634,0.23251748251748253,1.0,1.0,0.2780748663101604,0.10266596841173063,0.7593582887700534,0.4845431060315405
Drifloon,Ghost,Flying,348,90,50,34,60,44,70,True,drifloon,425.0,70.0,4.0,12.0,3.0,1.0,"aftermath, unburden, flare-boost",96.0,True,drifloon,generation-iv,,fast-then-very-slow,purple,arms,125.0,70.0,False,False,False,,0,0,0.01507537688442211,0.0011002200440088017,0.05944055944055944,1.0,1.0,0.25401069518716574,0.02520538545633012,0.7513368983957219,0.3080963749951878
Drifblim,Ghost,Flying,498,150,80,44,90,54,80,True,drifblim,426.0,174.0,12.0,150.0,3.0,1.0,"aftermath, unburden, flare-boost",98.0,True,drifblim,generation-iv,,fast-then-very-slow,purple,arms,60.0,70.0,False,False,False,drifloon,0,1,0.055276381909547735,0.014902980596119223,0.24125874125874128,1.0,1.0,0.25935828877005346,0.10381270125480274,0.7531194295900178,0.48239158221244793
Buneary,Normal,,350,55,66,44,44,56,85,True,buneary,427.0,70.0,4.0,55.0,3.0,1.0,"run-away, klutz, limber",94.0,True,buneary,generation-iv,,medium,brown,upright,190.0,0.0,False,False,False,,0,0,0.01507537688442211,0.005401080216043209,0.05944055944055944,1.0,1.0,0.24866310160427807,0.02663900551367492,0.749554367201426,0.30781344853467285
Lopunny,Normal,,480,65,76,84,54,96,105,True,lopunny,428.0,168.0,12.0,333.0,3.0,1.0,"cute-charm, klutz, limber",115.0,True,lopunny,generation-iv,,medium,brown,upright,60.0,140.0,False,False,False,buneary,0,1,0.055276381909547735,0.03320664132826565,0.23076923076923075,1.0,1.0,0.3048128342245989,0.10641741800234805,0.7682709447415329,0.4892336032973176
Lopunny,Normal,Fighting,580,65,136,94,54,96,135,True,lopunny,428.0,168.0,12.0,333.0,3.0,1.0,"cute-charm, klutz, limber",115.0,True,lopunny,generation-iv,,medium,brown,upright,60.0,140.0,False,False,False,buneary,0,1,0.055276381909547735,0.03320664132826565,0.23076923076923075,1.0,1.0,0.3048128342245989,0.10641741800234805,0.7682709447415329,0.4892336032973176
Mismagius,Ghost,,495,60,60,60,105,105,105,True,mismagius,429.0,173.0,9.0,44.0,1.0,0.0,levitate,103.0,True,mismagius,generation-iv,,fast,purple,ball,45.0,35.0,False,False,False,misdreavus,0,1,0.04020100502512563,0.004300860172034407,0.2395104895104895,0.0,0.0,0.2727272727272727,0.09467078490254983,0.0909090909090909,0.2147648718344013
Honchkrow,Dark,Flying,505,100,125,52,105,52,71,True,honchkrow,430.0,177.0,9.0,273.0,3.0,1.0,"insomnia, super-luck, moxie",90.0,True,honchkrow,generation-iv,,medium-slow,black,wings,30.0,35.0,False,False,False,murkrow,0,1,0.04020100502512563,0.027205441088217645,0.24650349650349648,1.0,1.0,0.23796791443850265,0.10463664753894658,0.7459893048128342,0.4797867161868177
Glameow,Normal,,310,49,55,42,42,37,85,True,glameow,431.0,62.0,5.0,39.0,3.0,1.0,"limber, own-tempo, keen-eye",77.0,True,glameow,generation-iv,,fast,gray,quadruped,190.0,70.0,False,False,False,,0,0,0.020100502512562814,0.003800760152030406,0.04545454545454544,1.0,1.0,0.2032085561497326,0.023118602706379554,0.7344028520499108,0.3006967216318782
Purugly,Normal,,452,71,82,64,64,59,112,True,purugly,432.0,158.0,10.0,438.0,3.0,1.0,"thick-fat, own-tempo, defiant",77.0,True,purugly,generation-iv,,fast,gray,quadruped,75.0,70.0,False,False,False,glameow,0,1,0.04522613065326633,0.04370874174834967,0.21328671328671325,1.0,1.0,0.2032085561497326,0.10074052856277642,0.7344028520499108,0.47398329938879724
Chingling,Psychic,,285,45,30,50,65,50,45,True,chingling,433.0,57.0,2.0,6.0,1.0,0.0,levitate,82.0,True,chingling,generation-iv,,fast,yellow,humanoid,120.0,70.0,True,False,False,,0,0,0.005025125628140704,0.0005001000200040008,0.036713286713286705,0.0,0.0,0.21657754010695185,0.014079504120477137,0.07219251336898395,0.033100856583736724
Stunky,Poison,Dark,329,63,63,47,41,41,74,True,stunky,434.0,66.0,4.0,192.0,3.0,1.0,"stench, aftermath, keen-eye",94.0,True,stunky,generation-iv,,medium,purple,quadruped,225.0,70.0,False,False,False,,0,0,0.01507537688442211,0.019103820764152832,0.05244755244755245,1.0,1.0,0.24866310160427807,0.028875583365375795,0.749554367201426,0.30848442189018316
Skuntank,Poison,Dark,479,103,93,67,71,61,84,True,skuntank,435.0,168.0,10.0,380.0,3.0,1.0,"stench, aftermath, keen-eye",95.0,True,skuntank,generation-iv,,medium,purple,quadruped,60.0,70.0,False,False,False,stunky,0,1,0.04522613065326633,0.03790758151630326,0.23076923076923075,1.0,1.0,0.2513368983957219,0.10463431431293345,0.750445632798574,0.4815685474133097
Bronzor,Steel,Psychic,300,57,24,86,24,86,23,True,bronzor,436.0,60.0,5.0,605.0,3.0,1.0,"levitate, heatproof, heavy-metal",85.0,True,bronzor,generation-iv,,medium,green,ball,255.0,70.0,False,False,False,,0,0,0.020100502512562814,0.0604120824164833,0.04195804195804195,1.0,1.0,0.2245989304812834,0.04082354229569602,0.7415329768270945,0.3088602534195466
Bronzong,Steel,Psychic,500,67,89,116,79,116,33,True,bronzong,437.0,175.0,13.0,1870.0,3.0,1.0,"levitate, heatproof, heavy-metal",98.0,True,bronzong,generation-iv,,medium,green,arms,90.0,70.0,False,False,False,bronzor,0,1,0.06030150753768845,0.1869373874774955,0.243006993006993,1.0,1.0,0.25935828877005346,0.16341529600739232,0.7531194295900178,0.5002723606382249
Bonsly,Rock,,290,50,80,95,10,45,10,True,bonsly,438.0,58.0,5.0,150.0,3.0,1.0,"sturdy, rock-head, rattled",77.0,True,bonsly,generation-iv,,medium,brown,legs,255.0,70.0,True,False,False,,0,0,0.020100502512562814,0.014902980596119223,0.03846153846153845,1.0,1.0,0.2032085561497326,0.02448834052340683,0.7344028520499108,0.3011076429769864
Mime Jr.,Psychic,Fairy,310,20,25,45,70,90,60,True,mime-jr,439.0,62.0,6.0,130.0,3.0,1.0,"soundproof, filter, technician",92.0,True,mime-jr,generation-iv,,medium,pink,humanoid,145.0,70.0,True,False,False,,0,0,0.025125628140703515,0.01290258051610322,0.04545454545454544,1.0,1.0,0.24331550802139035,0.027827584703784058,0.74777183600713,0.3074570098139872
Happiny,Normal,,220,100,5,5,15,65,30,True,happiny,440.0,110.0,6.0,244.0,3.0,1.0,"natural-cure, serene-grace, friend-guard",80.0,True,happiny,generation-iv,,fast,pink,humanoid,130.0,140.0,True,False,False,,0,0,0.025125628140703515,0.02430486097219444,0.12937062937062938,1.0,1.0,0.21122994652406415,0.059600372827842446,0.7370766488413548,0.31271077138489467
Chatot,Normal,Flying,411,76,65,45,92,42,91,True,chatot,441.0,144.0,5.0,19.0,3.0,1.0,"keen-eye, tangled-feet, big-pecks",64.0,True,chatot,generation-iv,,medium-slow,black,wings,30.0,35.0,False,False,False,,0,0,0.020100502512562814,0.0018003600720144027,0.18881118881118883,1.0,1.0,0.16844919786096255,0.07023735046525535,0.7228163992869875,0.3101977648543716
Spiritomb,Ghost,Dark,485,50,92,108,92,108,35,True,spiritomb,442.0,170.0,10.0,1080.0,2.0,1.0,"pressure, infiltrator",86.0,True,spiritomb,generation-iv,,medium,purple,blob,100.0,70.0,False,False,False,,0,0,0.04522613065326633,0.10792158431686337,0.23426573426573424,0.5,1.0,0.22727272727272724,0.12913781641195465,0.5757575757575758,0.2690443752266167
Gible,Dragon,Ground,300,58,70,45,40,45,42,True,gible,443.0,60.0,7.0,205.0,2.0,1.0,"sand-veil, rough-skin",77.0,True,gible,generation-iv,,slow,blue,upright,45.0,70.0,False,False,False,,0,0,0.03015075376884422,0.020404080816163232,0.04195804195804195,0.5,1.0,0.2032085561497326,0.030837625514349803,0.5677361853832442,0.23634576180760264
Gabite,Dragon,Ground,410,68,90,65,50,55,82,True,gabite,444.0,144.0,14.0,560.0,2.0,1.0,"sand-veil, rough-skin",81.0,True,gabite,generation-iv,,slow,blue,upright,45.0,70.0,False,False,False,gible,0,1,0.06532663316582915,0.05591118223644729,0.18881118881118883,0.5,1.0,0.213903743315508,0.10334966807115509,0.571301247771836,0.40952539953008094
Garchomp,Dragon,Ground,600,108,130,95,80,85,102,True,garchomp,445.0,270.0,19.0,950.0,2.0,1.0,"sand-veil, rough-skin",94.0,True,garchomp,generation-iv,,slow,blue,upright,45.0,70.0,False,False,False,gabite,0,1,0.09045226130653267,0.09491898379675935,0.40909090909090906,0.5,1.0,0.24866310160427807,0.198154051398067,0.5828877005347594,0.44260129563332384
Garchomp,Dragon,Ground,700,108,170,115,120,95,92,True,garchomp,445.0,270.0,19.0,950.0,2.0,1.0,"sand-veil, rough-skin",94.0,True,garchomp,generation-iv,,slow,blue,upright,45.0,70.0,False,False,False,gabite,0,1,0.09045226130653267,0.09491898379675935,0.40909090909090906,0.5,1.0,0.24866310160427807,0.198154051398067,0.5828877005347594,0.44260129563332384
Munchlax,Normal,,390,135,85,40,40,85,5,True,munchlax,446.0,78.0,6.0,1050.0,3.0,1.0,"pickup, thick-fat, gluttony",105.0,True,munchlax,generation-iv,,slow,black,humanoid,50.0,70.0,True,False,False,,0,0,0.025125628140703515,0.10492098419683936,0.07342657342657341,1.0,1.0,0.2780748663101604,0.06782439525470543,0.7593582887700534,0.324090634084433
Riolu,Fighting,,285,40,70,40,35,40,60,True,riolu,447.0,57.0,7.0,202.0,3.0,1.0,"steadfast, inner-focus, prankster",97.0,True,riolu,generation-iv,,medium-slow,blue,upright,75.0,70.0,True,False,False,,0,0,0.03015075376884422,0.020104020804160832,0.036713286713286705,1.0,1.0,0.2566844919786096,0.028989353762097252,0.75222816399287,0.3095880717257772
Lucario,Fighting,Steel,525,70,110,70,115,70,90,True,lucario,448.0,184.0,12.0,540.0,3.0,1.0,"steadfast, inner-focus, justified",119.0,True,lucario,generation-iv,,medium-slow,blue,upright,45.0,70.0,False,False,False,riolu,0,1,0.055276381909547735,0.05391078215643129,0.25874125874125875,1.0,1.0,0.3155080213903743,0.1226428076024126,0.7718360071301248,0.4955272451327737
Lucario,Fighting,Steel,625,70,145,88,140,70,112,True,lucario,448.0,184.0,12.0,540.0,3.0,1.0,"steadfast, inner-focus, justified",119.0,True,lucario,generation-iv,,medium-slow,blue,upright,45.0,70.0,False,False,False,riolu,0,1,0.055276381909547735,0.05391078215643129,0.25874125874125875,1.0,1.0,0.3155080213903743,0.1226428076024126,0.7718360071301248,0.4955272451327737
Hippopotas,Ground,,330,68,72,78,38,42,32,True,hippopotas,449.0,66.0,8.0,495.0,2.0,1.0,"sand-stream, sand-force",68.0,True,hippopotas,generation-iv,,slow,brown,quadruped,140.0,70.0,False,False,False,,0,0,0.035175879396984924,0.04940988197639528,0.05244755244755245,0.5,1.0,0.17914438502673793,0.04567777127364422,0.5597147950089126,0.2375892493856583
Hippowdon,Ground,,525,108,112,118,68,72,47,True,hippowdon,450.0,184.0,20.0,3000.0,2.0,1.0,"sand-stream, sand-force",74.0,True,hippowdon,generation-iv,,slow,brown,quadruped,60.0,70.0,False,False,False,hippopotas,0,1,0.09547738693467338,0.2999599919983997,0.25874125874125875,0.5,1.0,0.19518716577540104,0.21805954589144394,0.5650623885918004,0.4414428192041533
Skorupi,Poison,Bug,330,40,50,90,30,55,65,True,skorupi,451.0,66.0,8.0,120.0,3.0,1.0,"battle-armor, sniper, keen-eye",77.0,True,skorupi,generation-iv,,slow,purple,armor,120.0,70.0,False,False,False,,0,0,0.035175879396984924,0.011902380476095218,0.05244755244755245,1.0,1.0,0.2032085561497326,0.0331752707735442,0.7344028520499108,0.3037137220520276
Drapion,Poison,Dark,500,70,90,110,60,75,95,True,drapion,452.0,175.0,13.0,615.0,3.0,1.0,"battle-armor, sniper, keen-eye",90.0,True,drapion,generation-iv,,slow,purple,armor,45.0,70.0,False,False,False,skorupi,0,1,0.06030150753768845,0.0614122824564913,0.243006993006993,1.0,1.0,0.23796791443850265,0.12157359433372424,0.7459893048128342,0.484867800225251
Croagunk,Poison,Fighting,300,48,61,40,61,40,50,True,croagunk,453.0,60.0,7.0,230.0,3.0,1.0,"anticipation, dry-skin, poison-touch",112.0,True,croagunk,generation-iv,,medium,blue,humanoid,140.0,100.0,False,False,False,,0,0,0.03015075376884422,0.022904580916183238,0.04195804195804195,1.0,1.0,0.29679144385026734,0.031671125547689805,0.7655971479500892,0.3157401968443426
Toxicroak,Poison,Fighting,490,83,106,65,86,65,85,True,toxicroak,454.0,172.0,13.0,444.0,3.0,1.0,"anticipation, dry-skin, poison-touch",115.0,True,toxicroak,generation-iv,,medium,blue,humanoid,75.0,70.0,False,False,False,croagunk,0,1,0.06030150753768845,0.04430886177235447,0.23776223776223773,1.0,1.0,0.3048128342245989,0.11412420235742689,0.7682709447415329,0.49154563860384126
Carnivine,Grass,,454,74,100,72,90,72,46,True,carnivine,455.0,159.0,14.0,270.0,1.0,0.0,levitate,70.0,True,carnivine,generation-iv,,slow,green,tentacles,200.0,70.0,False,False,False,,0,0,0.06532663316582915,0.026905381076215245,0.21503496503496503,0.0,0.0,0.18449197860962566,0.1024223264256698,0.06149732620320855,0.05532562840898436
Finneon,Water,,330,49,49,56,49,61,66,True,finneon,456.0,66.0,4.0,70.0,3.0,1.0,"swift-swim, storm-drain, water-veil",74.0,True,finneon,generation-iv,,slow-then-very-fast,blue,fish,190.0,70.0,False,False,False,,0,0,0.01507537688442211,0.006901380276055211,0.05244755244755245,1.0,1.0,0.19518716577540104,0.024808103202676592,0.7317290552584671,0.30013405306418983
Lumineon,Water,,460,69,69,76,69,86,91,True,lumineon,457.0,161.0,12.0,240.0,3.0,1.0,"swift-swim, storm-drain, water-veil",72.0,True,lumineon,generation-iv,,slow-then-very-fast,blue,fish,75.0,70.0,False,False,False,finneon,0,1,0.055276381909547735,0.023904780956191238,0.21853146853146851,1.0,1.0,0.18983957219251335,0.09923754379906917,0.7299465240641712,0.47174987276538916
Mantyke,Water,Flying,345,45,20,50,60,120,50,True,mantyke,458.0,69.0,10.0,650.0,3.0,1.0,"swift-swim, water-absorb, water-veil",66.0,True,mantyke,generation-iv,,slow,blue,wings,25.0,70.0,True,False,False,,0,0,0.04522613065326633,0.0649129825965193,0.05769230769230768,1.0,1.0,0.17379679144385024,0.055943806980697765,0.7245989304812834,0.3066227142867227
Snover,Grass,Ice,334,60,62,50,62,60,40,True,snover,459.0,67.0,10.0,505.0,2.0,1.0,"snow-warning, soundproof",76.0,True,snover,generation-iv,,slow,white,upright,120.0,70.0,False,False,False,,0,0,0.04522613065326633,0.05041008201640328,0.05419580419580419,0.5,1.0,0.20053475935828874,0.049944005621824605,0.5668449197860962,0.24172116960098586
Abomasnow,Grass,Ice,494,90,92,75,92,85,60,True,abomasnow,460.0,173.0,22.0,1355.0,2.0,1.0,"snow-warning, soundproof",98.0,True,abomasnow,generation-iv,,slow,white,upright,60.0,70.0,False,False,False,snover,0,1,0.10552763819095479,0.1354270854170834,0.2395104895104895,0.5,1.0,0.25935828877005346,0.16015507103950924,0.5864527629233511,0.43262762648119324
Abomasnow,Grass,Ice,594,90,132,105,132,105,30,True,abomasnow,460.0,173.0,22.0,1355.0,2.0,1.0,"snow-warning, soundproof",98.0,True,abomasnow,generation-iv,,slow,white,upright,60.0,70.0,False,False,False,snover,0,1,0.10552763819095479,0.1354270854170834,0.2395104895104895,0.5,1.0,0.25935828877005346,0.16015507103950924,0.5864527629233511,0.43262762648119324
Weavile,Dark,Ice,510,70,120,65,45,85,125,True,weavile,461.0,179.0,11.0,340.0,2.0,1.0,"pressure, pickpocket",115.0,True,weavile,generation-iv,,medium-slow,black,upright,45.0,35.0,False,False,False,sneasel,0,1,0.05025125628140704,0.03390678135627125,0.24999999999999997,0.5,1.0,0.3048128342245989,0.11138601254589275,0.6016042780748663,0.42405751499371436
Magnezone,Electric,Steel,535,70,70,115,130,90,60,True,magnezone,462.0,241.0,12.0,1800.0,3.0,1.0,"magnet-pull, sturdy, analytic",81.0,True,magnezone,generation-iv,,medium,gray,arms,30.0,70.0,False,False,False,magneton,0,1,0.055276381909547735,0.17993598719743947,0.35839160839160844,1.0,1.0,0.213903743315508,0.19786799249953188,0.7379679144385026,0.5045475635252606
Lickilicky,Normal,,515,110,85,95,80,95,50,True,lickilicky,463.0,180.0,17.0,1400.0,3.0,1.0,"own-tempo, oblivious, cloud-nine",102.0,True,lickilicky,generation-iv,,medium,pink,humanoid,30.0,70.0,False,False,False,lickitung,0,1,0.08040201005025126,0.13992798559711941,0.2517482517482518,1.0,1.0,0.27005347593582885,0.15735941579854082,0.7566844919786097,0.4998816215310061
Rhyperior,Ground,Rock,535,115,140,130,55,55,40,True,rhyperior,464.0,241.0,24.0,2828.0,3.0,1.0,"lightning-rod, solid-rock, reckless",128.0,True,rhyperior,generation-iv,,slow,gray,upright,30.0,70.0,False,False,False,rhydon,0,1,0.11557788944723618,0.28275655131026206,0.35839160839160844,1.0,1.0,0.33957219251336895,0.25224201638303556,0.7798573975044563,0.5376155639166932
Tangrowth,Grass,,535,100,100,125,110,50,50,True,tangrowth,465.0,187.0,20.0,1286.0,3.0,1.0,"chlorophyll, leaf-guard, regenerator",84.0,True,tangrowth,generation-iv,,medium,blue,humanoid,30.0,70.0,False,False,False,tangela,0,1,0.09547738693467338,0.1285257051410282,0.26398601398601396,1.0,1.0,0.22192513368983954,0.16266303535390517,0.7406417112299465,0.4950555950981501
Electivire,Electric,,540,75,123,67,95,85,95,True,electivire,466.0,243.0,18.0,1386.0,2.0,1.0,"motor-drive, vital-spirit",98.0,True,electivire,generation-iv,,medium,yellow,upright,30.0,70.0,False,False,False,electabuzz,0,1,0.08542713567839197,0.13852770554110821,0.3618881118881119,0.5,1.0,0.25935828877005346,0.19528098436920402,0.5864527629233511,0.44316540048010167
Magmortar,Fire,,540,75,95,67,125,95,83,True,magmortar,467.0,243.0,16.0,680.0,2.0,1.0,"flame-body, vital-spirit",102.0,True,magmortar,generation-iv,,medium,red,upright,30.0,70.0,False,False,False,magmar,0,1,0.07537688442211056,0.0679135827165433,0.3618881118881119,0.5,1.0,0.27005347593582885,0.1683928596755886,0.5900178253119429,0.43652498802745376
Togekiss,Fairy,Flying,545,85,50,95,120,115,80,True,togekiss,468.0,245.0,15.0,380.0,3.0,1.0,"hustle, serene-grace, super-luck",118.0,True,togekiss,generation-iv,,fast,white,wings,30.0,70.0,False,False,False,togetic,0,1,0.07035175879396986,0.03790758151630326,0.3653846153846154,1.0,1.0,0.31283422459893045,0.15788131856496285,0.7709447415329769,0.5057422921826796
Yanmega,Bug,Flying,515,86,76,86,116,56,95,True,yanmega,469.0,180.0,19.0,515.0,3.0,1.0,"speed-boost, tinted-lens, frisk",79.0,True,yanmega,generation-iv,,medium,green,bug-wings,30.0,70.0,False,False,False,yanma,0,1,0.09045226130653267,0.05141028205641129,0.2517482517482518,1.0,1.0,0.2085561497326203,0.13120359837039858,0.7361853832442068,0.48383523280880225
Leafeon,Grass,,525,65,110,130,60,65,95,True,leafeon,470.0,184.0,10.0,255.0,2.0,1.0,"leaf-guard, chlorophyll",95.0,True,leafeon,generation-iv,,medium,green,quadruped,45.0,35.0,False,False,False,eevee,0,1,0.04522613065326633,0.025405081016203243,0.25874125874125875,0.5,1.0,0.2513368983957219,0.10979082347024277,0.5837789661319073,0.41644883349383577
Glaceon,Ice,,525,65,60,110,130,95,65,True,glaceon,471.0,184.0,8.0,259.0,2.0,1.0,"snow-cloak, ice-body",93.0,True,glaceon,generation-iv,,medium,blue,quadruped,45.0,35.0,False,False,False,eevee,0,1,0.035175879396984924,0.025805161032206442,0.25874125874125875,0.5,1.0,0.2459893048128342,0.10657409972348338,0.5819964349376114,0.41477080389208965
Gliscor,Ground,Flying,510,75,95,125,45,75,95,True,gliscor,472.0,179.0,20.0,425.0,3.0,1.0,"hyper-cutter, sand-veil, poison-heal",112.0,True,gliscor,generation-iv,,medium-slow,purple,wings,30.0,70.0,False,False,False,gligar,0,1,0.09547738693467338,0.04240848169633927,0.24999999999999997,1.0,1.0,0.29679144385026734,0.12929528954367087,0.7655971479500892,0.495027446043137
Mamoswine,Ice,Ground,530,110,130,80,70,60,80,True,mamoswine,473.0,239.0,25.0,2910.0,3.0,1.0,"oblivious, snow-cloak, thick-fat",91.0,True,mamoswine,generation-iv,,slow,brown,quadruped,50.0,70.0,False,False,False,piloswine,0,1,0.12060301507537688,0.2909581916383277,0.3548951048951049,1.0,1.0,0.2406417112299465,0.2554854372029365,0.7468805704099822,0.5253978593248738
Porygon-Z,Normal,,535,85,80,70,135,75,90,True,porygon-z,474.0,241.0,9.0,340.0,3.0,1.0,"adaptability, download, analytic",80.0,True,porygon-z,generation-iv,,medium,red,arms,30.0,70.0,False,False,False,porygon2,0,1,0.04020100502512563,0.03390678135627125,0.35839160839160844,1.0,1.0,0.21122994652406415,0.1441664649243351,0.7370766488413548,0.4880805990138425
Gallade,Psychic,Fighting,518,68,125,65,65,115,80,True,gallade,475.0,233.0,16.0,520.0,3.0,1.0,"steadfast, sharpness, justified",151.0,True,gallade,generation-iv,,slow,white,humanoid,45.0,35.0,False,False,False,kirlia,0,1,0.07537688442211056,0.05191038207641528,0.3444055944055944,1.0,1.0,0.40106951871657753,0.15723095363470674,0.8003565062388591,0.5173118885859557
Gallade,Psychic,Fighting,618,68,165,95,65,115,110,True,gallade,475.0,233.0,16.0,520.0,3.0,1.0,"steadfast, sharpness, justified",151.0,True,gallade,generation-iv,,slow,white,humanoid,45.0,35.0,False,False,False,kirlia,0,1,0.07537688442211056,0.05191038207641528,0.3444055944055944,1.0,1.0,0.40106951871657753,0.15723095363470674,0.8003565062388591,0.5173118885859557
Probopass,Rock,Steel,525,60,55,145,75,150,40,True,probopass,476.0,184.0,14.0,3400.0,3.0,1.0,"sturdy, magnet-pull, sand-force",90.0,True,probopass,generation-iv,,medium,gray,heads,60.0,70.0,False,False,False,nosepass,0,1,0.06532663316582915,0.33996799359871976,0.25874125874125875,1.0,1.0,0.23796791443850265,0.22134529516860257,0.7459893048128342,0.5147993104757145
Dusknoir,Ghost,,525,45,100,135,65,135,45,True,dusknoir,477.0,236.0,22.0,1066.0,2.0,1.0,"pressure, frisk",103.0,True,dusknoir,generation-iv,,fast,black,arms,45.0,35.0,False,False,False,dusclops,0,1,0.10552763819095479,0.10652130426085217,0.3496503496503497,0.5,1.0,0.2727272727272727,0.18723309736738555,0.5909090909090909,0.44253356557385204
Froslass,Ice,Ghost,480,70,80,70,80,70,110,True,froslass,478.0,168.0,13.0,266.0,2.0,1.0,"snow-cloak, cursed-body",100.0,True,froslass,generation-iv,,medium,white,arms,75.0,70.0,False,False,False,snorunt,0,1,0.06030150753768845,0.026505301060212042,0.23076923076923075,0.5,1.0,0.2647058823529411,0.10585867978904374,0.5882352941176471,0.417051721583772
Rotom,Electric,Ghost,440,50,50,77,95,77,91,True,rotom,479.0,154.0,3.0,3.0,1.0,0.0,levitate,66.0,True,rotom,generation-iv,,medium,red,ball,45.0,70.0,False,False,False,,0,0,0.010050251256281405,0.00020004000800160032,0.20629370629370627,0.0,0.0,0.17379679144385024,0.07218133251932976,0.05793226381461675,0.04482730528164563
Rotom,Electric,Fire,520,50,65,107,105,107,86,True,rotom,479.0,154.0,3.0,3.0,1.0,0.0,levitate,66.0,True,rotom,generation-iv,,medium,red,ball,45.0,70.0,False,False,False,,0,0,0.010050251256281405,0.00020004000800160032,0.20629370629370627,0.0,0.0,0.17379679144385024,0.07218133251932976,0.05793226381461675,0.04482730528164563
Rotom,Electric,Water,520,50,65,107,105,107,86,True,rotom,479.0,154.0,3.0,3.0,1.0,0.0,levitate,66.0,True,rotom,generation-iv,,medium,red,ball,45.0,70.0,False,False,False,,0,0,0.010050251256281405,0.00020004000800160032,0.20629370629370627,0.0,0.0,0.17379679144385024,0.07218133251932976,0.05793226381461675,0.04482730528164563
Rotom,Electric,Ice,520,50,65,107,105,107,86,True,rotom,479.0,154.0,3.0,3.0,1.0,0.0,levitate,66.0,True,rotom,generation-iv,,medium,red,ball,45.0,70.0,False,False,False,,0,0,0.010050251256281405,0.00020004000800160032,0.20629370629370627,0.0,0.0,0.17379679144385024,0.07218133251932976,0.05793226381461675,0.04482730528164563
Rotom,Electric,Flying,520,50,65,107,105,107,86,True,rotom,479.0,154.0,3.0,3.0,1.0,0.0,levitate,66.0,True,rotom,generation-iv,,medium,red,ball,45.0,70.0,False,False,False,,0,0,0.010050251256281405,0.00020004000800160032,0.20629370629370627,0.0,0.0,0.17379679144385024,0.07218133251932976,0.05793226381461675,0.04482730528164563
Rotom,Electric,Grass,520,50,65,107,105,107,86,True,rotom,479.0,154.0,3.0,3.0,1.0,0.0,levitate,66.0,True,rotom,generation-iv,,medium,red,ball,45.0,70.0,False,False,False,,0,0,0.010050251256281405,0.00020004000800160032,0.20629370629370627,0.0,0.0,0.17379679144385024,0.07218133251932976,0.05793226381461675,0.04482730528164563
Uxie,Psychic,,580,75,75,130,75,130,95,True,uxie,480.0,261.0,3.0,3.0,1.0,0.0,levitate,99.0,True,uxie,generation-iv,,slow,yellow,upright,3.0,140.0,False,True,False,,1,0,0.010050251256281405,0.00020004000800160032,0.39335664335664333,0.0,0.0,0.2620320855614973,0.1345356448736421,0.0873440285204991,0.22529830487029226
Mesprit,Psychic,,580,80,105,105,105,105,80,True,mesprit,481.0,261.0,3.0,3.0,1.0,0.0,levitate,99.0,True,mesprit,generation-iv,,slow,pink,upright,3.0,140.0,False,True,False,,1,0,0.010050251256281405,0.00020004000800160032,0.39335664335664333,0.0,0.0,0.2620320855614973,0.1345356448736421,0.0873440285204991,0.22529830487029226
Azelf,Psychic,,580,75,125,70,125,70,115,True,azelf,482.0,261.0,3.0,3.0,1.0,0.0,levitate,101.0,True,azelf,generation-iv,,slow,blue,upright,3.0,140.0,False,True,False,,1,0,0.010050251256281405,0.00020004000800160032,0.39335664335664333,0.0,0.0,0.267379679144385,0.1345356448736421,0.089126559714795,0.2260113173480106
Dialga,Steel,Dragon,680,100,120,120,150,100,90,True,dialga,483.0,306.0,54.0,6830.0,2.0,1.0,"pressure, telepathy",92.0,True,dialga,generation-iv,,slow,white,quadruped,3.0,0.0,False,True,False,,1,0,0.2663316582914573,0.6830366073214643,0.4720279720279721,0.5,1.0,0.24331550802139035,0.4737987458802979,0.5811051693404634,0.5245816915002748
Dialga,Steel,Dragon,680,100,100,120,150,120,90,True,dialga,483.0,306.0,54.0,6830.0,2.0,1.0,"pressure, telepathy",92.0,True,dialga,generation-iv,,slow,white,quadruped,3.0,0.0,False,True,False,,1,0,0.2663316582914573,0.6830366073214643,0.4720279720279721,0.5,1.0,0.24331550802139035,0.4737987458802979,0.5811051693404634,0.5245816915002748
Palkia,Water,Dragon,680,90,120,100,150,120,100,True,palkia,484.0,306.0,42.0,3360.0,2.0,1.0,"pressure, telepathy",98.0,True,palkia,generation-iv,,slow,purple,upright,3.0,0.0,False,True,False,,1,0,0.20603015075376885,0.33596719343868775,0.4720279720279721,0.5,1.0,0.25935828877005346,0.3380084387401429,0.5864527629233511,0.48598363679138334
Palkia,Water,Dragon,680,90,100,100,150,120,120,True,palkia,484.0,306.0,42.0,3360.0,2.0,1.0,"pressure, telepathy",98.0,True,palkia,generation-iv,,slow,purple,upright,3.0,0.0,False,True,False,,1,0,0.20603015075376885,0.33596719343868775,0.4720279720279721,0.5,1.0,0.25935828877005346,0.3380084387401429,0.5864527629233511,0.48598363679138334
Heatran,Fire,Steel,600,91,90,106,130,106,77,True,heatran,485.0,270.0,17.0,4300.0,2.0,1.0,"flash-fire, flame-body",86.0,True,heatran,generation-iv,,slow,brown,quadruped,3.0,100.0,False,True,False,,1,0,0.08040201005025126,0.4299859971994399,0.40909090909090906,0.5,1.0,0.22727272727272724,0.3064929721135334,0.5757575757575758,0.4722509219370904
Regigigas,Normal,,670,110,160,110,80,110,100,True,regigigas,486.0,302.0,37.0,4200.0,1.0,0.0,slow-start,85.0,True,regigigas,generation-iv,,slow,white,humanoid,3.0,0.0,False,True,False,,1,0,0.18090452261306533,0.4199839967993599,0.4650349650349651,0.0,0.0,0.2245989304812834,0.35530782814913014,0.0748663101604278,0.2865388725089102
Giratina,Ghost,Dragon,680,150,100,120,100,120,90,False,,,,,,,,,,,,,,,,,,,,,,,0,0,0.04522613065326633,0.02990598119623925,0.21503496503496503,1.0,1.0,0.2085561497326203,0.09672235896149022,0.7361853832442068,0.3234908609861298
Giratina,Ghost,Dragon,680,150,120,100,120,100,90,False,,,,,,,,,,,,,,,,,,,,,,,0,0,0.04522613065326633,0.02990598119623925,0.21503496503496503,1.0,1.0,0.2085561497326203,0.09672235896149022,0.7361853832442068,0.3234908609861298
Cresselia,Psychic,,580,120,70,110,75,120,85,True,cresselia,488.0,270.0,15.0,856.0,1.0,0.0,levitate,82.0,True,cresselia,generation-iv,,slow,yellow,squiggle,3.0,100.0,False,True,False,,1,0,0.07035175879396986,0.08551710342068414,0.40909090909090906,0.0,0.0,0.21657754010695185,0.18831992376852102,0.07219251336898395,0.2353729824781499
Phione,Water,,480,80,80,80,80,80,80,True,phione,489.0,216.0,4.0,31.0,1.0,0.0,hydration,68.0,True,phione,generation-iv,,slow,blue,arms,30.0,70.0,False,False,True,,1,0,0.01507537688442211,0.0030006001200240046,0.3146853146853147,0.0,0.0,0.17914438502673793,0.11092043056325361,0.05971479500891264,0.20716204717254114
Manaphy,Water,,600,100,100,100,100,100,100,True,manaphy,490.0,270.0,3.0,14.0,1.0,0.0,hydration,83.0,True,manaphy,generation-iv,,slow,blue,humanoid,3.0,70.0,False,False,True,,1,0,0.010050251256281405,0.0013002600520104022,0.40909090909090906,0.0,0.0,0.2192513368983957,0.14014714013306695,0.0730837789661319,0.22127765362637283
Darkrai,Dark,,600,70,90,90,135,90,125,True,darkrai,491.0,270.0,15.0,505.0,1.0,0.0,bad-dreams,94.0,True,darkrai,generation-iv,,slow,black,humanoid,3.0,0.0,False,False,True,,1,0,0.07035175879396986,0.05041008201640328,0.40909090909090906,0.0,0.0,0.24866310160427807,0.1766175833004274,0.08288770053475936,0.23614035520403195
Shaymin,Grass,,600,100,100,100,100,100,100,False,,,,,,,,,,,,,,,,,,,,,,,0,0,0.04522613065326633,0.02990598119623925,0.21503496503496503,1.0,1.0,0.2085561497326203,0.09672235896149022,0.7361853832442068,0.3234908609861298
Shaymin,Grass,Flying,600,100,103,75,120,75,127,False,,,,,,,,,,,,,,,,,,,,,,,0,0,0.04522613065326633,0.02990598119623925,0.21503496503496503,1.0,1.0,0.2085561497326203,0.09672235896149022,0.7361853832442068,0.3234908609861298
Arceus,Normal,,720,120,120,120,120,120,120,True,arceus,493.0,324.0,32.0,3200.0,1.0,0.0,multitype,173.0,True,arceus,generation-iv,,slow,white,quadruped,3.0,0.0,False,False,True,,1,0,0.15577889447236182,0.31996399279855975,0.5034965034965035,0.0,0.0,0.4598930481283422,0.32641313025580837,0.1532976827094474,0.30924301216052147
Victini,Psychic,Fire,600,100,100,100,100,100,100,True,victini,494.0,270.0,4.0,40.0,1.0,0.0,victory-star,94.0,True,victini,generation-v,,slow,yellow,humanoid,3.0,100.0,False,False,True,,1,0,0.01507537688442211,0.003900780156031206,0.40909090909090906,0.0,0.0,0.24866310160427807,0.14268902204378744,0.08288770053475936,0.22596178682703996
Snivy,Grass,,308,45,45,55,45,55,63,True,snivy,495.0,62.0,6.0,81.0,2.0,1.0,"overgrow, contrary",77.0,True,snivy,generation-v,,medium-slow,green,upright,45.0,70.0,False,False,False,,0,0,0.025125628140703515,0.008001600320064013,0.04545454545454544,0.5,1.0,0.2032085561497326,0.026193924638437657,0.5677361853832442,0.234952651544829
Servine,Grass,,413,60,60,75,60,75,83,True,servine,496.0,145.0,8.0,160.0,2.0,1.0,"overgrow, contrary",74.0,True,servine,generation-v,,medium-slow,green,upright,45.0,70.0,False,False,False,snivy,0,1,0.035175879396984924,0.015903180636127227,0.19055944055944055,0.5,1.0,0.19518716577540104,0.08054616686418424,0.5650623885918004,0.40018880549597546
Serperior,Grass,,528,75,75,95,75,95,113,True,serperior,497.0,238.0,33.0,630.0,2.0,1.0,"overgrow, contrary",87.0,True,serperior,generation-v,,medium-slow,green,squiggle,45.0,70.0,False,False,False,servine,0,1,0.16080402010050251,0.0629125825165033,0.3531468531468531,0.5,1.0,0.2299465240641711,0.192287818587953,0.5766488413547237,0.4383458821182754
Tepig,Fire,,308,65,63,45,45,45,45,True,tepig,498.0,62.0,5.0,99.0,2.0,1.0,"blaze, thick-fat",72.0,True,tepig,generation-v,,medium-slow,red,quadruped,45.0,70.0,False,False,False,,0,0,0.020100502512562814,0.009801960392078415,0.04545454545454544,0.5,1.0,0.18983957219251335,0.025119002786395558,0.5632798573975045,0.23284764379492048
Pignite,Fire,Fighting,418,90,93,55,70,55,55,True,pignite,499.0,146.0,10.0,555.0,2.0,1.0,"blaze, thick-fat",91.0,True,pignite,generation-v,,medium-slow,red,upright,45.0,70.0,False,False,False,tepig,0,1,0.04522613065326633,0.05541108221644329,0.19230769230769232,0.5,1.0,0.2406417112299465,0.09764830172580063,0.5802139037433155,0.41138005201506644
Emboar,Fire,Fighting,528,110,123,65,100,65,65,True,emboar,500.0,238.0,16.0,1500.0,2.0,1.0,"blaze, reckless",107.0,True,emboar,generation-v,,medium-slow,red,upright,45.0,70.0,False,False,False,pignite,0,1,0.07537688442211056,0.14992998599719942,0.3531468531468531,0.5,1.0,0.2834224598930481,0.1928179078553877,0.5944741532976827,0.44563503367568935
Oshawott,Water,,308,55,55,45,63,45,45,True,oshawott,501.0,62.0,5.0,59.0,2.0,1.0,"torrent, shell-armor",78.0,True,oshawott,generation-v,,medium-slow,blue,upright,45.0,70.0,False,False,False,,0,0,0.020100502512562814,0.0058011602320464095,0.04545454545454544,0.5,1.0,0.20588235294117646,0.023785402733051558,0.5686274509803921,0.23458660121207234
Dewott,Water,,413,75,75,60,83,60,60,True,dewott,502.0,145.0,8.0,245.0,2.0,1.0,"torrent, shell-armor",77.0,True,dewott,generation-v,,medium-slow,blue,upright,45.0,70.0,False,False,False,oshawott,0,1,0.035175879396984924,0.02440488097619524,0.19055944055944055,0.5,1.0,0.2032085561497326,0.08338006697754023,0.5677361853832442,0.4021084942465598
Samurott,Water,,528,95,100,85,108,70,70,True,samurott,503.0,238.0,15.0,946.0,2.0,1.0,"torrent, shell-armor",96.0,True,samurott,generation-v,,medium-slow,blue,quadruped,45.0,70.0,False,False,False,dewott,0,1,0.07035175879396986,0.09451890378075614,0.3531468531468531,0.5,1.0,0.25401069518716574,0.17267250524052638,0.5846702317290552,0.43566984426377997
Samurott,Water,Dark,528,90,108,80,100,65,85,True,samurott,503.0,238.0,15.0,946.0,2.0,1.0,"torrent, shell-armor",96.0,True,samurott,generation-v,,medium-slow,blue,quadruped,45.0,70.0,False,False,False,dewott,0,1,0.07035175879396986,0.09451890378075614,0.3531468531468531,0.5,1.0,0.25401069518716574,0.17267250524052638,0.5846702317290552,0.43566984426377997
Patrat,Normal,,255,45,55,39,35,39,42,True,patrat,504.0,51.0,5.0,116.0,3.0,1.0,"run-away, keen-eye, analytic",63.0,True,patrat,generation-v,,medium,brown,quadruped,255.0,70.0,False,False,False,,0,0,0.020100502512562814,0.011502300460092018,0.026223776223776224,1.0,1.0,0.16577540106951869,0.01927552639881035,0.7219251336898395,0.2945527113955789
Watchog,Normal,,420,60,85,69,60,69,77,True,watchog,505.0,147.0,11.0,270.0,3.0,1.0,"illuminate, keen-eye, analytic",84.0,True,watchog,generation-v,,medium,brown,upright,255.0,70.0,False,False,False,patrat,0,1,0.05025125628140704,0.026905381076215245,0.19405594405594404,1.0,1.0,0.22192513368983954,0.0904041938045221,0.7406417112299465,0.4733779426333352
Lillipup,Normal,,275,45,60,45,25,45,55,True,lillipup,506.0,55.0,4.0,41.0,3.0,1.0,"vital-spirit, pickup, run-away",60.0,True,lillipup,generation-v,,medium-slow,brown,quadruped,255.0,70.0,False,False,False,,0,0,0.01507537688442211,0.004000800160032006,0.033216783216783216,1.0,1.0,0.15775401069518716,0.01743098675374578,0.7192513368983957,0.292929830785482
Herdier,Normal,,370,65,80,65,35,65,60,True,herdier,507.0,130.0,9.0,147.0,3.0,1.0,"intimidate, sand-rush, scrappy",56.0,True,herdier,generation-v,,medium-slow,gray,quadruped,120.0,70.0,False,False,False,lillipup,0,1,0.04020100502512563,0.014602920584116823,0.16433566433566432,1.0,1.0,0.14705882352941174,0.07304652998163559,0.7156862745098039,0.45818846879841224
Stoutland,Normal,,500,85,110,90,45,90,80,True,stoutland,508.0,225.0,12.0,610.0,3.0,1.0,"intimidate, sand-rush, scrappy",61.0,True,stoutland,generation-v,,medium-slow,gray,quadruped,45.0,70.0,False,False,False,herdier,0,1,0.055276381909547735,0.0609121824364873,0.3304195804195804,1.0,1.0,0.160427807486631,0.1488693815885385,0.7201426024955436,0.48271785547477897
Purrloin,Dark,,281,41,50,37,50,37,66,True,purrloin,509.0,56.0,4.0,101.0,3.0,1.0,"limber, unburden, prankster",74.0,True,purrloin,generation-v,,medium,purple,quadruped,255.0,70.0,False,False,False,,0,0,0.01507537688442211,0.010002000400080015,0.03496503496503496,1.0,1.0,0.19518716577540104,0.020014137416512364,0.7317290552584671,0.2986958633283405
Liepard,Dark,,446,64,88,50,88,50,106,True,liepard,510.0,156.0,11.0,375.0,3.0,1.0,"limber, unburden, prankster",87.0,True,liepard,generation-v,,medium,purple,quadruped,90.0,70.0,False,False,False,purrloin,0,1,0.05025125628140704,0.03740748149629926,0.20979020979020976,1.0,1.0,0.2299465240641711,0.09914964918930536,0.7433155080213903,0.47707109796534775
Pansage,Grass,,316,50,53,48,53,48,64,True,pansage,511.0,63.0,6.0,105.0,2.0,1.0,"gluttony, overgrow",72.0,True,pansage,generation-v,,medium,green,upright,190.0,70.0,False,False,False,,0,0,0.025125628140703515,0.010402080416083216,0.0472027972027972,0.5,1.0,0.18983957219251335,0.027576835253194643,0.5632798573975045,0.2335849935349602
Simisage,Grass,,498,75,98,63,98,63,101,True,simisage,512.0,174.0,11.0,305.0,2.0,1.0,"gluttony, overgrow",77.0,True,simisage,generation-v,,medium,green,upright,75.0,70.0,False,False,False,pansage,0,1,0.05025125628140704,0.03040608121624325,0.24125874125874128,0.5,1.0,0.2032085561497326,0.10730535958546385,0.5677361853832442,0.4092860820289369
Pansear,Fire,,316,50,53,48,53,48,64,True,pansear,513.0,63.0,6.0,110.0,2.0,1.0,"gluttony, blaze",72.0,True,pansear,generation-v,,medium,red,upright,190.0,70.0,False,False,False,,0,0,0.025125628140703515,0.010902180436087218,0.0472027972027972,0.5,1.0,0.18983957219251335,0.027743535259862645,0.5632798573975045,0.2336350035369606
Simisear,Fire,,498,75,98,63,98,63,101,True,simisear,514.0,174.0,10.0,280.0,2.0,1.0,"gluttony, blaze",81.0,True,simisear,generation-v,,medium,red,upright,75.0,70.0,False,False,False,pansear,0,1,0.04522613065326633,0.027905581116223245,0.24125874125874128,0.5,1.0,0.213903743315508,0.10479681767607696,0.571301247771836,0.40995954441155746
Panpour,Water,,316,50,53,48,53,48,64,True,panpour,515.0,63.0,6.0,135.0,2.0,1.0,"gluttony, torrent",74.0,True,panpour,generation-v,,medium,blue,upright,190.0,70.0,False,False,False,,0,0,0.025125628140703515,0.013402680536107221,0.0472027972027972,0.5,1.0,0.19518716577540104,0.028577035293202647,0.5650623885918004,0.23459806602468095
Simipour,Water,,498,75,98,63,98,63,101,True,simipour,516.0,174.0,10.0,290.0,2.0,1.0,"gluttony, torrent",79.0,True,simipour,generation-v,,medium,blue,upright,75.0,70.0,False,False,False,panpour,0,1,0.04522613065326633,0.02890578115623125,0.24125874125874128,0.5,1.0,0.2085561497326203,0.10513021768941296,0.56951871657754,0.40934655193783986
Munna,Psychic,,292,76,25,45,67,55,24,True,munna,517.0,58.0,6.0,233.0,3.0,1.0,"forewarn, synchronize, telepathy",75.0,True,munna,generation-v,,fast,pink,quadruped,190.0,70.0,False,False,False,,0,0,0.025125628140703515,0.023204640928185638,0.03846153846153845,1.0,1.0,0.1978609625668449,0.028930602510142536,0.7326203208556149,0.3017273090952887
Musharna,Psychic,,487,116,55,85,107,95,29,True,musharna,518.0,170.0,11.0,605.0,3.0,1.0,"forewarn, synchronize, telepathy",74.0,True,musharna,generation-v,,fast,pink,humanoid,75.0,70.0,False,False,False,munna,0,1,0.05025125628140704,0.0604120824164833,0.23426573426573424,1.0,1.0,0.19518716577540104,0.11497635765454152,0.7317290552584671,0.4771845293997493
Pidove,Normal,Flying,264,50,55,50,36,30,43,True,pidove,519.0,53.0,3.0,21.0,3.0,1.0,"big-pecks, super-luck, rivalry",52.0,True,pidove,generation-v,,medium-slow,gray,wings,255.0,70.0,False,False,False,,0,0,0.010050251256281405,0.002000400080016003,0.029720279720279713,1.0,1.0,0.13636363636363635,0.013923643685525707,0.712121212121212,0.2890255779541426
Tranquill,Normal,Flying,358,62,77,62,50,42,65,True,tranquill,520.0,125.0,6.0,150.0,3.0,1.0,"big-pecks, super-luck, rivalry",46.0,True,tranquill,generation-v,,medium-slow,gray,wings,120.0,70.0,False,False,False,pidove,0,1,0.025125628140703515,0.014902980596119223,0.1555944055944056,1.0,1.0,0.12032085561497326,0.06520767144374277,0.7067736185383243,0.45227174884845256
Unfezant,Normal,Flying,488,80,115,80,65,55,93,True,unfezant,521.0,220.0,12.0,290.0,3.0,1.0,"big-pecks, super-luck, rivalry",51.0,True,unfezant,generation-v,,medium-slow,gray,wings,45.0,70.0,False,False,False,tranquill,0,1,0.055276381909547735,0.02890578115623125,0.32167832167832167,1.0,1.0,0.1336898395721925,0.13528682824803354,0.7112299465240642,0.4750780270840358
Blitzle,Electric,,295,45,60,32,50,32,76,True,blitzle,522.0,59.0,8.0,298.0,3.0,1.0,"lightning-rod, motor-drive, sap-sipper",65.0,True,blitzle,generation-v,,medium,black,quadruped,190.0,70.0,False,False,False,,0,0,0.035175879396984924,0.029705941188237647,0.04020979020979021,1.0,1.0,0.1711229946524064,0.03503053693167093,0.7237076648841354,0.2999922270331555
Zebstrika,Electric,,497,75,100,63,80,63,116,True,zebstrika,523.0,174.0,16.0,795.0,3.0,1.0,"lightning-rod, motor-drive, sap-sipper",74.0,True,zebstrika,generation-v,,medium,black,quadruped,75.0,70.0,False,False,False,blitzle,0,1,0.07537688442211056,0.07941588317663532,0.24125874125874128,1.0,1.0,0.19518716577540104,0.1320171696191624,0.7317290552584671,0.48229677298913554
Roggenrola,Rock,,280,55,75,85,25,25,15,True,roggenrola,524.0,56.0,4.0,180.0,3.0,1.0,"sturdy, weak-armor, sand-force",51.0,True,roggenrola,generation-v,,medium-slow,blue,legs,255.0,70.0,False,False,False,,0,0,0.01507537688442211,0.01790358071614323,0.03496503496503496,1.0,1.0,0.1336898395721925,0.022647997521866765,0.7112299465240642,0.2912863778661857
Boldore,Rock,,390,70,105,105,50,40,20,True,boldore,525.0,137.0,9.0,1020.0,3.0,1.0,"sturdy, weak-armor, sand-force",47.0,True,boldore,generation-v,,medium-slow,blue,tentacles,120.0,70.0,False,False,False,roggenrola,0,1,0.04020100502512563,0.10192038407681536,0.17657342657342656,1.0,1.0,0.12299465240641712,0.10623160522512252,0.7076648841354723,0.46493543522172576
Gigalith,Rock,,515,85,135,130,60,80,25,True,gigalith,526.0,232.0,17.0,2600.0,3.0,1.0,"sturdy, sand-stream, sand-force",56.0,True,gigalith,generation-v,,medium-slow,blue,tentacles,45.0,70.0,False,False,False,boldore,0,1,0.08040201005025126,0.25995199039807965,0.3426573426573426,1.0,1.0,0.14705882352941174,0.22767044770189115,0.7156862745098039,0.504575644114489
Woobat,Psychic,Flying,323,65,45,43,55,43,72,True,woobat,527.0,65.0,4.0,21.0,3.0,1.0,"unaware, klutz, simple",89.0,True,woobat,generation-v,,medium,blue,wings,190.0,70.0,False,False,False,,0,0,0.01507537688442211,0.002000400080016003,0.05069930069930069,1.0,1.0,0.2352941176470588,0.0225916925545796,0.7450980392156863,0.3048167234526484
Swoobat,Psychic,Flying,425,67,57,55,77,55,114,True,swoobat,528.0,149.0,9.0,105.0,3.0,1.0,"unaware, klutz, simple",89.0,True,swoobat,generation-v,,medium,blue,wings,45.0,70.0,False,False,False,woobat,0,1,0.04020100502512563,0.010402080416083216,0.19755244755244752,1.0,1.0,0.2352941176470588,0.08271851099788545,0.7450980392156863,0.47285476898564016
Drilbur,Ground,,328,60,85,40,30,45,68,True,drilbur,529.0,66.0,3.0,85.0,3.0,1.0,"sand-rush, sand-force, mold-breaker",63.0,True,drilbur,generation-v,,medium,gray,upright,120.0,70.0,False,False,False,,0,0,0.010050251256281405,0.008401680336067212,0.05244755244755245,1.0,1.0,0.16577540106951869,0.02363316134663369,0.7219251336898395,0.29586000187992595
Excadrill,Ground,Steel,508,110,135,60,50,65,88,True,excadrill,530.0,178.0,7.0,404.0,3.0,1.0,"sand-rush, sand-force, mold-breaker",75.0,True,excadrill,generation-v,,medium,gray,humanoid,60.0,70.0,False,False,False,drilbur,0,1,0.03015075376884422,0.04030806161232246,0.24825174825174826,1.0,1.0,0.1978609625668449,0.10623685454430498,0.7326203208556149,0.4749191847055375
Audino,Normal,,445,103,60,86,60,86,50,True,audino,531.0,390.0,11.0,310.0,3.0,1.0,"healer, regenerator, klutz",108.0,True,audino,generation-v,,fast,pink,upright,255.0,70.0,False,False,False,,0,0,0.05025125628140704,0.030906181236247252,0.6188811188811189,1.0,1.0,0.28609625668449196,0.2333461854662577,0.7620320855614974,0.3748166898644763
Audino,Normal,Fairy,545,103,60,126,80,126,50,True,audino,531.0,390.0,11.0,310.0,3.0,1.0,"healer, regenerator, klutz",108.0,True,audino,generation-v,,fast,pink,upright,255.0,70.0,False,False,False,,0,0,0.05025125628140704,0.030906181236247252,0.6188811188811189,1.0,1.0,0.28609625668449196,0.2333461854662577,0.7620320855614974,0.3748166898644763
Timburr,Fighting,,305,75,80,55,25,35,35,True,timburr,532.0,61.0,6.0,125.0,3.0,1.0,"guts, sheer-force, iron-fist",80.0,True,timburr,generation-v,,medium-slow,gray,humanoid,180.0,70.0,False,False,False,,0,0,0.025125628140703515,0.01240248049609922,0.0437062937062937,1.0,1.0,0.21122994652406415,0.027078134114365476,0.7370766488413548,0.3029540997708516
Gurdurr,Fighting,,405,85,105,85,40,50,40,True,gurdurr,533.0,142.0,12.0,400.0,3.0,1.0,"guts, sheer-force, iron-fist",77.0,True,gurdurr,generation-v,,medium-slow,gray,humanoid,90.0,70.0,False,False,False,timburr,0,1,0.055276381909547735,0.03990798159631927,0.1853146853146853,1.0,1.0,0.2032085561497326,0.09349968294018411,0.7344028520499108,0.4718110457020196
Conkeldurr,Fighting,,505,105,140,95,55,65,45,True,conkeldurr,534.0,227.0,14.0,870.0,3.0,1.0,"guts, sheer-force, iron-fist",86.0,True,conkeldurr,generation-v,,medium-slow,brown,humanoid,45.0,70.0,False,False,False,gurdurr,0,1,0.06532663316582915,0.08691738347669534,0.33391608391608396,1.0,1.0,0.22727272727272724,0.1620533668528695,0.7424242424242423,0.4955857070255578
Tympole,Water,,294,50,50,40,50,40,64,True,tympole,535.0,59.0,5.0,45.0,3.0,1.0,"swift-swim, hydration, water-absorb",51.0,True,tympole,generation-v,,medium-slow,blue,fish,255.0,70.0,False,False,False,,0,0,0.020100502512562814,0.0044008801760352075,0.04020979020979021,1.0,1.0,0.1336898395721925,0.02157039096612941,0.7112299465240642,0.29096309589946456
Palpitoad,Water,Ground,384,75,65,55,65,55,69,True,palpitoad,536.0,134.0,8.0,170.0,3.0,1.0,"swift-swim, hydration, water-absorb",52.0,True,palpitoad,generation-v,,medium-slow,blue,upright,120.0,70.0,False,False,False,tympole,0,1,0.035175879396984924,0.016903380676135227,0.17132867132867133,1.0,1.0,0.13636363636363635,0.07446931046726384,0.712121212121212,0.45718927798866404
Seismitoad,Water,Ground,509,105,95,75,85,75,74,True,seismitoad,537.0,229.0,15.0,620.0,3.0,1.0,"swift-swim, poison-touch, water-absorb",76.0,True,seismitoad,generation-v,,medium-slow,blue,humanoid,45.0,70.0,False,False,False,palpitoad,0,1,0.07035175879396986,0.0619123824764953,0.3374125874125874,1.0,1.0,0.20053475935828874,0.1565589095610175,0.7335115864527629,0.4903723074494104
Throh,Fighting,,465,120,100,85,30,85,45,True,throh,538.0,163.0,13.0,555.0,3.0,1.0,"guts, inner-focus, mold-breaker",70.0,True,throh,generation-v,,medium,red,humanoid,45.0,70.0,False,False,False,,0,0,0.06030150753768845,0.05541108221644329,0.222027972027972,1.0,1.0,0.18449197860962566,0.11258018726070125,0.7281639928698752,0.32503965332616047
Sawk,Fighting,,465,75,125,75,30,75,85,True,sawk,539.0,163.0,14.0,510.0,3.0,1.0,"sturdy, inner-focus, mold-breaker",68.0,True,sawk,generation-v,,medium,blue,humanoid,45.0,70.0,False,False,False,,0,0,0.06532663316582915,0.050910182036407285,0.222027972027972,1.0,1.0,0.17914438502673793,0.11275492907673616,0.7263814616755794,0.3243790633932526
Sewaddle,Bug,Grass,310,45,53,70,40,60,42,True,sewaddle,540.0,62.0,3.0,25.0,3.0,1.0,"swarm, chlorophyll, overcoat",66.0,True,sewaddle,generation-v,,medium-slow,yellow,armor,255.0,70.0,False,False,False,,0,0,0.010050251256281405,0.002400480096019204,0.04545454545454544,1.0,1.0,0.17379679144385024,0.01930175893561535,0.7245989304812834,0.295630099873198
Swadloon,Bug,Grass,380,55,63,90,50,80,42,True,swadloon,541.0,133.0,5.0,73.0,3.0,1.0,"leaf-guard, chlorophyll, overcoat",60.0,True,swadloon,generation-v,,medium-slow,green,arms,120.0,70.0,False,False,False,sewaddle,0,1,0.020100502512562814,0.0072014402880576115,0.16958041958041958,1.0,1.0,0.15775401069518716,0.06562745412701333,0.7192513368983957,0.45738877099746234
Leavanny,Bug,Grass,500,75,103,80,70,80,92,True,leavanny,542.0,225.0,12.0,205.0,3.0,1.0,"swarm, chlorophyll, overcoat",85.0,True,leavanny,generation-v,,medium-slow,yellow,humanoid,45.0,70.0,False,False,False,swadloon,0,1,0.055276381909547735,0.020404080816163232,0.3304195804195804,1.0,1.0,0.2245989304812834,0.13536668104843044,0.7415329768270945,0.48722319504536693
Venipede,Bug,Poison,260,30,45,59,30,39,57,True,venipede,543.0,52.0,4.0,53.0,3.0,1.0,"poison-point, swarm, speed-boost",52.0,True,venipede,generation-v,,medium-slow,red,armor,255.0,70.0,False,False,False,,0,0,0.01507537688442211,0.005201040208041609,0.02797202797202797,1.0,1.0,0.13636363636363635,0.01608281502149723,0.712121212121212,0.289673329354934
Whirlipede,Bug,Poison,360,40,55,99,40,79,47,True,whirlipede,544.0,126.0,12.0,585.0,3.0,1.0,"poison-point, swarm, speed-boost",49.0,True,whirlipede,generation-v,,medium-slow,gray,ball,120.0,70.0,False,False,False,venipede,0,1,0.055276381909547735,0.0584116823364673,0.15734265734265734,1.0,1.0,0.1283422459893048,0.09034357386289078,0.7094474153297683,0.46088203829077456
Scolipede,Bug,Poison,485,60,100,89,55,69,112,True,scolipede,545.0,218.0,25.0,2005.0,3.0,1.0,"poison-point, swarm, speed-boost",78.0,True,scolipede,generation-v,,medium-slow,red,armor,45.0,70.0,False,False,False,whirlipede,0,1,0.12060301507537688,0.20044008801760352,0.3181818181818181,1.0,1.0,0.20588235294117646,0.21307497375826615,0.7352941176470589,0.5080401391863034
Cottonee,Grass,Fairy,280,40,27,60,37,50,66,True,cottonee,546.0,56.0,3.0,6.0,3.0,1.0,"prankster, infiltrator, chlorophyll",61.0,True,cottonee,generation-v,,medium,green,ball,190.0,70.0,False,False,False,,0,0,0.010050251256281405,0.0005001000200040008,0.03496503496503496,1.0,1.0,0.160427807486631,0.015171795413773455,0.7201426024955436,0.2926085796223495
Whimsicott,Grass,Fairy,480,60,67,85,77,75,116,True,whimsicott,547.0,168.0,7.0,66.0,3.0,1.0,"prankster, infiltrator, chlorophyll",71.0,True,whimsicott,generation-v,,medium,green,humanoid,75.0,70.0,False,False,False,cottonee,0,1,0.03015075376884422,0.006501300260052011,0.23076923076923075,1.0,1.0,0.1871657754010695,0.08914042826604233,0.7290552584670231,0.468364231866622
Petilil,Grass,,280,45,35,50,70,50,30,True,petilil,548.0,56.0,5.0,66.0,3.0,1.0,"chlorophyll, own-tempo, leaf-guard",61.0,True,petilil,generation-v,,medium,green,blob,190.0,70.0,False,False,False,,0,0,0.020100502512562814,0.006501300260052011,0.03496503496503496,1.0,1.0,0.160427807486631,0.020522279245883263,0.7201426024955436,0.29421372477198243
Lilligant,Grass,,480,70,60,75,110,75,90,True,lilligant,549.0,168.0,11.0,163.0,3.0,1.0,"chlorophyll, own-tempo, leaf-guard",67.0,True,lilligant,generation-v,,medium,green,blob,75.0,70.0,False,False,False,petilil,0,1,0.05025125628140704,0.016203240648129627,0.23076923076923075,1.0,1.0,0.1764705882352941,0.09907457589958914,0.7254901960784313,0.4699184512012493
Lilligant,Grass,Fighting,480,70,105,75,50,75,105,True,lilligant,549.0,168.0,11.0,163.0,3.0,1.0,"chlorophyll, own-tempo, leaf-guard",67.0,True,lilligant,generation-v,,medium,green,blob,75.0,70.0,False,False,False,petilil,0,1,0.05025125628140704,0.016203240648129627,0.23076923076923075,1.0,1.0,0.1764705882352941,0.09907457589958914,0.7254901960784313,0.4699184512012493
Basculin,Water,,460,70,92,65,80,55,98,False,,,,,,,,,,,,,,,,,,,,,,,0,0,0.04522613065326633,0.02990598119623925,0.21503496503496503,1.0,1.0,0.2085561497326203,0.09672235896149022,0.7361853832442068,0.3234908609861298
Basculin,Water,,460,70,92,65,80,55,98,False,,,,,,,,,,,,,,,,,,,,,,,0,0,0.04522613065326633,0.02990598119623925,0.21503496503496503,1.0,1.0,0.2085561497326203,0.09672235896149022,0.7361853832442068,0.3234908609861298
Basculin,Water,,460,70,92,65,80,55,98,False,,,,,,,,,,,,,,,,,,,,,,,0,0,0.04522613065326633,0.02990598119623925,0.21503496503496503,1.0,1.0,0.2085561497326203,0.09672235896149022,0.7361853832442068,0.3234908609861298
Sandile,Ground,Dark,292,50,72,35,35,35,65,True,sandile,551.0,58.0,7.0,152.0,3.0,1.0,"intimidate, moxie, anger-point",80.0,True,sandile,generation-v,,medium-slow,brown,quadruped,180.0,70.0,False,False,False,,0,0,0.03015075376884422,0.015103020604120823,0.03846153846153845,1.0,1.0,0.21122994652406415,0.027905104278167833,0.7370766488413548,0.3032021908199923
Krokorok,Ground,Dark,351,60,82,45,45,45,74,True,krokorok,552.0,123.0,10.0,334.0,3.0,1.0,"intimidate, moxie, anger-point",92.0,True,krokorok,generation-v,,medium-slow,brown,quadruped,90.0,70.0,False,False,False,sandile,0,1,0.04522613065326633,0.03330666133226645,0.15209790209790208,1.0,1.0,0.24331550802139035,0.07687689802781163,0.74777183600713,0.4721718038111955
Krookodile,Ground,Dark,519,95,117,80,65,70,92,True,krookodile,553.0,234.0,15.0,963.0,3.0,1.0,"intimidate, moxie, anger-point",109.0,True,krookodile,generation-v,,medium-slow,red,upright,45.0,70.0,False,False,False,krokorok,0,1,0.07035175879396986,0.09621924384876974,0.34615384615384615,1.0,1.0,0.2887700534759358,0.17090828293219526,0.7629233511586452,0.5064418253431167
Darumaka,Fire,,315,70,90,45,15,45,50,True,darumaka,554.0,63.0,6.0,375.0,2.0,1.0,"hustle, inner-focus",68.0,True,darumaka,generation-v,,medium-slow,red,humanoid,120.0,70.0,False,False,False,,0,0,0.025125628140703515,0.03740748149629926,0.0472027972027972,0.5,1.0,0.17914438502673793,0.03657863561326666,0.5597147950089126,0.23485950868754504
Darumaka,Ice,,315,70,90,45,15,45,50,True,darumaka,554.0,63.0,6.0,375.0,2.0,1.0,"hustle, inner-focus",68.0,True,darumaka,generation-v,,medium-slow,red,humanoid,120.0,70.0,False,False,False,,0,0,0.025125628140703515,0.03740748149629926,0.0472027972027972,0.5,1.0,0.17914438502673793,0.03657863561326666,0.5597147950089126,0.23485950868754504
Darmanitan,Fire,,480,105,140,55,30,55,95,False,,,,,,,,,,,,,,,,,,,,,,,0,0,0.04522613065326633,0.02990598119623925,0.21503496503496503,1.0,1.0,0.2085561497326203,0.09672235896149022,0.7361853832442068,0.3234908609861298
Darmanitan,Fire,Psychic,540,105,30,105,140,105,55,False,,,,,,,,,,,,,,,,,,,,,,,0,0,0.04522613065326633,0.02990598119623925,0.21503496503496503,1.0,1.0,0.2085561497326203,0.09672235896149022,0.7361853832442068,0.3234908609861298
Darmanitan,Ice,,480,105,140,55,30,55,95,False,,,,,,,,,,,,,,,,,,,,,,,0,0,0.04522613065326633,0.02990598119623925,0.21503496503496503,1.0,1.0,0.2085561497326203,0.09672235896149022,0.7361853832442068,0.3234908609861298
Darmanitan,Ice,Fire,540,105,160,55,30,55,135,False,,,,,,,,,,,,,,,,,,,,,,,0,0,0.04522613065326633,0.02990598119623925,0.21503496503496503,1.0,1.0,0.2085561497326203,0.09672235896149022,0.7361853832442068,0.3234908609861298
Maractus,Grass,,461,75,86,67,106,67,60,True,maractus,556.0,161.0,10.0,280.0,3.0,1.0,"water-absorb, chlorophyll, storm-drain",65.0,True,maractus,generation-v,,medium,green,blob,255.0,70.0,False,False,False,,0,0,0.04522613065326633,0.027905581116223245,0.21853146853146851,1.0,1.0,0.1711229946524064,0.09722106010031935,0.7237076648841354,0.31864938398375
Dwebble,Bug,Rock,325,50,65,85,35,35,55,True,dwebble,557.0,65.0,3.0,145.0,3.0,1.0,"sturdy, shell-armor, weak-armor",60.0,True,dwebble,generation-v,,medium,red,armor,190.0,70.0,False,False,False,,0,0,0.010050251256281405,0.014402880576115223,0.05069930069930069,1.0,1.0,0.15775401069518716,0.025050810843899107,0.7192513368983957,0.295215778012528
Crustle,Bug,Rock,485,70,105,125,65,75,45,True,crustle,558.0,170.0,14.0,2000.0,3.0,1.0,"sturdy, shell-armor, weak-armor",62.0,True,crustle,generation-v,,medium,red,armor,75.0,70.0,False,False,False,dwebble,0,1,0.06532663316582915,0.19993998799759952,0.23426573426573424,1.0,1.0,0.16310160427807485,0.1665107851430543,0.7210338680926917,0.488366782779993
Scraggy,Dark,Fighting,348,50,75,70,35,70,48,True,scraggy,559.0,70.0,6.0,118.0,3.0,1.0,"shed-skin, moxie, intimidate",101.0,True,scraggy,generation-v,,medium,yellow,upright,180.0,35.0,False,False,False,,0,0,0.025125628140703515,0.011702340468093618,0.05944055944055944,1.0,1.0,0.267379679144385,0.03208950934978552,0.7557932263814617,0.31194414335752035
Scrafty,Dark,Fighting,488,65,90,115,45,115,58,True,scrafty,560.0,171.0,11.0,300.0,3.0,1.0,"shed-skin, moxie, intimidate",109.0,True,scrafty,generation-v,,medium,red,upright,90.0,70.0,False,False,False,scraggy,0,1,0.05025125628140704,0.02990598119623925,0.23601398601398602,1.0,1.0,0.2887700534759358,0.1053904078305441,0.7629233511586452,0.4867864628126214
Sigilyph,Psychic,Flying,490,72,58,80,103,80,97,True,sigilyph,561.0,172.0,14.0,140.0,3.0,1.0,"wonder-skin, magic-guard, tinted-lens",83.0,True,sigilyph,generation-v,,medium,black,wings,45.0,70.0,False,False,False,,0,0,0.06532663316582915,0.013902780556111221,0.23776223776223773,1.0,1.0,0.2192513368983957,0.10566388382805936,0.7397504456327986,0.32759934340153724
Yamask,Ghost,,303,38,30,85,55,65,30,True,yamask,562.0,61.0,5.0,15.0,1.0,0.0,mummy,70.0,True,yamask,generation-v,,medium,black,arms,190.0,70.0,False,False,False,,0,0,0.020100502512562814,0.001400280056011202,0.0437062937062937,0.0,0.0,0.18449197860962566,0.02173569209162257,0.06149732620320855,0.031119638108770192
Yamask,Ground,Ghost,303,38,55,85,30,65,30,True,yamask,562.0,61.0,5.0,15.0,1.0,0.0,mummy,70.0,True,yamask,generation-v,,medium,black,arms,190.0,70.0,False,False,False,,0,0,0.020100502512562814,0.001400280056011202,0.0437062937062937,0.0,0.0,0.18449197860962566,0.02173569209162257,0.06149732620320855,0.031119638108770192
Cofagrigus,Ghost,,483,58,50,145,95,105,30,True,cofagrigus,563.0,169.0,17.0,765.0,1.0,0.0,mummy,82.0,True,cofagrigus,generation-v,,medium,yellow,blob,90.0,70.0,False,False,False,yamask,0,1,0.08040201005025126,0.07641528305661131,0.23251748251748253,0.0,0.0,0.21657754010695185,0.12977825854144837,0.07219251336898395,0.21781048291002808
Tirtouga,Water,Rock,355,54,78,103,53,45,22,True,tirtouga,564.0,71.0,7.0,165.0,3.0,1.0,"solid-rock, sturdy, swift-swim",69.0,True,tirtouga,generation-v,,medium,blue,quadruped,45.0,70.0,False,False,False,,0,0,0.03015075376884422,0.01640328065613123,0.061188811188811185,1.0,1.0,0.1818181818181818,0.035914281871262214,0.7272727272727272,0.3016833754704696
Carracosta,Water,Rock,495,74,108,133,83,65,32,True,carracosta,565.0,173.0,12.0,810.0,3.0,1.0,"solid-rock, sturdy, swift-swim",73.0,True,carracosta,generation-v,,medium,blue,upright,45.0,70.0,False,False,False,tirtouga,0,1,0.055276381909547735,0.08091618323664733,0.2395104895104895,1.0,1.0,0.19251336898395718,0.1252343515522282,0.7308377896613191,0.4799054213301961
Archen,Rock,Flying,401,55,112,45,74,45,70,True,archen,566.0,71.0,5.0,95.0,1.0,0.0,defeatist,75.0,True,archen,generation-v,,medium,yellow,wings,45.0,70.0,False,False,False,,0,0,0.020100502512562814,0.009401880376075214,0.061188811188811185,0.0,0.0,0.1978609625668449,0.030230398025816407,0.0659536541889483,0.035450581083324245
Archeops,Rock,Flying,567,75,140,65,112,65,110,True,archeops,567.0,177.0,14.0,320.0,1.0,0.0,defeatist,80.0,True,archeops,generation-v,,medium,yellow,wings,45.0,70.0,False,False,False,archen,0,1,0.06532663316582915,0.03190638127625525,0.24650349650349648,0.0,0.0,0.21122994652406415,0.11457883698186029,0.07040998217468805,0.2125376439644333
Trubbish,Poison,,329,50,50,62,40,62,65,True,trubbish,568.0,66.0,6.0,310.0,3.0,1.0,"stench, sticky-hold, aftermath",57.0,True,trubbish,generation-v,,medium,green,humanoid,190.0,70.0,False,False,False,,0,0,0.025125628140703515,0.030906181236247252,0.05244755244755245,1.0,1.0,0.1497326203208556,0.036159787274834404,0.716577540106952,0.29747895222523113
Garbodor,Poison,,474,80,95,82,60,82,75,True,garbodor,569.0,166.0,19.0,1073.0,3.0,1.0,"stench, weak-armor, aftermath",71.0,True,garbodor,generation-v,,medium,green,humanoid,60.0,70.0,False,False,False,trubbish,0,1,0.09045226130653267,0.10722144428885777,0.22727272727272727,1.0,1.0,0.1871657754010695,0.14164881095603923,0.7290552584670231,0.48411674667362103
Zorua,Dark,,330,40,65,40,80,40,65,True,zorua,570.0,66.0,7.0,125.0,1.0,0.0,illusion,84.0,True,zorua,generation-v,,medium-slow,gray,quadruped,75.0,70.0,False,False,False,,0,0,0.03015075376884422,0.01240248049609922,0.05244755244755245,0.0,0.0,0.22192513368983954,0.031666928904165295,0.07397504456327984,0.039090096496561526
Zorua,Normal,Ghost,330,35,60,40,85,40,70,True,zorua,570.0,66.0,7.0,125.0,1.0,0.0,illusion,84.0,True,zorua,generation-v,,medium-slow,gray,quadruped,75.0,70.0,False,False,False,,0,0,0.03015075376884422,0.01240248049609922,0.05244755244755245,0.0,0.0,0.22192513368983954,0.031666928904165295,0.07397504456327984,0.039090096496561526
Zoroark,Dark,,510,60,105,60,120,60,105,True,zoroark,571.0,179.0,16.0,811.0,1.0,0.0,illusion,98.0,True,zoroark,generation-v,,medium-slow,gray,upright,45.0,70.0,False,False,False,zorua,0,1,0.07537688442211056,0.08101620324064812,0.24999999999999997,0.0,0.0,0.25935828877005346,0.13546436255425287,0.08645276292335115,0.22522041393561631
Zoroark,Normal,Ghost,510,55,100,60,125,60,110,True,zoroark,571.0,179.0,16.0,811.0,1.0,0.0,illusion,98.0,True,zoroark,generation-v,,medium-slow,gray,upright,45.0,70.0,False,False,False,zorua,0,1,0.07537688442211056,0.08101620324064812,0.24999999999999997,0.0,0.0,0.25935828877005346,0.13546436255425287,0.08645276292335115,0.22522041393561631
Minccino,Normal,,300,55,50,40,40,40,75,True,minccino,572.0,60.0,4.0,58.0,3.0,1.0,"cute-charm, technician, skill-link",73.0,True,minccino,generation-v,,fast,gray,quadruped,255.0,70.0,False,False,False,,0,0,0.01507537688442211,0.00570114022804561,0.04195804195804195,1.0,1.0,0.19251336898395718,0.020911519690169893,0.7308377896613191,0.2986085717715786
Cinccino,Normal,,470,75,95,60,65,60,115,True,cinccino,573.0,165.0,5.0,75.0,3.0,1.0,"cute-charm, technician, skill-link",78.0,True,cinccino,generation-v,,fast,gray,quadruped,60.0,70.0,False,False,False,minccino,0,1,0.020100502512562814,0.007401480296059212,0.2255244755244755,1.0,1.0,0.20588235294117646,0.08434215277769917,0.7352941176470589,0.4694202928921333
Gothita,Psychic,,290,45,30,50,55,65,45,True,gothita,574.0,58.0,4.0,58.0,3.0,1.0,"frisk, competitive, shadow-tag",89.0,True,gothita,generation-v,,medium-slow,purple,humanoid,200.0,70.0,False,False,False,,0,0,0.01507537688442211,0.00570114022804561,0.03846153846153845,1.0,1.0,0.2352941176470588,0.019746018524668726,0.7450980392156863,0.30396302124367514
Gothorita,Psychic,,390,60,45,70,75,85,55,True,gothorita,575.0,137.0,7.0,180.0,3.0,1.0,"frisk, competitive, shadow-tag",84.0,True,gothorita,generation-v,,medium-slow,purple,humanoid,100.0,70.0,False,False,False,gothita,0,1,0.03015075376884422,0.01790358071614323,0.17657342657342656,1.0,1.0,0.22192513368983954,0.07487592035280467,0.7406417112299465,0.46871946059782
Gothitelle,Psychic,,490,70,55,95,95,110,65,True,gothitelle,576.0,221.0,15.0,440.0,3.0,1.0,"frisk, competitive, shadow-tag",93.0,True,gothitelle,generation-v,,medium-slow,purple,humanoid,50.0,70.0,False,False,False,gothorita,0,1,0.07035175879396986,0.043908781756351274,0.32342657342657344,1.0,1.0,0.2459893048128342,0.14589570465896487,0.7486631016042781,0.4932339520394007
Solosis,Psychic,,290,45,30,40,105,50,20,True,solosis,577.0,58.0,3.0,10.0,3.0,1.0,"overcoat, magic-guard, regenerator",79.0,True,solosis,generation-v,,medium-slow,green,ball,200.0,70.0,False,False,False,,0,0,0.010050251256281405,0.0009001800360072014,0.03846153846153845,1.0,1.0,0.2085561497326203,0.016470656584609018,0.7361853832442068,0.29941535027306543
Duosion,Psychic,,370,65,40,50,125,60,30,True,duosion,578.0,130.0,6.0,80.0,3.0,1.0,"overcoat, magic-guard, regenerator",79.0,True,duosion,generation-v,,medium-slow,green,ball,100.0,70.0,False,False,False,solosis,0,1,0.025125628140703515,0.007901580316063212,0.16433566433566432,1.0,1.0,0.2085561497326203,0.06578762426414368,0.7361853832442068,0.46421044057692584
Reuniclus,Psychic,,490,110,65,75,125,85,30,True,reuniclus,579.0,221.0,10.0,201.0,3.0,1.0,"overcoat, magic-guard, regenerator",100.0,True,reuniclus,generation-v,,medium-slow,green,arms,50.0,70.0,False,False,False,duosion,0,1,0.04522613065326633,0.020004000800160033,0.32342657342657344,1.0,1.0,0.2647058823529411,0.12955223495999993,0.7549019607843137,0.4908264548017255
Ducklett,Water,Flying,305,62,44,50,44,50,55,True,ducklett,580.0,61.0,5.0,55.0,3.0,1.0,"keen-eye, big-pecks, hydration",60.0,True,ducklett,generation-v,,medium,blue,wings,190.0,70.0,False,False,False,,0,0,0.020100502512562814,0.005401080216043209,0.0437062937062937,1.0,1.0,0.15775401069518716,0.023069292144966575,0.7192513368983957,0.2946213224028483
Swanna,Water,Flying,473,75,87,63,87,63,98,True,swanna,581.0,166.0,13.0,242.0,3.0,1.0,"keen-eye, big-pecks, hydration",65.0,True,swanna,generation-v,,medium,white,wings,45.0,70.0,False,False,False,ducklett,0,1,0.06030150753768845,0.02410482096419284,0.22727272727272727,1.0,1.0,0.1711229946524064,0.10389301859153617,0.7237076648841354,0.470650971531115
Vanillite,Ice,,305,36,50,50,65,60,44,True,vanillite,582.0,61.0,4.0,57.0,3.0,1.0,"ice-body, snow-cloak, weak-armor",52.0,True,vanillite,generation-v,,slow,white,blob,255.0,70.0,False,False,False,,0,0,0.01507537688442211,0.005601120224044809,0.0437062937062937,1.0,1.0,0.13636363636363635,0.02146093027158687,0.712121212121212,0.2912867639299609
Vanillish,Ice,,395,51,65,65,80,75,59,True,vanillish,583.0,138.0,11.0,410.0,3.0,1.0,"ice-body, snow-cloak, weak-armor",46.0,True,vanillish,generation-v,,slow,white,blob,120.0,70.0,False,False,False,vanillite,0,1,0.05025125628140704,0.040908181636327264,0.1783216783216783,1.0,1.0,0.12032085561497326,0.08982703874647087,0.7067736185383243,0.45965755903927097
Vanilluxe,Ice,,535,71,95,85,110,95,79,True,vanilluxe,584.0,241.0,13.0,575.0,3.0,1.0,"ice-body, snow-warning, weak-armor",57.0,True,vanilluxe,generation-v,,slow,white,heads,45.0,70.0,False,False,False,vanillish,0,1,0.06030150753768845,0.057411482296459294,0.35839160839160844,1.0,1.0,0.1497326203208556,0.15870153274191873,0.716577540106952,0.4842414758653564
Deerling,Normal,Grass,335,60,60,50,40,50,75,True,deerling,585.0,67.0,6.0,195.0,3.0,1.0,"chlorophyll, sap-sipper, serene-grace",71.0,True,deerling,generation-v,,medium,pink,quadruped,190.0,70.0,False,False,False,,0,0,0.025125628140703515,0.019403880776155232,0.05419580419580419,1.0,1.0,0.1871657754010695,0.03290843770422098,0.7290552584670231,0.3014946346980756
Sawsbuck,Normal,Grass,475,80,100,70,60,70,95,True,sawsbuck,586.0,166.0,19.0,925.0,3.0,1.0,"chlorophyll, sap-sipper, serene-grace",80.0,True,sawsbuck,generation-v,,medium,brown,quadruped,75.0,70.0,False,False,False,deerling,0,1,0.09045226130653267,0.09241848369673934,0.22727272727272727,1.0,1.0,0.21122994652406415,0.1367144907586664,0.7370766488413548,0.4858450067641419
Emolga,Electric,Flying,428,55,75,60,75,60,103,True,emolga,587.0,150.0,4.0,50.0,2.0,1.0,"static, motor-drive",68.0,True,emolga,generation-v,,medium,white,quadruped,200.0,70.0,False,False,False,,0,0,0.01507537688442211,0.004900980196039208,0.1993006993006993,0.5,1.0,0.17914438502673793,0.07309235212705355,0.5597147950089126,0.2458136236416811
Karrablast,Bug,,315,50,75,45,40,45,60,True,karrablast,588.0,63.0,5.0,59.0,3.0,1.0,"swarm, shed-skin, no-guard",53.0,True,karrablast,generation-v,,medium,blue,humanoid,200.0,70.0,False,False,False,,0,0,0.020100502512562814,0.0058011602320464095,0.0472027972027972,1.0,1.0,0.1390374331550802,0.02436815331580214,0.7130124777183601,0.29251543708208466
Escavalier,Bug,Steel,495,70,135,105,60,105,20,True,escavalier,589.0,173.0,10.0,330.0,3.0,1.0,"swarm, shell-armor, overcoat",67.0,True,escavalier,generation-v,,medium,gray,arms,75.0,70.0,False,False,False,karrablast,0,1,0.04522613065326633,0.032906581316263256,0.2395104895104895,1.0,1.0,0.1764705882352941,0.10588106716000638,0.7254901960784313,0.47196039857937444
Foongus,Grass,Poison,294,69,55,45,55,55,15,True,foongus,590.0,59.0,2.0,10.0,2.0,1.0,"effect-spore, regenerator",56.0,True,foongus,generation-v,,medium,white,arms,190.0,70.0,False,False,False,,0,0,0.005025125628140704,0.0009001800360072014,0.04020979020979021,0.5,1.0,0.14705882352941174,0.015378365291312703,0.5490196078431372,0.22422135272464871
Amoonguss,Grass,Poison,464,114,85,70,85,80,30,True,amoonguss,591.0,162.0,6.0,105.0,2.0,1.0,"effect-spore, regenerator",58.0,True,amoonguss,generation-v,,medium,white,arms,75.0,70.0,False,False,False,foongus,0,1,0.025125628140703515,0.010402080416083216,0.2202797202797203,0.5,1.0,0.15240641711229944,0.08526914294550235,0.5508021390374331,0.39590159849862394
Frillish,Water,Ghost,335,55,40,50,65,85,40,False,,,,,,,,,,,,,,,,,,,,,,,0,0,0.04522613065326633,0.02990598119623925,0.21503496503496503,1.0,1.0,0.2085561497326203,0.09672235896149022,0.7361853832442068,0.3234908609861298
Jellicent,Water,Ghost,480,100,60,70,85,105,60,False,,,,,,,,,,,,,,,,,,,,,,,0,0,0.04522613065326633,0.02990598119623925,0.21503496503496503,1.0,1.0,0.2085561497326203,0.09672235896149022,0.7361853832442068,0.3234908609861298
Alomomola,Water,,470,165,75,80,40,45,65,True,alomomola,594.0,165.0,12.0,316.0,3.0,1.0,"healer, hydration, regenerator",74.0,True,alomomola,generation-v,,fast,pink,fish,75.0,70.0,False,False,False,,0,0,0.055276381909547735,0.03150630126025205,0.2255244755244755,1.0,1.0,0.19518716577540104,0.10410238623142509,0.7317290552584671,0.3239223379728144
Joltik,Bug,Electric,319,50,47,50,57,50,65,True,joltik,595.0,64.0,1.0,6.0,3.0,1.0,"compound-eyes, unnerve, swarm",69.0,True,joltik,generation-v,,medium,yellow,armor,190.0,70.0,False,False,False,,0,0,0.0,0.0005001000200040008,0.048951048951048945,1.0,1.0,0.1818181818181818,0.016483716323684314,0.7272727272727272,0.2958542058061962
Galvantula,Bug,Electric,472,70,77,60,97,60,108,True,galvantula,596.0,165.0,8.0,143.0,3.0,1.0,"compound-eyes, unnerve, swarm",69.0,True,galvantula,generation-v,,medium,yellow,armor,75.0,70.0,False,False,False,joltik,0,1,0.035175879396984924,0.014202840568113622,0.2255244755244755,1.0,1.0,0.1818181818181818,0.09163439849652467,0.7272727272727272,0.46839941045804834
Ferroseed,Grass,Steel,305,44,50,91,24,86,10,True,ferroseed,597.0,61.0,6.0,188.0,1.0,0.0,iron-barbs,60.0,True,ferroseed,generation-v,,medium,gray,ball,255.0,70.0,False,False,False,,0,0,0.025125628140703515,0.018703740748149632,0.0437062937062937,0.0,0.0,0.15775401069518716,0.02917855419838228,0.05258467023172905,0.029787434352206307
Ferrothorn,Grass,Steel,489,74,94,131,54,116,20,True,ferrothorn,598.0,171.0,10.0,1100.0,2.0,1.0,"iron-barbs, anticipation",74.0,True,ferrothorn,generation-v,,medium,gray,tentacles,90.0,70.0,False,False,False,ferroseed,0,1,0.04522613065326633,0.10992198439687938,0.23601398601398602,0.5,1.0,0.19518716577540104,0.13038736702137724,0.5650623885918004,0.4151411655431333
Klink,Steel,,300,40,55,70,45,60,30,True,klink,599.0,60.0,3.0,210.0,3.0,1.0,"plus, minus, clear-body",53.0,True,klink,generation-v,,medium-slow,gray,heads,130.0,70.0,False,False,False,,0,0,0.010050251256281405,0.020904180836167234,0.04195804195804195,1.0,1.0,0.1390374331550802,0.024304158016830196,0.7130124777183601,0.2924962384923931
Klang,Steel,,440,60,80,95,70,85,50,True,klang,600.0,154.0,6.0,510.0,3.0,1.0,"plus, minus, clear-body",54.0,True,klang,generation-v,,medium-slow,gray,heads,60.0,70.0,False,False,False,klink,0,1,0.025125628140703515,0.050910182036407285,0.20629370629370627,1.0,1.0,0.14171122994652405,0.09410983882360568,0.713903743315508,0.4637944489732849
Klinklang,Steel,,520,60,100,115,70,85,90,True,klinklang,601.0,234.0,6.0,810.0,3.0,1.0,"plus, minus, clear-body",60.0,True,klinklang,generation-v,,medium-slow,gray,heads,30.0,70.0,False,False,False,klang,0,1,0.025125628140703515,0.08091618323664733,0.34615384615384615,1.0,1.0,0.15775401069518716,0.15073188584373234,0.7192513368983957,0.482920100512478
Tynamo,Electric,,275,35,55,40,45,40,60,True,tynamo,602.0,55.0,2.0,3.0,1.0,0.0,levitate,8.0,True,tynamo,generation-v,,slow,white,fish,190.0,70.0,False,False,False,,0,0,0.005025125628140704,0.00020004000800160032,0.033216783216783216,0.0,0.0,0.01871657754010695,0.012813982950975173,0.00623885918003565,0.006339738557306812
Eelektrik,Electric,,405,65,85,70,75,70,40,True,eelektrik,603.0,142.0,12.0,220.0,1.0,0.0,levitate,61.0,True,eelektrik,generation-v,,slow,blue,fish,60.0,70.0,False,False,False,tynamo,0,1,0.055276381909547735,0.021904380876175238,0.1853146853146853,0.0,0.0,0.160427807486631,0.08749848270013609,0.053475935828877,0.19763991914159162
Eelektross,Electric,,515,85,115,80,105,80,50,True,eelektross,604.0,232.0,21.0,805.0,1.0,0.0,levitate,102.0,True,eelektross,generation-v,,slow,blue,fish,30.0,70.0,False,False,False,eelektrik,0,1,0.10050251256281408,0.08041608321664333,0.3426573426573426,0.0,0.0,0.27005347593582885,0.17452531281226666,0.09001782531194295,0.23836472396845718
Elgyem,Psychic,,335,55,55,55,85,55,30,True,elgyem,605.0,67.0,5.0,90.0,3.0,1.0,"telepathy, synchronize, analytic",82.0,True,elgyem,generation-v,,medium,blue,upright,255.0,70.0,False,False,False,,0,0,0.020100502512562814,0.008901780356071214,0.05419580419580419,1.0,1.0,0.21657754010695185,0.027732695688146073,0.7388591800356507,0.3038634807207041
Beheeyem,Psychic,,485,75,75,75,125,95,40,True,beheeyem,606.0,170.0,10.0,345.0,3.0,1.0,"telepathy, synchronize, analytic",84.0,True,beheeyem,generation-v,,medium,brown,humanoid,90.0,70.0,False,False,False,elgyem,0,1,0.04522613065326633,0.034406881376275254,0.23426573426573424,1.0,1.0,0.22192513368983954,0.10463291543175861,0.7406417112299465,0.4776465591215062
Litwick,Ghost,Fire,275,50,30,55,65,55,20,True,litwick,607.0,55.0,3.0,31.0,3.0,1.0,"flash-fire, flame-body, infiltrator",72.0,True,litwick,generation-v,,medium-slow,white,blob,190.0,70.0,False,False,False,,0,0,0.010050251256281405,0.0030006001200240046,0.033216783216783216,1.0,1.0,0.18983957219251335,0.015422544864362875,0.7299465240641712,0.2966053730849773
Lampent,Ghost,Fire,370,60,40,60,95,60,55,True,lampent,608.0,130.0,6.0,130.0,3.0,1.0,"flash-fire, flame-body, infiltrator",71.0,True,lampent,generation-v,,medium-slow,black,arms,90.0,70.0,False,False,False,litwick,0,1,0.025125628140703515,0.01290258051610322,0.16433566433566432,1.0,1.0,0.1871657754010695,0.06745462433082368,0.7290552584670231,0.46185849068605633
Chandelure,Ghost,Fire,520,60,55,90,145,90,80,True,chandelure,609.0,234.0,10.0,343.0,3.0,1.0,"flash-fire, flame-body, infiltrator",75.0,True,chandelure,generation-v,,medium-slow,black,arms,45.0,70.0,False,False,False,lampent,0,1,0.04522613065326633,0.034206841368273656,0.34615384615384615,1.0,1.0,0.1978609625668449,0.14186227272512872,0.7326203208556149,0.4856068101597846
Axew,Dragon,,320,46,87,60,30,40,57,True,axew,610.0,64.0,6.0,180.0,3.0,1.0,"rivalry, mold-breaker, unnerve",80.0,True,axew,generation-v,,slow,green,upright,75.0,35.0,False,False,False,,0,0,0.025125628140703515,0.01790358071614323,0.048951048951048945,1.0,1.0,0.21122994652406415,0.03066008593596523,0.7370766488413548,0.30402868531733146
Fraxure,Dragon,,410,66,117,70,40,50,67,True,fraxure,611.0,144.0,10.0,360.0,3.0,1.0,"rivalry, mold-breaker, unnerve",76.0,True,fraxure,generation-v,,slow,green,upright,60.0,35.0,False,False,False,axew,0,1,0.04522613065326633,0.03590718143628726,0.18881118881118883,1.0,1.0,0.20053475935828874,0.08998150030024747,0.7335115864527629,0.4703990846711794
Haxorus,Dragon,,540,76,147,90,60,70,97,True,haxorus,612.0,243.0,18.0,1055.0,3.0,1.0,"rivalry, mold-breaker, unnerve",86.0,True,haxorus,generation-v,,slow,yellow,upright,45.0,35.0,False,False,False,fraxure,0,1,0.08542713567839197,0.10542108421684336,0.3618881118881119,1.0,1.0,0.22727272727272724,0.1842454439277824,0.7424242424242423,0.5022433301480317
Cubchoo,Ice,,305,55,70,40,60,40,40,True,cubchoo,613.0,61.0,5.0,85.0,3.0,1.0,"snow-cloak, slush-rush, rattled",83.0,True,cubchoo,generation-v,,medium,white,upright,120.0,70.0,False,False,False,,0,0,0.020100502512562814,0.008401680336067212,0.0437062937062937,1.0,1.0,0.2192513368983957,0.024069492184974575,0.7397504456327986,0.3031210259086118
Beartic,Ice,,505,95,130,80,70,80,50,True,beartic,614.0,177.0,26.0,2600.0,3.0,1.0,"snow-cloak, slush-rush, swift-swim",102.0,True,beartic,generation-v,,medium,white,quadruped,60.0,70.0,False,False,False,cubchoo,0,1,0.1256281407035176,0.25995199039807965,0.24650349650349648,1.0,1.0,0.27005347593582885,0.21069454253503125,0.7566844919786097,0.5158821595519533
Cryogonal,Ice,,515,80,50,50,95,135,105,True,cryogonal,615.0,180.0,11.0,1480.0,1.0,0.0,levitate,66.0,True,cryogonal,generation-v,,medium,blue,ball,25.0,70.0,False,False,False,,0,0,0.05025125628140704,0.14792958591718344,0.2517482517482518,0.0,0.0,0.17379679144385024,0.1499763646489474,0.05793226381461675,0.06816581492053092
Shelmet,Bug,,305,50,40,85,40,65,25,True,shelmet,616.0,61.0,4.0,77.0,3.0,1.0,"hydration, shell-armor, overcoat",52.0,True,shelmet,generation-v,,medium,red,ball,200.0,70.0,False,False,False,,0,0,0.01507537688442211,0.007601520304060813,0.0437062937062937,1.0,1.0,0.13636363636363635,0.022127730298258874,0.712121212121212,0.2914868039379625
Accelgor,Bug,,495,80,70,40,100,60,145,True,accelgor,617.0,173.0,8.0,253.0,3.0,1.0,"hydration, sticky-hold, unburden",62.0,True,accelgor,generation-v,,medium,red,arms,75.0,70.0,False,False,False,shelmet,0,1,0.035175879396984924,0.02520504100820164,0.2395104895104895,1.0,1.0,0.16310160427807485,0.09996380330522536,0.7210338680926917,0.4684026882286443
Stunfisk,Ground,Electric,471,109,66,84,81,99,32,True,stunfisk,618.0,165.0,7.0,110.0,3.0,1.0,"static, limber, sand-veil",74.0,True,stunfisk,generation-v,,medium,brown,fish,75.0,70.0,False,False,False,,0,0,0.03015075376884422,0.010902180436087218,0.2255244755244755,1.0,1.0,0.19518716577540104,0.08885913657646898,0.7317290552584671,0.31934936307632755
Stunfisk,Ground,Steel,471,109,81,99,66,84,32,True,stunfisk,618.0,165.0,7.0,110.0,3.0,1.0,"static, limber, sand-veil",74.0,True,stunfisk,generation-v,,medium,brown,fish,75.0,70.0,False,False,False,,0,0,0.03015075376884422,0.010902180436087218,0.2255244755244755,1.0,1.0,0.19518716577540104,0.08885913657646898,0.7317290552584671,0.31934936307632755
Mienfoo,Fighting,,350,45,85,50,55,50,65,True,mienfoo,619.0,70.0,9.0,200.0,3.0,1.0,"inner-focus, regenerator, reckless",83.0,True,mienfoo,generation-v,,medium-slow,yellow,upright,180.0,70.0,False,False,False,,0,0,0.04020100502512563,0.019903980796159234,0.05944055944055944,1.0,1.0,0.2192513368983957,0.03984851508728143,0.7397504456327986,0.30785473277930386
Mienshao,Fighting,,510,65,125,60,95,60,105,True,mienshao,620.0,179.0,14.0,355.0,3.0,1.0,"inner-focus, regenerator, reckless",91.0,True,mienshao,generation-v,,medium-slow,purple,upright,45.0,70.0,False,False,False,mienfoo,0,1,0.06532663316582915,0.03540708141628326,0.24999999999999997,1.0,1.0,0.2406417112299465,0.11691123819403747,0.7468805704099822,0.48382559962220417
Druddigon,Dragon,,485,77,120,90,60,90,48,True,druddigon,621.0,170.0,16.0,1390.0,3.0,1.0,"rough-skin, sheer-force, mold-breaker",91.0,True,druddigon,generation-v,,medium,red,upright,45.0,70.0,False,False,False,,0,0,0.07537688442211056,0.1389277855571114,0.23426573426573424,1.0,1.0,0.2406417112299465,0.14952346808165207,0.7468805704099822,0.3436092685884885
Golett,Ground,Ghost,303,59,74,50,35,50,35,True,golett,622.0,61.0,10.0,920.0,3.0,1.0,"iron-fist, klutz, no-guard",89.0,True,golett,generation-v,,medium,green,humanoid,190.0,70.0,False,False,False,,0,0,0.04522613065326633,0.09191838367673534,0.0437062937062937,1.0,1.0,0.2352941176470588,0.060283602678765126,0.7450980392156863,0.31612429648990403
Golurk,Ground,Ghost,483,89,124,80,55,80,55,True,golurk,623.0,169.0,28.0,3300.0,3.0,1.0,"iron-fist, klutz, no-guard",107.0,True,golurk,generation-v,,medium,green,humanoid,90.0,70.0,False,False,False,golett,0,1,0.135678391959799,0.32996599319863973,0.23251748251748253,1.0,1.0,0.2834224598930481,0.23272062255864043,0.7611408199643493,0.5242725147533319
Pawniard,Dark,Steel,340,45,85,70,40,40,60,True,pawniard,624.0,68.0,5.0,102.0,3.0,1.0,"defiant, inner-focus, pressure",84.0,True,pawniard,generation-v,,medium,red,humanoid,120.0,35.0,False,False,False,,0,0,0.020100502512562814,0.010102020404080815,0.05594405594405594,1.0,1.0,0.22192513368983954,0.028715526286899856,0.7406417112299465,0.3048713423780486
Bisharp,Dark,Steel,490,65,125,100,60,70,70,True,bisharp,625.0,172.0,16.0,700.0,3.0,1.0,"defiant, inner-focus, pressure",85.0,True,bisharp,generation-v,,medium,red,humanoid,45.0,35.0,False,False,False,pawniard,0,1,0.07537688442211056,0.0699139827965593,0.23776223776223773,1.0,1.0,0.2245989304812834,0.1276843683269692,0.7415329768270945,0.48491850122892854
Bouffalant,Normal,,490,95,110,95,40,95,55,True,bouffalant,626.0,172.0,16.0,946.0,3.0,1.0,"reckless, sap-sipper, soundproof",73.0,True,bouffalant,generation-v,,medium,brown,quadruped,45.0,70.0,False,False,False,,0,0,0.07537688442211056,0.09451890378075614,0.23776223776223773,1.0,1.0,0.19251336898395718,0.13588600865503483,0.7308377896613191,0.3331009184610381
Rufflet,Normal,Flying,350,70,83,50,37,50,60,True,rufflet,627.0,70.0,5.0,105.0,3.0,1.0,"keen-eye, sheer-force, hustle",68.0,True,rufflet,generation-v,,slow,white,wings,190.0,70.0,False,False,False,,0,0,0.020100502512562814,0.010402080416083216,0.05944055944055944,1.0,1.0,0.17914438502673793,0.029981047456401826,0.7263814616755794,0.2995468989071523
Braviary,Normal,Flying,510,100,123,75,57,75,80,True,braviary,628.0,179.0,15.0,410.0,3.0,1.0,"keen-eye, sheer-force, defiant",73.0,True,braviary,generation-v,,slow,red,wings,60.0,70.0,False,False,False,rufflet,0,1,0.07035175879396986,0.040908181636327264,0.24999999999999997,1.0,1.0,0.19251336898395718,0.12041998014343236,0.7308377896613191,0.4784611099075573
Braviary,Psychic,Flying,510,110,83,70,112,70,65,True,braviary,628.0,179.0,15.0,410.0,3.0,1.0,"keen-eye, sheer-force, defiant",73.0,True,braviary,generation-v,,slow,red,wings,60.0,70.0,False,False,False,rufflet,0,1,0.07035175879396986,0.040908181636327264,0.24999999999999997,1.0,1.0,0.19251336898395718,0.12041998014343236,0.7308377896613191,0.4784611099075573
Vullaby,Dark,Flying,370,70,55,75,45,65,60,True,vullaby,629.0,74.0,5.0,90.0,3.0,1.0,"big-pecks, overcoat, weak-armor",73.0,True,vullaby,generation-v,,slow,brown,wings,190.0,35.0,False,False,False,,0,0,0.020100502512562814,0.008901780356071214,0.06643356643356643,1.0,1.0,0.19251336898395718,0.031811949767400156,0.7308377896613191,0.3018787007947477
Mandibuzz,Dark,Flying,510,110,65,105,55,95,80,True,mandibuzz,630.0,179.0,12.0,395.0,3.0,1.0,"big-pecks, overcoat, weak-armor",80.0,True,mandibuzz,generation-v,,slow,brown,wings,60.0,35.0,False,False,False,vullaby,0,1,0.055276381909547735,0.039407881576315265,0.24999999999999997,1.0,1.0,0.21122994652406415,0.11489475449528767,0.7370766488413548,0.47929908588512826
Heatmor,Fire,,484,85,97,66,105,66,65,True,heatmor,631.0,169.0,14.0,580.0,3.0,1.0,"gluttony, flash-fire, white-smoke",80.0,True,heatmor,generation-v,,medium,red,upright,90.0,70.0,False,False,False,,0,0,0.06532663316582915,0.057911582316463296,0.23251748251748253,1.0,1.0,0.21122994652406415,0.11858523266659166,0.7370766488413548,0.3304062293365194
Durant,Bug,Steel,484,58,109,112,48,48,109,True,durant,632.0,169.0,3.0,330.0,3.0,1.0,"swarm, hustle, truant",65.0,True,durant,generation-v,,medium,gray,armor,90.0,70.0,False,False,False,,0,0,0.010050251256281405,0.032906581316263256,0.23251748251748253,1.0,1.0,0.1711229946524064,0.09182477169667573,0.7237076648841354,0.31703049746265693
Deino,Dark,Dragon,300,52,65,50,45,50,38,True,deino,633.0,60.0,8.0,173.0,1.0,0.0,hustle,67.0,True,deino,generation-v,,slow,blue,quadruped,45.0,35.0,False,False,False,,0,0,0.035175879396984924,0.017203440688137627,0.04195804195804195,0.0,0.0,0.1764705882352941,0.0314457873477215,0.0588235294117647,0.03296314796902233
Zweilous,Dark,Dragon,420,72,85,70,65,70,58,True,zweilous,634.0,147.0,14.0,500.0,1.0,0.0,hustle,68.0,True,zweilous,generation-v,,slow,blue,quadruped,45.0,35.0,False,False,False,deino,0,1,0.06532663316582915,0.04990998199639928,0.19405594405594404,0.0,0.0,0.17914438502673793,0.10309751973939081,0.05971479500891264,0.2048151739253823
Hydreigon,Dark,Dragon,600,92,105,90,125,90,98,True,hydreigon,635.0,270.0,18.0,1600.0,1.0,0.0,levitate,106.0,True,hydreigon,generation-v,,slow,blue,upright,45.0,35.0,False,False,False,zweilous,0,1,0.08542713567839197,0.15993198639727946,0.40909090909090906,0.0,0.0,0.28074866310160423,0.21815001038886017,0.09358288770053474,0.2528781581968719
Larvesta,Bug,Fire,360,55,85,55,50,55,60,True,larvesta,636.0,72.0,11.0,288.0,2.0,1.0,"flame-body, swarm",61.0,True,larvesta,generation-v,,slow,white,armor,45.0,70.0,False,False,False,,0,0,0.05025125628140704,0.028705741148229647,0.06293706293706294,0.5,1.0,0.160427807486631,0.04729802012223321,0.553475935828877,0.23557978036822078
Volcarona,Bug,Fire,550,85,60,65,135,105,100,True,volcarona,637.0,248.0,16.0,460.0,2.0,1.0,"flame-body, swarm",79.0,True,volcarona,generation-v,,slow,white,bug-wings,15.0,70.0,False,False,False,larvesta,0,1,0.07537688442211056,0.045909181836367274,0.3706293706293706,0.5,1.0,0.2085561497326203,0.16397181229594948,0.56951871657754,0.4269990303198009
Cobalion,Steel,Fighting,580,91,90,129,90,72,108,True,cobalion,638.0,261.0,21.0,2500.0,1.0,0.0,justified,82.0,True,cobalion,generation-v,,slow,blue,quadruped,3.0,35.0,False,True,False,,1,0,0.10050251256281408,0.24994998999799958,0.39335664335664333,0.0,0.0,0.21657754010695185,0.24793638197248566,0.07219251336898395,0.25325791993933927
Terrakion,Rock,Fighting,580,91,129,90,72,90,108,True,terrakion,639.0,261.0,19.0,2600.0,1.0,0.0,justified,75.0,True,terrakion,generation-v,,slow,gray,quadruped,3.0,35.0,False,True,False,,1,0,0.09045226130653267,0.25995199039807965,0.39335664335664333,0.0,0.0,0.1978609625668449,0.24792029835375187,0.0659536541889483,0.2507575511817049
Virizion,Grass,Fighting,580,91,90,72,90,129,108,True,virizion,640.0,261.0,20.0,2000.0,1.0,0.0,justified,81.0,True,virizion,generation-v,,slow,green,quadruped,3.0,35.0,False,True,False,,1,0,0.09547738693467338,0.19993998799759952,0.39335664335664333,0.0,0.0,0.213903743315508,0.22959133942963872,0.071301247771836,0.247397900937626
Tornadus,Flying,,580,79,115,70,125,80,111,False,,,,,,,,,,,,,,,,,,,,,,,0,0,0.04522613065326633,0.02990598119623925,0.21503496503496503,1.0,1.0,0.2085561497326203,0.09672235896149022,0.7361853832442068,0.3234908609861298
Tornadus,Flying,,580,79,100,80,110,90,121,False,,,,,,,,,,,,,,,,,,,,,,,0,0,0.04522613065326633,0.02990598119623925,0.21503496503496503,1.0,1.0,0.2085561497326203,0.09672235896149022,0.7361853832442068,0.3234908609861298
Thundurus,Electric,Flying,580,79,115,70,125,80,111,False,,,,,,,,,,,,,,,,,,,,,,,0,0,0.04522613065326633,0.02990598119623925,0.21503496503496503,1.0,1.0,0.2085561497326203,0.09672235896149022,0.7361853832442068,0.3234908609861298
Thundurus,Electric,Flying,580,79,105,70,145,80,101,False,,,,,,,,,,,,,,,,,,,,,,,0,0,0.04522613065326633,0.02990598119623925,0.21503496503496503,1.0,1.0,0.2085561497326203,0.09672235896149022,0.7361853832442068,0.3234908609861298
Reshiram,Dragon,Fire,680,100,120,100,150,120,90,True,reshiram,643.0,306.0,32.0,3300.0,1.0,0.0,turboblaze,91.0,True,reshiram,generation-v,,slow,white,wings,3.0,0.0,False,True,False,,1,0,0.15577889447236182,0.32996599319863973,0.4720279720279721,0.0,0.0,0.2406417112299465,0.3192576198996579,0.0802139037433155,0.27786284746722356
Zekrom,Dragon,Electric,680,100,150,120,120,100,90,True,zekrom,644.0,306.0,29.0,3450.0,1.0,0.0,teravolt,98.0,True,zekrom,generation-v,,slow,black,upright,3.0,0.0,False,True,False,,1,0,0.1407035175879397,0.3449689937987598,0.4720279720279721,0.0,0.0,0.25935828877005346,0.3192334944715572,0.08645276292335115,0.28035115351080764
Landorus,Ground,Flying,600,89,125,90,115,80,101,False,,,,,,,,,,,,,,,,,,,,,,,0,0,0.04522613065326633,0.02990598119623925,0.21503496503496503,1.0,1.0,0.2085561497326203,0.09672235896149022,0.7361853832442068,0.3234908609861298
Landorus,Ground,Flying,600,89,145,90,105,80,91,False,,,,,,,,,,,,,,,,,,,,,,,0,0,0.04522613065326633,0.02990598119623925,0.21503496503496503,1.0,1.0,0.2085561497326203,0.09672235896149022,0.7361853832442068,0.3234908609861298
Kyurem,Dragon,Ice,660,125,130,90,130,90,95,True,kyurem,646.0,297.0,30.0,3250.0,1.0,0.0,pressure,86.0,True,kyurem,generation-v,,slow,gray,upright,3.0,0.0,False,True,False,,1,0,0.14572864321608042,0.32496499299859977,0.45629370629370636,0.0,0.0,0.22727272727272724,0.30899578083612883,0.07575757575757575,0.27300176455386893
Kyurem,Dragon,Ice,700,125,120,90,170,100,95,True,kyurem,646.0,297.0,30.0,3250.0,1.0,0.0,pressure,86.0,True,kyurem,generation-v,,slow,gray,upright,3.0,0.0,False,True,False,,1,0,0.14572864321608042,0.32496499299859977,0.45629370629370636,0.0,0.0,0.22727272727272724,0.30899578083612883,0.07575757575757575,0.27300176455386893
Kyurem,Dragon,Ice,700,125,170,100,120,90,95,True,kyurem,646.0,297.0,30.0,3250.0,1.0,0.0,pressure,86.0,True,kyurem,generation-v,,slow,gray,upright,3.0,0.0,False,True,False,,1,0,0.14572864321608042,0.32496499299859977,0.45629370629370636,0.0,0.0,0.22727272727272724,0.30899578083612883,0.07575757575757575,0.27300176455386893
Keldeo,Water,Fighting,580,91,72,90,129,90,108,False,,,,,,,,,,,,,,,,,,,,,,,0,0,0.04522613065326633,0.02990598119623925,0.21503496503496503,1.0,1.0,0.2085561497326203,0.09672235896149022,0.7361853832442068,0.3234908609861298
Keldeo,Water,Fighting,580,91,72,90,129,90,108,False,,,,,,,,,,,,,,,,,,,,,,,0,0,0.04522613065326633,0.02990598119623925,0.21503496503496503,1.0,1.0,0.2085561497326203,0.09672235896149022,0.7361853832442068,0.3234908609861298
Meloetta,Normal,Psychic,600,100,77,77,128,128,90,False,,,,,,,,,,,,,,,,,,,,,,,0,0,0.04522613065326633,0.02990598119623925,0.21503496503496503,1.0,1.0,0.2085561497326203,0.09672235896149022,0.7361853832442068,0.3234908609861298
Meloetta,Normal,Fighting,600,100,128,90,77,77,128,False,,,,,,,,,,,,,,,,,,,,,,,0,0,0.04522613065326633,0.02990598119623925,0.21503496503496503,1.0,1.0,0.2085561497326203,0.09672235896149022,0.7361853832442068,0.3234908609861298
Genesect,Bug,Steel,600,71,120,95,120,95,99,True,genesect,649.0,270.0,15.0,825.0,1.0,0.0,download,80.0,True,genesect,generation-v,,slow,purple,humanoid,3.0,0.0,False,False,True,,1,0,0.07035175879396986,0.08241648329665932,0.40909090909090906,0.0,0.0,0.21122994652406415,0.18728638372717943,0.07040998217468805,0.23434990798802904
Chespin,Grass,,313,56,61,65,48,45,38,True,chespin,650.0,63.0,4.0,90.0,2.0,1.0,"overgrow, bulletproof",96.0,True,chespin,generation-vi,,medium-slow,green,upright,45.0,70.0,False,False,False,,0,0,0.01507537688442211,0.008901780356071214,0.0472027972027972,0.5,1.0,0.25401069518716574,0.023726651481096844,0.5846702317290552,0.24098608813595115
Quilladin,Grass,,405,61,78,95,56,58,57,True,quilladin,651.0,142.0,7.0,290.0,2.0,1.0,"overgrow, bulletproof",97.0,True,quilladin,generation-vi,,medium-slow,green,upright,45.0,70.0,False,False,False,chespin,0,1,0.03015075376884422,0.02890578115623125,0.1853146853146853,0.5,1.0,0.2566844919786096,0.08145707341325359,0.5855614973262032,0.4086617209544574
Chesnaught,Grass,Fighting,530,88,107,122,74,75,64,True,chesnaught,652.0,239.0,16.0,900.0,2.0,1.0,"overgrow, bulletproof",119.0,True,chesnaught,generation-vi,,medium-slow,green,upright,45.0,70.0,False,False,False,quilladin,0,1,0.07537688442211056,0.08991798359671933,0.3548951048951049,0.5,1.0,0.3155080213903743,0.17339665763797826,0.605169340463458,0.44408673347677674
Fennekin,Fire,,307,40,45,40,62,60,60,True,fennekin,653.0,61.0,4.0,94.0,2.0,1.0,"blaze, magician",74.0,True,fennekin,generation-vi,,medium-slow,red,quadruped,45.0,70.0,False,False,False,,0,0,0.01507537688442211,0.009301860372074415,0.0437062937062937,0.5,1.0,0.19518716577540104,0.022694510320930075,0.5650623885918004,0.2328333085329992
Braixen,Fire,,409,59,59,58,90,70,73,True,braixen,654.0,143.0,10.0,145.0,2.0,1.0,"blaze, magician",85.0,True,braixen,generation-vi,,medium-slow,red,upright,45.0,70.0,False,False,False,fennekin,0,1,0.04522613065326633,0.014402880576115223,0.18706293706293706,0.5,1.0,0.2245989304812834,0.08223064943077286,0.5748663101604278,0.404615718893403
Delphox,Fire,Psychic,534,75,69,72,114,100,104,True,delphox,655.0,240.0,15.0,390.0,2.0,1.0,"blaze, magician",106.0,True,delphox,generation-vi,,medium-slow,red,upright,45.0,70.0,False,False,False,braixen,0,1,0.07035175879396986,0.03890778155631126,0.35664335664335667,0.5,1.0,0.28074866310160423,0.15530096566454593,0.5935828877005348,0.43402344477957766
Froakie,Water,,314,41,56,40,62,44,71,True,froakie,656.0,63.0,3.0,70.0,2.0,1.0,"torrent, protean",77.0,True,froakie,generation-vi,,medium-slow,blue,quadruped,45.0,70.0,False,False,False,,0,0,0.010050251256281405,0.006901380276055211,0.0472027972027972,0.5,1.0,0.2032085561497326,0.021384809578377937,0.5677361853832442,0.2335099170268111
Frogadier,Water,,405,54,63,52,83,56,97,True,frogadier,657.0,142.0,6.0,109.0,2.0,1.0,"torrent, protean",77.0,True,frogadier,generation-vi,,medium-slow,blue,humanoid,45.0,70.0,False,False,False,froakie,0,1,0.025125628140703515,0.010802160432086417,0.1853146853146853,0.5,1.0,0.2032085561497326,0.07374749129582509,0.5677361853832442,0.3992187215420452
Greninja,Water,Dark,530,72,95,67,103,71,122,True,greninja,658.0,239.0,15.0,400.0,2.0,1.0,"torrent, protean",95.0,True,greninja,generation-vi,,medium-slow,blue,humanoid,45.0,70.0,False,False,False,frogadier,0,1,0.07035175879396986,0.03990798159631927,0.3548951048951049,0.5,1.0,0.2513368983957219,0.15505161509513135,0.5837789661319073,0.43002707098130233
Greninja,Water,Dark,640,72,145,67,153,71,132,True,greninja,658.0,239.0,15.0,400.0,2.0,1.0,"torrent, protean",95.0,True,greninja,generation-vi,,medium-slow,blue,humanoid,45.0,70.0,False,False,False,frogadier,0,1,0.07035175879396986,0.03990798159631927,0.3548951048951049,0.5,1.0,0.2513368983957219,0.15505161509513135,0.5837789661319073,0.43002707098130233
Bunnelby,Normal,,237,38,36,38,32,36,57,True,bunnelby,659.0,47.0,4.0,50.0,3.0,1.0,"pickup, cheek-pouch, huge-power",65.0,True,bunnelby,generation-vi,,medium,brown,upright,255.0,70.0,False,False,False,,0,0,0.01507537688442211,0.004900980196039208,0.019230769230769218,1.0,1.0,0.1711229946524064,0.013069042103743512,0.7237076648841354,0.29340377858477723
Diggersby,Normal,Ground,423,85,56,77,50,77,78,True,diggersby,660.0,148.0,10.0,424.0,3.0,1.0,"pickup, cheek-pouch, huge-power",90.0,True,diggersby,generation-vi,,medium,brown,upright,127.0,70.0,False,False,False,bunnelby,0,1,0.04522613065326633,0.04230846169233847,0.1958041958041958,1.0,1.0,0.23796791443850265,0.09444626271660021,0.7459893048128342,0.4767296007401137
Fletchling,Normal,Flying,278,45,50,43,40,38,62,True,fletchling,661.0,56.0,3.0,17.0,2.0,1.0,"big-pecks, gale-wings",58.0,True,fletchling,generation-vi,,medium-slow,red,wings,255.0,70.0,False,False,False,,0,0,0.010050251256281405,0.0016003200640128026,0.03496503496503496,0.5,1.0,0.15240641711229944,0.015538535428443056,0.5508021390374331,0.2249824162435062
Fletchinder,Fire,Flying,382,62,73,55,56,52,84,True,fletchinder,662.0,134.0,7.0,160.0,2.0,1.0,"flame-body, gale-wings",63.0,True,fletchinder,generation-vi,,medium-slow,red,wings,120.0,70.0,False,False,False,fletchling,0,1,0.03015075376884422,0.015903180636127227,0.17132867132867133,0.5,1.0,0.16577540106951869,0.07246086857788092,0.5552584670231729,0.3938416473826335
Talonflame,Fire,Flying,499,78,81,71,74,69,126,True,talonflame,663.0,175.0,12.0,245.0,2.0,1.0,"flame-body, gale-wings",73.0,True,talonflame,generation-vi,,medium-slow,red,wings,45.0,70.0,False,False,False,fletchinder,0,1,0.055276381909547735,0.02440488097619524,0.243006993006993,0.5,1.0,0.19251336898395718,0.10756275196424532,0.5641711229946523,0.4079372747871345
Scatterbug,Bug,,200,38,35,40,27,25,35,True,scatterbug,664.0,40.0,3.0,25.0,3.0,1.0,"shield-dust, compound-eyes, friend-guard",9.0,True,scatterbug,generation-vi,,medium,black,armor,255.0,70.0,False,False,False,,0,0,0.010050251256281405,0.002400480096019204,0.006993006993006992,1.0,1.0,0.0213903743315508,0.006481246115102534,0.6737967914438503,0.2714630904120709
Spewpa,Bug,,213,45,22,60,27,30,29,True,spewpa,665.0,75.0,3.0,84.0,2.0,1.0,"shed-skin, friend-guard",8.0,True,spewpa,generation-vi,,medium,black,blob,120.0,70.0,False,False,False,scatterbug,0,1,0.010050251256281405,0.008301660332066413,0.06818181818181818,0.5,1.0,0.01871657754010695,0.02884457659005533,0.5062388591800356,0.36114891664903087
Vivillon,Bug,Flying,411,80,52,50,90,50,89,True,vivillon,666.0,185.0,12.0,170.0,3.0,1.0,"shield-dust, compound-eyes, friend-guard",70.0,True,vivillon,generation-vi,,medium,white,bug-wings,45.0,70.0,False,False,False,spewpa,0,1,0.055276381909547735,0.016903380676135227,0.2604895104895105,1.0,1.0,0.18449197860962566,0.11088975769173115,0.7281639928698752,0.47453252445546945
Litleo,Fire,Normal,369,62,50,58,73,54,72,True,litleo,667.0,74.0,6.0,135.0,3.0,1.0,"rivalry, unnerve, moxie",67.0,True,litleo,generation-vi,,medium-slow,brown,quadruped,220.0,70.0,False,False,False,,0,0,0.025125628140703515,0.013402680536107221,0.06643356643356643,1.0,1.0,0.1764705882352941,0.03498729170345905,0.7254901960784313,0.3006922659424103
Pyroar,Fire,Normal,507,86,68,72,109,66,106,False,,,,,,,,,,,,,,,,,,,,,,,0,0,0.04522613065326633,0.02990598119623925,0.21503496503496503,1.0,1.0,0.2085561497326203,0.09672235896149022,0.7361853832442068,0.3234908609861298
Flabébé,Fairy,,303,44,38,39,61,79,42,True,flabebe,669.0,61.0,1.0,1.0,2.0,1.0,"flower-veil, symbiosis",69.0,True,flabebe,generation-vi,,medium,white,arms,225.0,70.0,False,False,False,,0,0,0.0,0.0,0.0437062937062937,0.5,1.0,0.1818181818181818,0.014568764568764566,0.5606060606060607,0.22861305361305365
Floette,Fairy,,371,54,45,47,75,98,52,True,floette,670.0,130.0,2.0,9.0,2.0,1.0,"flower-veil, symbiosis",68.0,True,floette,generation-vi,,medium,white,arms,120.0,70.0,False,False,False,flabebe,0,1,0.005025125628140704,0.0008001600320064013,0.16433566433566432,0.5,1.0,0.17914438502673793,0.05672031666527048,0.5597147950089126,0.3909020130031462
Florges,Fairy,,552,78,65,68,112,154,75,True,florges,671.0,248.0,11.0,100.0,2.0,1.0,"flower-veil, symbiosis",73.0,True,florges,generation-vi,,medium,white,arms,45.0,70.0,False,False,False,floette,0,1,0.05025125628140704,0.009901980396079216,0.3706293706293706,0.5,1.0,0.19251336898395718,0.14359420243561896,0.5641711229946523,0.4187467099285467
Skiddo,Grass,,350,66,65,48,62,57,52,True,skiddo,672.0,70.0,9.0,310.0,2.0,1.0,"sap-sipper, grass-pelt",69.0,True,skiddo,generation-vi,,medium,brown,quadruped,200.0,70.0,False,False,False,,0,0,0.04020100502512563,0.030906181236247252,0.05944055944055944,0.5,1.0,0.1818181818181818,0.043515915233977444,0.5606060606060607,0.23729719881261752
Gogoat,Grass,,531,123,100,62,97,81,68,True,gogoat,673.0,186.0,17.0,910.0,2.0,1.0,"sap-sipper, grass-pelt",75.0,True,gogoat,generation-vi,,medium,brown,quadruped,45.0,70.0,False,False,False,skiddo,0,1,0.08040201005025126,0.09091818363672734,0.2622377622377622,0.5,1.0,0.1978609625668449,0.14451931864158027,0.5659536541889483,0.41973725726805344
Pancham,Fighting,,348,67,82,62,46,48,43,True,pancham,674.0,70.0,6.0,80.0,3.0,1.0,"iron-fist, mold-breaker, scrappy",91.0,True,pancham,generation-vi,,medium,white,upright,220.0,70.0,False,False,False,,0,0,0.025125628140703515,0.007901580316063212,0.05944055944055944,1.0,1.0,0.2406417112299465,0.03082258929910872,0.7468805704099822,0.3079990049537255
Pangoro,Fighting,Dark,495,95,124,78,69,71,58,True,pangoro,675.0,173.0,21.0,1360.0,3.0,1.0,"iron-fist, mold-breaker, scrappy",120.0,True,pangoro,generation-vi,,medium,white,humanoid,65.0,70.0,False,False,False,pancham,0,1,0.10050251256281408,0.1359271854370874,0.2395104895104895,1.0,1.0,0.3181818181818182,0.15864672917013034,0.7727272727272728,0.5066849278419482
Furfrou,Normal,,472,75,80,60,65,90,102,True,furfrou,676.0,165.0,12.0,280.0,1.0,0.0,fur-coat,65.0,True,furfrou,generation-vi,,medium,white,quadruped,160.0,70.0,False,False,False,,0,0,0.055276381909547735,0.027905581116223245,0.2255244755244755,0.0,0.0,0.1711229946524064,0.10290214618341549,0.0570409982174688,0.05368704314201217
Espurr,Psychic,,355,62,48,54,63,60,68,True,espurr,677.0,71.0,3.0,35.0,3.0,1.0,"keen-eye, infiltrator, own-tempo",77.0,True,espurr,generation-vi,,medium,gray,upright,190.0,70.0,False,False,False,,0,0,0.010050251256281405,0.0034006801360272052,0.061188811188811185,1.0,1.0,0.2032085561497326,0.0248799141937066,0.7344028520499108,0.3012251150780763
Meowstic,Psychic,,466,74,48,76,83,81,104,False,,,,,,,,,,,,,,,,,,,,,,,0,0,0.04522613065326633,0.02990598119623925,0.21503496503496503,1.0,1.0,0.2085561497326203,0.09672235896149022,0.7361853832442068,0.3234908609861298
Meowstic,Psychic,,466,74,48,76,83,81,104,False,,,,,,,,,,,,,,,,,,,,,,,0,0,0.04522613065326633,0.02990598119623925,0.21503496503496503,1.0,1.0,0.2085561497326203,0.09672235896149022,0.7361853832442068,0.3234908609861298
Honedge,Steel,Ghost,325,45,80,100,35,37,28,True,honedge,679.0,65.0,8.0,20.0,1.0,0.0,no-guard,57.0,True,honedge,generation-vi,,medium,brown,blob,180.0,70.0,False,False,False,,0,0,0.035175879396984924,0.001900380076015203,0.05069930069930069,0.0,0.0,0.1497326203208556,0.029258520057433606,0.0499108734402852,0.02874190539334416
Doublade,Steel,Ghost,448,59,110,150,45,49,35,True,doublade,680.0,157.0,8.0,45.0,1.0,0.0,no-guard,54.0,True,doublade,generation-vi,,medium,brown,heads,90.0,70.0,False,False,False,honedge,0,1,0.035175879396984924,0.0044008801760352075,0.21153846153846154,0.0,0.0,0.14171122994652405,0.08370507370382722,0.04723707664884135,0.1940063527706847
Aegislash,Steel,Ghost,500,60,50,140,50,140,60,False,,,,,,,,,,,,,,,,,,,,,,,0,0,0.04522613065326633,0.02990598119623925,0.21503496503496503,1.0,1.0,0.2085561497326203,0.09672235896149022,0.7361853832442068,0.3234908609861298
Aegislash,Steel,Ghost,500,60,140,50,140,50,60,False,,,,,,,,,,,,,,,,,,,,,,,0,0,0.04522613065326633,0.02990598119623925,0.21503496503496503,1.0,1.0,0.2085561497326203,0.09672235896149022,0.7361853832442068,0.3234908609861298
Spritzee,Fairy,,341,78,52,60,63,65,23,True,spritzee,682.0,68.0,2.0,5.0,2.0,1.0,"healer, aroma-veil",63.0,True,spritzee,generation-vi,,medium,pink,arms,200.0,70.0,False,False,False,,0,0,0.005025125628140704,0.00040008001600320064,0.05594405594405594,0.5,1.0,0.16577540106951869,0.020456420529399947,0.5552584670231729,0.22824031296808917
Aromatisse,Fairy,,462,101,72,72,99,89,29,True,aromatisse,683.0,162.0,8.0,155.0,2.0,1.0,"healer, aroma-veil",71.0,True,aromatisse,generation-vi,,medium,pink,humanoid,140.0,70.0,False,False,False,spritzee,0,1,0.035175879396984924,0.015403080616123225,0.2202797202797203,0.5,1.0,0.1871657754010695,0.09028622676427615,0.5623885918003565,0.40204130474942545
Swirlix,Fairy,,341,62,48,66,59,57,49,True,swirlix,684.0,68.0,4.0,35.0,2.0,1.0,"sweet-veil, unburden",58.0,True,swirlix,generation-vi,,medium,white,legs,200.0,70.0,False,False,False,,0,0,0.01507537688442211,0.0034006801360272052,0.05594405594405594,0.5,1.0,0.15240641711229944,0.02480670432150175,0.5508021390374331,0.2277628669114238
Slurpuff,Fairy,,480,82,80,86,85,75,72,True,slurpuff,685.0,168.0,8.0,50.0,2.0,1.0,"sweet-veil, unburden",62.0,True,slurpuff,generation-vi,,medium,white,humanoid,140.0,70.0,False,False,False,swirlix,0,1,0.035175879396984924,0.004900980196039208,0.23076923076923075,0.5,1.0,0.16310160427807485,0.09028203012075163,0.5543672014260249,0.39883148960663545
Inkay,Dark,Psychic,288,53,54,53,37,46,45,True,inkay,686.0,58.0,4.0,35.0,3.0,1.0,"contrary, suction-cups, infiltrator",85.0,True,inkay,generation-vi,,medium,blue,tentacles,190.0,70.0,False,False,False,,0,0,0.01507537688442211,0.0034006801360272052,0.03846153846153845,1.0,1.0,0.2245989304812834,0.01897919849399592,0.7415329768270945,0.3023069502790366
Malamar,Dark,Psychic,482,86,92,88,68,75,73,True,malamar,687.0,169.0,15.0,470.0,3.0,1.0,"contrary, suction-cups, infiltrator",94.0,True,malamar,generation-vi,,medium,blue,blob,80.0,70.0,False,False,False,inkay,0,1,0.07035175879396986,0.04690938187637528,0.23251748251748253,1.0,1.0,0.24866310160427807,0.11659287439594256,0.749554367201426,0.48479960919935317
Binacle,Rock,Water,306,42,52,67,39,56,50,True,binacle,688.0,61.0,5.0,310.0,3.0,1.0,"tough-claws, sniper, pickpocket",86.0,True,binacle,generation-vi,,medium,brown,heads,120.0,70.0,False,False,False,,0,0,0.020100502512562814,0.030906181236247252,0.0437062937062937,1.0,1.0,0.22727272727272724,0.03157099248503459,0.7424242424242423,0.3064409947152073
Barbaracle,Rock,Water,500,72,105,115,54,86,68,True,barbaracle,689.0,175.0,13.0,960.0,3.0,1.0,"tough-claws, sniper, pickpocket",104.0,True,barbaracle,generation-vi,,medium,brown,heads,45.0,70.0,False,False,False,binacle,0,1,0.06030150753768845,0.09591918383676734,0.243006993006993,1.0,1.0,0.27540106951871657,0.13307589479381626,0.7584670231729055,0.4933095777073071
Skrelp,Poison,Water,320,50,60,60,60,60,30,True,skrelp,690.0,64.0,5.0,73.0,3.0,1.0,"poison-point, poison-touch, adaptability",69.0,True,skrelp,generation-vi,,medium,brown,blob,225.0,70.0,False,False,False,,0,0,0.020100502512562814,0.0072014402880576115,0.048951048951048945,1.0,1.0,0.1818181818181818,0.025417663917223124,0.7272727272727272,0.2985343900842578
Dragalge,Poison,Dragon,494,65,75,90,97,123,44,True,dragalge,691.0,173.0,18.0,815.0,3.0,1.0,"poison-point, poison-touch, adaptability",75.0,True,dragalge,generation-vi,,medium,brown,blob,55.0,70.0,False,False,False,skrelp,0,1,0.08542713567839197,0.08141628325665133,0.2395104895104895,1.0,1.0,0.1978609625668449,0.1354513028151776,0.7326203208556149,0.4836835191867992
Clauncher,Water,,330,50,53,62,58,63,44,True,clauncher,692.0,66.0,5.0,83.0,1.0,0.0,mega-launcher,66.0,True,clauncher,generation-vi,,slow,blue,armor,225.0,70.0,False,False,False,,0,0,0.020100502512562814,0.008201640328065612,0.05244755244755245,0.0,0.0,0.17379679144385024,0.02691656509606029,0.05793226381461675,0.031247875054664788
Clawitzer,Water,,500,71,73,88,120,89,59,True,clawitzer,693.0,100.0,13.0,353.0,1.0,0.0,mega-launcher,74.0,True,clawitzer,generation-vi,,slow,blue,squiggle,55.0,70.0,False,False,False,clauncher,0,1,0.06030150753768845,0.03520704140828166,0.11188811188811187,0.0,0.0,0.19518716577540104,0.06913222027802733,0.06506238859180034,0.19676462152012833
Helioptile,Electric,Normal,289,44,38,33,61,43,70,True,helioptile,694.0,58.0,5.0,60.0,3.0,1.0,"dry-skin, sand-veil, solar-power",63.0,True,helioptile,generation-vi,,medium,yellow,upright,190.0,70.0,False,False,False,,0,0,0.020100502512562814,0.005901180236047209,0.03846153846153845,1.0,1.0,0.16577540106951869,0.021487740403382822,0.7219251336898395,0.2952163755969507
Heliolisk,Electric,Normal,481,62,55,52,109,94,109,True,heliolisk,695.0,168.0,10.0,210.0,3.0,1.0,"dry-skin, sand-veil, solar-power",83.0,True,heliolisk,generation-vi,,medium,yellow,upright,75.0,70.0,False,False,False,helioptile,0,1,0.04522613065326633,0.020904180836167234,0.23076923076923075,1.0,1.0,0.2192513368983957,0.09896651408622144,0.7397504456327986,0.47559013247898585
Tyrunt,Rock,Dragon,362,58,89,77,45,45,48,True,tyrunt,696.0,72.0,8.0,260.0,2.0,1.0,"strong-jaw, sturdy",75.0,True,tyrunt,generation-vi,,medium,brown,upright,45.0,70.0,False,False,False,,0,0,0.035175879396984924,0.02590518103620724,0.06293706293706294,0.5,1.0,0.1978609625668449,0.041339374456751704,0.5659536541889483,0.23878327401260482
Tyrantrum,Rock,Dragon,521,82,121,119,69,59,71,True,tyrantrum,697.0,182.0,25.0,2700.0,2.0,1.0,"strong-jaw, rock-head",81.0,True,tyrantrum,generation-vi,,medium,red,upright,45.0,70.0,False,False,False,tyrunt,0,1,0.12060301507537688,0.2699539907981597,0.2552447552447552,0.5,1.0,0.213903743315508,0.21526725370609726,0.571301247771836,0.4431006752205636
Amaura,Rock,Ice,362,77,59,50,67,63,46,True,amaura,698.0,72.0,13.0,252.0,2.0,1.0,"refrigerate, snow-warning",78.0,True,amaura,generation-vi,,medium,blue,quadruped,45.0,70.0,False,False,False,,0,0,0.06030150753768845,0.025105021004200843,0.06293706293706294,0.5,1.0,0.20588235294117646,0.04944786382631741,0.5686274509803921,0.24228533954005207
Aurorus,Rock,Ice,521,123,77,72,99,92,58,True,aurorus,699.0,104.0,27.0,2250.0,2.0,1.0,"refrigerate, snow-warning",85.0,True,aurorus,generation-vi,,medium,blue,quadruped,45.0,70.0,False,False,False,amaura,0,1,0.1306532663316583,0.22494498899779955,0.11888111888111888,0.5,1.0,0.2245989304812834,0.15815979140352557,0.5748663101604278,0.42739446148522875
Sylveon,Fairy,,525,95,65,65,110,130,60,True,sylveon,700.0,184.0,10.0,235.0,2.0,1.0,"cute-charm, pixilate",86.0,True,sylveon,generation-vi,,medium,pink,quadruped,45.0,70.0,False,False,False,eevee,0,1,0.04522613065326633,0.02340468093618724,0.25874125874125875,0.5,1.0,0.22727272727272724,0.10912402344357076,0.5757575757575758,0.4130402373361016
Hawlucha,Fighting,Flying,500,78,92,75,74,63,118,True,hawlucha,701.0,175.0,8.0,215.0,3.0,1.0,"limber, unburden, mold-breaker",109.0,True,hawlucha,generation-vi,,medium,green,humanoid,100.0,70.0,False,False,False,,0,0,0.035175879396984924,0.021404280856171236,0.243006993006993,1.0,1.0,0.2887700534759358,0.09986238442004973,0.7629233511586452,0.335128055789473
Dedenne,Electric,Fairy,431,67,58,57,81,67,101,True,dedenne,702.0,151.0,2.0,22.0,3.0,1.0,"cheek-pouch, pickup, plus",75.0,True,dedenne,generation-vi,,medium,yellow,upright,180.0,70.0,False,False,False,,0,0,0.005025125628140704,0.002100420084016803,0.20104895104895107,1.0,1.0,0.1978609625668449,0.06939149892036953,0.7326203208556149,0.31386557801835685
Carbink,Rock,Fairy,500,50,50,150,50,150,50,True,carbink,703.0,100.0,3.0,57.0,2.0,1.0,"clear-body, sturdy",79.0,True,carbink,generation-vi,,slow,gray,ball,60.0,70.0,False,False,False,,0,0,0.010050251256281405,0.005601120224044809,0.11188811188811187,0.5,1.0,0.2085561497326203,0.0425131611228127,0.56951871657754,0.24056143496785984
Goomy,Dragon,,300,45,50,35,55,75,40,True,goomy,704.0,60.0,3.0,28.0,3.0,1.0,"sap-sipper, hydration, gooey",53.0,True,goomy,generation-vi,,slow,purple,squiggle,45.0,35.0,False,False,False,,0,0,0.010050251256281405,0.0027005401080216042,0.04195804195804195,1.0,1.0,0.1390374331550802,0.018236277774114986,0.7130124777183601,0.29067587441957854
Sliggoo,Dragon,,452,68,75,53,83,113,60,True,sliggoo,705.0,158.0,8.0,175.0,3.0,1.0,"sap-sipper, hydration, gooey",51.0,True,sliggoo,generation-vi,,slow,purple,squiggle,45.0,35.0,False,False,False,goomy,0,1,0.035175879396984924,0.01740348069613923,0.21328671328671325,1.0,1.0,0.1336898395721925,0.08862202445994581,0.7112299465240642,0.4610785859476094
Sliggoo,Steel,Dragon,452,58,75,83,83,113,40,True,sliggoo,705.0,158.0,8.0,175.0,3.0,1.0,"sap-sipper, hydration, gooey",51.0,True,sliggoo,generation-vi,,slow,purple,squiggle,45.0,35.0,False,False,False,goomy,0,1,0.035175879396984924,0.01740348069613923,0.21328671328671325,1.0,1.0,0.1336898395721925,0.08862202445994581,0.7112299465240642,0.4610785859476094
Goodra,Dragon,,600,90,100,70,110,150,80,True,goodra,706.0,270.0,20.0,1505.0,3.0,1.0,"sap-sipper, hydration, gooey",90.0,True,goodra,generation-vi,,slow,purple,upright,45.0,35.0,False,False,False,sliggoo,0,1,0.09547738693467338,0.15043008601720342,0.40909090909090906,1.0,1.0,0.23796791443850265,0.21833279401426195,0.7459893048128342,0.5138955601294123
Goodra,Steel,Dragon,600,80,100,100,110,150,60,True,goodra,706.0,270.0,20.0,1505.0,3.0,1.0,"sap-sipper, hydration, gooey",90.0,True,goodra,generation-vi,,slow,purple,upright,45.0,35.0,False,False,False,sliggoo,0,1,0.09547738693467338,0.15043008601720342,0.40909090909090906,1.0,1.0,0.23796791443850265,0.21833279401426195,0.7459893048128342,0.5138955601294123
Klefki,Steel,Fairy,470,57,80,91,80,87,75,True,klefki,707.0,165.0,2.0,30.0,2.0,1.0,"prankster, magician",66.0,True,klefki,generation-vi,,fast,gray,ball,75.0,70.0,False,False,False,,0,0,0.005025125628140704,0.0029005801160232043,0.2255244755244755,0.5,1.0,0.17379679144385024,0.07781672708954647,0.5579322638146168,0.24651792365271066
Phantump,Ghost,Grass,309,43,70,48,50,60,38,True,phantump,708.0,62.0,4.0,70.0,3.0,1.0,"natural-cure, frisk, harvest",84.0,True,phantump,generation-vi,,medium,brown,arms,120.0,70.0,False,False,False,,0,0,0.01507537688442211,0.006901380276055211,0.04545454545454544,1.0,1.0,0.22192513368983954,0.022477100871674257,0.7406417112299465,0.30299981475348087
Trevenant,Ghost,Grass,474,85,110,76,65,82,56,True,trevenant,709.0,166.0,15.0,710.0,3.0,1.0,"natural-cure, frisk, harvest",100.0,True,trevenant,generation-vi,,medium,brown,tentacles,60.0,70.0,False,False,False,phantump,0,1,0.07035175879396986,0.07091418283656731,0.22727272727272727,1.0,1.0,0.2647058823529411,0.12284622296775483,0.7549019607843137,0.488814651204052
Pumpkaboo,Ghost,Grass,335,49,66,70,44,55,51,False,,,,,,,,,,,,,,,,,,,,,,,0,0,0.04522613065326633,0.02990598119623925,0.21503496503496503,1.0,1.0,0.2085561497326203,0.09672235896149022,0.7361853832442068,0.3234908609861298
Pumpkaboo,Ghost,Grass,335,44,66,70,44,55,56,False,,,,,,,,,,,,,,,,,,,,,,,0,0,0.04522613065326633,0.02990598119623925,0.21503496503496503,1.0,1.0,0.2085561497326203,0.09672235896149022,0.7361853832442068,0.3234908609861298
Pumpkaboo,Ghost,Grass,335,54,66,70,44,55,46,False,,,,,,,,,,,,,,,,,,,,,,,0,0,0.04522613065326633,0.02990598119623925,0.21503496503496503,1.0,1.0,0.2085561497326203,0.09672235896149022,0.7361853832442068,0.3234908609861298
Pumpkaboo,Ghost,Grass,335,59,66,70,44,55,41,False,,,,,,,,,,,,,,,,,,,,,,,0,0,0.04522613065326633,0.02990598119623925,0.21503496503496503,1.0,1.0,0.2085561497326203,0.09672235896149022,0.7361853832442068,0.3234908609861298
Gourgeist,Ghost,Grass,494,65,90,122,58,75,84,False,,,,,,,,,,,,,,,,,,,,,,,0,0,0.04522613065326633,0.02990598119623925,0.21503496503496503,1.0,1.0,0.2085561497326203,0.09672235896149022,0.7361853832442068,0.3234908609861298
Gourgeist,Ghost,Grass,494,55,85,122,58,75,99,False,,,,,,,,,,,,,,,,,,,,,,,0,0,0.04522613065326633,0.02990598119623925,0.21503496503496503,1.0,1.0,0.2085561497326203,0.09672235896149022,0.7361853832442068,0.3234908609861298
Gourgeist,Ghost,Grass,494,75,95,122,58,75,69,False,,,,,,,,,,,,,,,,,,,,,,,0,0,0.04522613065326633,0.02990598119623925,0.21503496503496503,1.0,1.0,0.2085561497326203,0.09672235896149022,0.7361853832442068,0.3234908609861298
Gourgeist,Ghost,Grass,494,85,100,122,58,75,54,False,,,,,,,,,,,,,,,,,,,,,,,0,0,0.04522613065326633,0.02990598119623925,0.21503496503496503,1.0,1.0,0.2085561497326203,0.09672235896149022,0.7361853832442068,0.3234908609861298
Bergmite,Ice,,304,55,69,85,32,35,28,True,bergmite,712.0,61.0,10.0,995.0,3.0,1.0,"own-tempo, ice-body, sturdy",63.0,True,bergmite,generation-vi,,medium,blue,quadruped,190.0,70.0,False,False,False,,0,0,0.04522613065326633,0.09941988397679535,0.0437062937062937,1.0,1.0,0.16577540106951869,0.06278410277878513,0.7219251336898395,0.30760528430957135
Avalugg,Ice,,514,95,117,184,44,46,28,True,avalugg,713.0,180.0,20.0,5050.0,3.0,1.0,"own-tempo, ice-body, sturdy",76.0,True,avalugg,generation-vi,,medium,blue,quadruped,55.0,70.0,False,False,False,bergmite,0,1,0.09547738693467338,0.50500100020004,0.2517482517482518,1.0,1.0,0.20053475935828874,0.2840755462943217,0.7335115864527629,0.5286272984694017
Avalugg,Ice,Rock,514,95,127,184,34,36,38,True,avalugg,713.0,180.0,20.0,5050.0,3.0,1.0,"own-tempo, ice-body, sturdy",76.0,True,avalugg,generation-vi,,medium,blue,quadruped,55.0,70.0,False,False,False,bergmite,0,1,0.09547738693467338,0.50500100020004,0.2517482517482518,1.0,1.0,0.20053475935828874,0.2840755462943217,0.7335115864527629,0.5286272984694017
Noibat,Flying,Dragon,245,40,30,35,45,40,55,True,noibat,714.0,49.0,5.0,80.0,3.0,1.0,"frisk, infiltrator, telepathy",72.0,True,noibat,generation-vi,,medium,purple,wings,190.0,70.0,False,False,False,,0,0,0.020100502512562814,0.007901580316063212,0.02272727272727272,1.0,1.0,0.18983957219251335,0.01690978518529958,0.7299465240641712,0.2970515451812583
Noivern,Flying,Dragon,535,85,70,80,97,80,123,True,noivern,715.0,187.0,15.0,850.0,3.0,1.0,"frisk, infiltrator, telepathy",88.0,True,noivern,generation-vi,,medium,purple,wings,45.0,70.0,False,False,False,noibat,0,1,0.07035175879396986,0.08491698339667933,0.26398601398601396,1.0,1.0,0.23262032085561496,0.13975158539222104,0.7442067736185383,0.48960818506508164
Xerneas,Fairy,,680,126,131,95,131,98,99,True,xerneas,716.0,306.0,30.0,2150.0,1.0,0.0,fairy-aura,69.0,True,xerneas,generation-vi,,slow,blue,quadruped,45.0,0.0,False,True,False,,1,0,0.14572864321608042,0.21494298859771954,0.4720279720279721,0.0,0.0,0.1818181818181818,0.277566534613924,0.0606060606060606,0.2575123846266014
Yveltal,Dark,Flying,680,126,131,95,131,98,99,True,yveltal,717.0,306.0,58.0,2030.0,1.0,0.0,dark-aura,66.0,True,yveltal,generation-vi,,slow,red,wings,45.0,0.0,False,True,False,,1,0,0.28643216080402006,0.20294058811762353,0.4720279720279721,0.0,0.0,0.17379679144385024,0.32046690698320524,0.05793226381461675,0.2693129776208083
Zygarde,Dragon,Ground,600,108,100,121,81,95,95,False,,,,,,,,,,,,,,,,,,,,,,,0,0,0.04522613065326633,0.02990598119623925,0.21503496503496503,1.0,1.0,0.2085561497326203,0.09672235896149022,0.7361853832442068,0.3234908609861298
Zygarde,Dragon,Ground,486,54,100,71,61,85,115,False,,,,,,,,,,,,,,,,,,,,,,,0,0,0.04522613065326633,0.02990598119623925,0.21503496503496503,1.0,1.0,0.2085561497326203,0.09672235896149022,0.7361853832442068,0.3234908609861298
Zygarde,Dragon,Ground,708,216,100,121,91,95,85,False,,,,,,,,,,,,,,,,,,,,,,,0,0,0.04522613065326633,0.02990598119623925,0.21503496503496503,1.0,1.0,0.2085561497326203,0.09672235896149022,0.7361853832442068,0.3234908609861298
Diancie,Rock,Fairy,600,50,100,150,100,150,50,True,diancie,719.0,270.0,7.0,88.0,1.0,0.0,clear-body,90.0,True,diancie,generation-vi,,slow,pink,arms,3.0,70.0,False,False,True,,1,0,0.03015075376884422,0.008701740348069613,0.40909090909090906,0.0,0.0,0.23796791443850265,0.14931446773594095,0.07932263814616755,0.2265233955792493
Diancie,Rock,Fairy,700,50,160,110,160,110,110,True,diancie,719.0,270.0,7.0,88.0,1.0,0.0,clear-body,90.0,True,diancie,generation-vi,,slow,pink,arms,3.0,70.0,False,False,True,,1,0,0.03015075376884422,0.008701740348069613,0.40909090909090906,0.0,0.0,0.23796791443850265,0.14931446773594095,0.07932263814616755,0.2265233955792493
Hoopa,Psychic,Ghost,600,80,110,60,150,130,70,True,hoopa,720.0,270.0,5.0,90.0,1.0,0.0,magician,96.0,True,hoopa,generation-vi,,slow,purple,arms,3.0,100.0,False,False,True,,1,0,0.020100502512562814,0.008901780356071214,0.40909090909090906,0.0,0.0,0.25401069518716574,0.14603106398651436,0.08467023172905525,0.2276774118875764
Hoopa,Psychic,Dark,680,80,160,60,170,130,80,True,hoopa,720.0,270.0,5.0,90.0,1.0,0.0,magician,96.0,True,hoopa,generation-vi,,slow,purple,arms,3.0,100.0,False,False,True,,1,0,0.020100502512562814,0.008901780356071214,0.40909090909090906,0.0,0.0,0.25401069518716574,0.14603106398651436,0.08467023172905525,0.2276774118875764
Volcanion,Fire,Water,600,80,110,120,130,90,70,True,volcanion,721.0,270.0,17.0,1950.0,1.0,0.0,water-absorb,82.0,True,volcanion,generation-vi,,slow,brown,quadruped,3.0,100.0,False,False,True,,1,0,0.08040201005025126,0.1949389877975595,0.40909090909090906,0.0,0.0,0.21657754010695185,0.22814396897957326,0.07219251336898395,0.24732019604146555
Rowlet,Grass,Flying,320,68,55,55,50,50,42,True,rowlet,722.0,64.0,3.0,15.0,2.0,1.0,"overgrow, long-reach",76.0,True,rowlet,generation-vii,,medium-slow,brown,wings,45.0,70.0,False,False,False,,0,0,0.010050251256281405,0.001400280056011202,0.048951048951048945,0.5,1.0,0.20053475935828874,0.02013386008778052,0.5668449197860962,0.23277812594077263
Dartrix,Grass,Flying,420,78,75,75,70,70,52,True,dartrix,723.0,147.0,7.0,160.0,2.0,1.0,"overgrow, long-reach",76.0,True,dartrix,generation-vii,,medium-slow,brown,wings,45.0,70.0,False,False,False,rowlet,0,1,0.03015075376884422,0.015903180636127227,0.19405594405594404,0.5,1.0,0.20053475935828874,0.08003662615363849,0.5668449197860962,0.40074895576053005
Decidueye,Grass,Ghost,530,78,107,75,100,100,70,True,decidueye,724.0,239.0,16.0,366.0,2.0,1.0,"overgrow, long-reach",108.0,True,decidueye,generation-vii,,medium-slow,brown,wings,45.0,70.0,False,False,False,dartrix,0,1,0.07537688442211056,0.03650730146029206,0.3548951048951049,0.5,1.0,0.28609625668449196,0.15559309692583584,0.5953654188948306,0.434824096635683
Decidueye,Grass,Fighting,530,88,112,80,95,95,60,True,decidueye,724.0,239.0,16.0,366.0,2.0,1.0,"overgrow, long-reach",108.0,True,decidueye,generation-vii,,medium-slow,brown,wings,45.0,70.0,False,False,False,dartrix,0,1,0.07537688442211056,0.03650730146029206,0.3548951048951049,0.5,1.0,0.28609625668449196,0.15559309692583584,0.5953654188948306,0.434824096635683
Litten,Fire,,320,45,65,40,60,40,70,True,litten,725.0,64.0,4.0,43.0,2.0,1.0,"blaze, intimidate",64.0,True,litten,generation-vii,,medium-slow,red,quadruped,45.0,70.0,False,False,False,,0,0,0.01507537688442211,0.004200840168033607,0.048951048951048945,0.5,1.0,0.16844919786096255,0.02274242200116822,0.5561497326203209,0.22928261964847882
Torracat,Fire,,420,65,85,50,80,50,90,True,torracat,726.0,147.0,7.0,250.0,2.0,1.0,"blaze, intimidate",65.0,True,torracat,generation-vii,,medium-slow,red,quadruped,45.0,70.0,False,False,False,litten,0,1,0.03015075376884422,0.02490498099619924,0.19405594405594404,0.5,1.0,0.1711229946524064,0.0830372262736625,0.5570409982174688,0.39772756716908625
Incineroar,Fire,Dark,530,95,115,90,80,90,60,True,incineroar,727.0,239.0,18.0,830.0,2.0,1.0,"blaze, intimidate",106.0,True,incineroar,generation-vii,,medium-slow,red,upright,45.0,70.0,False,False,False,torracat,0,1,0.08542713567839197,0.08291658331666332,0.3548951048951049,0.5,1.0,0.28074866310160423,0.17441294129672005,0.5935828877005348,0.4397570374692299
Popplio,Water,,320,50,54,54,66,56,40,True,popplio,728.0,64.0,4.0,75.0,2.0,1.0,"torrent, liquid-voice",67.0,True,popplio,generation-vii,,medium-slow,blue,fish,45.0,70.0,False,False,False,,0,0,0.01507537688442211,0.007401480296059212,0.048951048951048945,0.5,1.0,0.1764705882352941,0.023809302043843423,0.5588235294117647,0.23067220237785893
Brionne,Water,,420,60,69,69,91,81,50,True,brionne,729.0,147.0,6.0,175.0,2.0,1.0,"torrent, liquid-voice",67.0,True,brionne,generation-vii,,medium-slow,blue,fish,45.0,70.0,False,False,False,popplio,0,1,0.025125628140703515,0.01740348069613923,0.19405594405594404,0.5,1.0,0.1764705882352941,0.07886168429759559,0.5588235294117647,0.3971879170539846
Primarina,Water,Fairy,530,80,74,74,126,116,60,True,primarina,730.0,239.0,18.0,440.0,2.0,1.0,"torrent, liquid-voice",88.0,True,primarina,generation-vii,,medium-slow,blue,fish,45.0,70.0,False,False,False,brionne,0,1,0.08542713567839197,0.043908781756351274,0.3548951048951049,0.5,1.0,0.23262032085561496,0.16141034077661606,0.5775401069518716,0.4294391450137335
Pikipek,Normal,Flying,265,35,75,30,30,30,65,True,pikipek,731.0,53.0,3.0,12.0,3.0,1.0,"keen-eye, skill-link, pickup",58.0,True,pikipek,generation-vii,,medium,black,wings,255.0,70.0,False,False,False,,0,0,0.010050251256281405,0.0011002200440088017,0.029720279720279713,1.0,1.0,0.15240641711229944,0.013623583673523306,0.7174688057040998,0.2910745973836969
Trumbeak,Normal,Flying,355,55,85,50,40,50,75,True,trumbeak,732.0,124.0,6.0,148.0,3.0,1.0,"keen-eye, skill-link, pickup",59.0,True,trumbeak,generation-vii,,medium,black,wings,120.0,70.0,False,False,False,pikipek,0,1,0.025125628140703515,0.014702940588117623,0.15384615384615383,1.0,1.0,0.1550802139037433,0.064558240858325,0.7183600713012478,0.4567115007779966
Toucannon,Normal,Flying,485,80,120,75,75,75,60,True,toucannon,733.0,218.0,11.0,260.0,3.0,1.0,"keen-eye, skill-link, sheer-force",71.0,True,toucannon,generation-vii,,medium,black,wings,45.0,70.0,False,False,False,trumbeak,0,1,0.05025125628140704,0.02590518103620724,0.3181818181818181,1.0,1.0,0.1871657754010695,0.13144608516647746,0.7290552584670231,0.48105592893675253
Yungoos,Normal,,253,48,70,30,30,30,45,True,yungoos,734.0,51.0,4.0,60.0,3.0,1.0,"stakeout, strong-jaw, adaptability",66.0,True,yungoos,generation-vii,,medium,brown,quadruped,255.0,70.0,False,False,False,,0,0,0.01507537688442211,0.005901180236047209,0.026223776223776224,1.0,1.0,0.17379679144385024,0.01573344444808185,0.7245989304812834,0.29455960552693794
Gumshoos,Normal,,418,88,110,60,55,60,45,True,gumshoos,735.0,146.0,7.0,142.0,3.0,1.0,"stakeout, strong-jaw, adaptability",80.0,True,gumshoos,generation-vii,,medium,brown,quadruped,127.0,70.0,False,False,False,yungoos,0,1,0.03015075376884422,0.014102820564112823,0.19230769230769232,1.0,1.0,0.21122994652406415,0.07885375554688312,0.7370766488413548,0.4684867862006068
Grubbin,Bug,,300,47,62,45,55,45,46,True,grubbin,736.0,60.0,4.0,44.0,1.0,0.0,swarm,52.0,True,grubbin,generation-vii,,medium,gray,armor,255.0,70.0,False,False,False,,0,0,0.01507537688442211,0.004300860172034407,0.04195804195804195,0.0,0.0,0.13636363636363635,0.02044475967149949,0.04545454545454545,0.02431524608326803
Charjabug,Bug,Electric,400,57,82,95,55,75,36,True,charjabug,737.0,140.0,5.0,105.0,1.0,0.0,battery,56.0,True,charjabug,generation-vii,,medium,green,squiggle,120.0,70.0,False,False,False,grubbin,0,1,0.020100502512562814,0.010402080416083216,0.18181818181818182,0.0,0.0,0.14705882352941174,0.07077358824894261,0.04901960784313725,0.1908399196119377
Vikavolt,Bug,Electric,500,77,70,90,145,75,43,True,vikavolt,738.0,225.0,15.0,450.0,1.0,0.0,levitate,75.0,True,vikavolt,generation-vii,,medium,blue,armor,45.0,70.0,False,False,False,charjabug,0,1,0.07035175879396986,0.04490898179635927,0.3304195804195804,0.0,0.0,0.1978609625668449,0.1485601070033032,0.0659536541889483,0.22094949377657028
Crabrawler,Fighting,,338,47,82,57,42,47,63,True,crabrawler,739.0,68.0,6.0,70.0,3.0,1.0,"hyper-cutter, iron-fist, anger-point",72.0,True,crabrawler,generation-vii,,medium,purple,armor,225.0,70.0,False,False,False,,0,0,0.025125628140703515,0.006901380276055211,0.05594405594405594,1.0,1.0,0.18983957219251335,0.029323688120271557,0.7299465240641712,0.3007757160617499
Crabominable,Fighting,Ice,478,97,132,77,62,67,43,True,crabominable,740.0,167.0,17.0,1800.0,3.0,1.0,"hyper-cutter, iron-fist, anger-point",88.0,True,crabominable,generation-vii,,medium,white,armor,60.0,70.0,False,False,False,crabrawler,0,1,0.08040201005025126,0.17993598719743947,0.22902097902097904,1.0,1.0,0.23262032085561496,0.16311965875622325,0.7442067736185383,0.4966186070742823
Oricorio,Fire,Flying,476,75,70,70,98,70,93,False,,,,,,,,,,,,,,,,,,,,,,,0,0,0.04522613065326633,0.02990598119623925,0.21503496503496503,1.0,1.0,0.2085561497326203,0.09672235896149022,0.7361853832442068,0.3234908609861298
Oricorio,Electric,Flying,476,75,70,70,98,70,93,False,,,,,,,,,,,,,,,,,,,,,,,0,0,0.04522613065326633,0.02990598119623925,0.21503496503496503,1.0,1.0,0.2085561497326203,0.09672235896149022,0.7361853832442068,0.3234908609861298
Oricorio,Psychic,Flying,476,75,70,70,98,70,93,False,,,,,,,,,,,,,,,,,,,,,,,0,0,0.04522613065326633,0.02990598119623925,0.21503496503496503,1.0,1.0,0.2085561497326203,0.09672235896149022,0.7361853832442068,0.3234908609861298
Oricorio,Ghost,Flying,476,75,70,70,98,70,93,False,,,,,,,,,,,,,,,,,,,,,,,0,0,0.04522613065326633,0.02990598119623925,0.21503496503496503,1.0,1.0,0.2085561497326203,0.09672235896149022,0.7361853832442068,0.3234908609861298
Cutiefly,Bug,Fairy,304,40,45,40,55,40,84,True,cutiefly,742.0,61.0,1.0,2.0,3.0,1.0,"honey-gather, shield-dust, sweet-veil",78.0,True,cutiefly,generation-vii,,medium,yellow,armor,190.0,70.0,False,False,False,,0,0,0.0,0.00010002000400080016,0.0437062937062937,1.0,1.0,0.20588235294117646,0.014602104570098166,0.7352941176470589,0.298498278429853
Ribombee,Bug,Fairy,464,60,55,60,95,70,124,True,ribombee,743.0,162.0,2.0,5.0,3.0,1.0,"honey-gather, shield-dust, sweet-veil",86.0,True,ribombee,generation-vii,,medium,yellow,bug-wings,75.0,70.0,False,False,False,cutiefly,0,1,0.005025125628140704,0.00040008001600320064,0.2202797202797203,1.0,1.0,0.22727272727272724,0.07523497530795473,0.7424242424242423,0.4695401895620833
Rockruff,Rock,,280,45,65,40,30,40,60,True,rockruff,744.0,56.0,5.0,92.0,3.0,1.0,"keen-eye, vital-spirit, steadfast",64.0,True,rockruff,generation-vii,,medium,brown,quadruped,190.0,70.0,False,False,False,,0,0,0.020100502512562814,0.009101820364072814,0.03496503496503496,1.0,1.0,0.16844919786096255,0.021389119280556864,0.7228163992869875,0.2955432954989621
Rockruff,Rock,,280,45,65,40,30,40,60,True,rockruff,744.0,56.0,5.0,92.0,3.0,1.0,"keen-eye, vital-spirit, steadfast",64.0,True,rockruff,generation-vii,,medium,brown,quadruped,190.0,70.0,False,False,False,,0,0,0.020100502512562814,0.009101820364072814,0.03496503496503496,1.0,1.0,0.16844919786096255,0.021389119280556864,0.7228163992869875,0.2955432954989621
Lycanroc,Rock,,487,75,115,65,55,65,112,False,,,,,,,,,,,,,,,,,,,,,,,0,0,0.04522613065326633,0.02990598119623925,0.21503496503496503,1.0,1.0,0.2085561497326203,0.09672235896149022,0.7361853832442068,0.3234908609861298
Lycanroc,Rock,,487,85,115,75,55,75,82,False,,,,,,,,,,,,,,,,,,,,,,,0,0,0.04522613065326633,0.02990598119623925,0.21503496503496503,1.0,1.0,0.2085561497326203,0.09672235896149022,0.7361853832442068,0.3234908609861298
Lycanroc,Rock,,487,75,117,65,55,65,110,False,,,,,,,,,,,,,,,,,,,,,,,0,0,0.04522613065326633,0.02990598119623925,0.21503496503496503,1.0,1.0,0.2085561497326203,0.09672235896149022,0.7361853832442068,0.3234908609861298
Wishiwashi,Water,,175,45,20,20,25,25,40,False,,,,,,,,,,,,,,,,,,,,,,,0,0,0.04522613065326633,0.02990598119623925,0.21503496503496503,1.0,1.0,0.2085561497326203,0.09672235896149022,0.7361853832442068,0.3234908609861298
Wishiwashi,Water,,620,45,140,130,140,135,30,False,,,,,,,,,,,,,,,,,,,,,,,0,0,0.04522613065326633,0.02990598119623925,0.21503496503496503,1.0,1.0,0.2085561497326203,0.09672235896149022,0.7361853832442068,0.3234908609861298
Mareanie,Poison,Water,305,50,53,62,43,52,45,True,mareanie,747.0,61.0,4.0,80.0,3.0,1.0,"merciless, limber, regenerator",66.0,True,mareanie,generation-vii,,medium,blue,blob,190.0,70.0,False,False,False,,0,0,0.01507537688442211,0.007901580316063212,0.0437062937062937,1.0,1.0,0.17379679144385024,0.02222775030225967,0.7245989304812834,0.29650789728319127
Toxapex,Poison,Water,495,50,63,152,53,142,35,True,toxapex,748.0,173.0,7.0,145.0,3.0,1.0,"merciless, limber, regenerator",76.0,True,toxapex,generation-vii,,medium,blue,tentacles,75.0,70.0,False,False,False,mareanie,0,1,0.03015075376884422,0.014402880576115223,0.2395104895104895,1.0,1.0,0.20053475935828874,0.09468804128514964,0.7335115864527629,0.47181104696665
Mudbray,Ground,,385,70,100,70,45,55,45,True,mudbray,749.0,77.0,10.0,1100.0,3.0,1.0,"own-tempo, stamina, inner-focus",57.0,True,mudbray,generation-vii,,medium,brown,quadruped,190.0,70.0,False,False,False,,0,0,0.04522613065326633,0.10992198439687938,0.07167832167832167,1.0,1.0,0.1497326203208556,0.07560881224282245,0.716577540106952,0.3093136597156275
Mudsdale,Ground,,500,100,125,100,55,85,35,True,mudsdale,750.0,175.0,25.0,9200.0,3.0,1.0,"own-tempo, stamina, inner-focus",63.0,True,mudsdale,generation-vii,,medium,brown,quadruped,60.0,70.0,False,False,False,mudbray,0,1,0.12060301507537688,0.9200840168033607,0.243006993006993,1.0,1.0,0.16577540106951869,0.4278980082952435,0.7219251336898395,0.5671394559645089
Dewpider,Water,Bug,269,38,40,52,40,72,27,True,dewpider,751.0,54.0,3.0,40.0,2.0,1.0,"water-bubble, water-absorb",63.0,True,dewpider,generation-vii,,medium,green,legs,200.0,70.0,False,False,False,,0,0,0.010050251256281405,0.003900780156031206,0.03146853146853146,0.5,1.0,0.16577540106951869,0.01513985429361469,0.5552584670231729,0.2266453430973536
Araquanid,Water,Bug,454,68,70,92,50,132,42,True,araquanid,752.0,159.0,18.0,820.0,2.0,1.0,"water-bubble, water-absorb",70.0,True,araquanid,generation-vii,,medium,green,armor,100.0,70.0,False,False,False,dewpider,0,1,0.08542713567839197,0.08191638327665532,0.21503496503496503,0.5,1.0,0.18449197860962566,0.12745949466333742,0.5614973262032086,0.4128367788802847
Fomantis,Grass,,250,40,55,35,50,35,35,True,fomantis,753.0,50.0,3.0,15.0,2.0,1.0,"leaf-guard, contrary",57.0,True,fomantis,generation-vii,,medium,pink,upright,190.0,70.0,False,False,False,,0,0,0.010050251256281405,0.001400280056011202,0.024475524475524466,0.5,1.0,0.1497326203208556,0.011975351929272357,0.5499108734402852,0.2235569549548958
Lurantis,Grass,,480,70,105,90,80,90,45,True,lurantis,754.0,168.0,9.0,185.0,2.0,1.0,"leaf-guard, contrary",71.0,True,lurantis,generation-vii,,medium,pink,humanoid,75.0,70.0,False,False,False,fomantis,0,1,0.04020100502512563,0.018403680736147232,0.23076923076923075,0.5,1.0,0.1871657754010695,0.09645797217683454,0.5623885918003565,0.40389282837319296
Morelull,Grass,Fairy,285,40,35,55,65,75,15,True,morelull,755.0,57.0,2.0,15.0,3.0,1.0,"illuminate, effect-spore, rain-dish",56.0,True,morelull,generation-vii,,medium,purple,blob,190.0,70.0,False,False,False,,0,0,0.005025125628140704,0.001400280056011202,0.036713286713286705,1.0,1.0,0.14705882352941174,0.014379564132479537,0.7156862745098039,0.29058837904366547
Shiinotic,Grass,Fairy,405,60,45,80,90,100,30,True,shiinotic,756.0,142.0,10.0,115.0,3.0,1.0,"illuminate, effect-spore, rain-dish",58.0,True,shiinotic,generation-vii,,medium,purple,humanoid,75.0,70.0,False,False,False,morelull,0,1,0.04522613065326633,0.011402280456091218,0.1853146853146853,1.0,1.0,0.15240641711229944,0.0806476988080143,0.7174688057040998,0.46118183192404416
Salandit,Poison,Fire,320,48,44,40,71,40,77,True,salandit,757.0,64.0,6.0,48.0,2.0,1.0,"corrosion, oblivious",77.0,True,salandit,generation-vii,,medium,black,quadruped,120.0,70.0,False,False,False,,0,0,0.025125628140703515,0.004700940188037608,0.048951048951048945,0.5,1.0,0.2032085561497326,0.026259205759930026,0.5677361853832442,0.2349722358812767
Salazzle,Poison,Fire,480,68,64,60,111,60,117,True,salazzle,758.0,168.0,12.0,222.0,2.0,1.0,"corrosion, oblivious",94.0,True,salazzle,generation-vii,,medium,black,quadruped,45.0,70.0,False,False,False,salandit,0,1,0.055276381909547735,0.022104420884176836,0.23076923076923075,0.5,1.0,0.24866310160427807,0.10271667785431844,0.5828877005347594,0.41397008357019927
Stufful,Normal,Fighting,340,70,75,50,45,50,50,True,stufful,759.0,68.0,5.0,68.0,3.0,1.0,"fluffy, klutz, cute-charm",62.0,True,stufful,generation-vii,,medium,pink,quadruped,140.0,70.0,False,False,False,,0,0,0.020100502512562814,0.0067013402680536115,0.05594405594405594,1.0,1.0,0.16310160427807485,0.027581966241557454,0.7210338680926917,0.2966881371095439
Bewear,Normal,Fighting,500,120,125,80,55,60,60,True,bewear,760.0,175.0,21.0,1350.0,3.0,1.0,"fluffy, klutz, unnerve",70.0,True,bewear,generation-vii,,medium,pink,upright,70.0,70.0,False,False,False,stufful,0,1,0.10050251256281408,0.13492698539707942,0.243006993006993,1.0,1.0,0.18449197860962566,0.15947883032229548,0.7281639928698752,0.4891092462446387
Bounsweet,Grass,,210,42,30,38,30,38,32,True,bounsweet,761.0,42.0,3.0,32.0,3.0,1.0,"leaf-guard, oblivious, sweet-veil",58.0,True,bounsweet,generation-vii,,medium-slow,purple,legs,235.0,70.0,False,False,False,,0,0,0.010050251256281405,0.003100620124024805,0.010489510489510481,1.0,1.0,0.15240641711229944,0.007880127289938898,0.7174688057040998,0.2893515604686216
Steenee,Grass,,290,52,40,48,40,48,62,True,steenee,762.0,102.0,7.0,82.0,3.0,1.0,"leaf-guard, oblivious, sweet-veil",64.0,True,steenee,generation-vii,,medium-slow,purple,humanoid,120.0,70.0,False,False,False,bounsweet,0,1,0.03015075376884422,0.008101620324064812,0.11538461538461539,1.0,1.0,0.16844919786096255,0.05121232982584147,0.7228163992869875,0.45449025866254744
Tsareena,Grass,,510,72,120,98,50,98,72,True,tsareena,763.0,230.0,12.0,214.0,3.0,1.0,"leaf-guard, queenly-majesty, sweet-veil",78.0,True,tsareena,generation-vii,,medium-slow,purple,humanoid,45.0,70.0,False,False,False,steenee,0,1,0.055276381909547735,0.021304260852170437,0.33916083916083917,1.0,1.0,0.20588235294117646,0.1385804939741858,0.7352941176470589,0.4856917952510793
Comfey,Fairy,,485,51,52,90,82,110,100,True,comfey,764.0,170.0,1.0,3.0,3.0,1.0,"flower-veil, triage, natural-cure",82.0,True,comfey,generation-vii,,fast,green,ball,60.0,70.0,False,False,False,,0,0,0.0,0.00020004000800160032,0.23426573426573424,1.0,1.0,0.21657754010695185,0.07815525809124528,0.7388591800356507,0.3189902494416339
Oranguru,Normal,Psychic,490,90,60,80,90,110,60,True,oranguru,765.0,172.0,15.0,760.0,3.0,1.0,"inner-focus, telepathy, symbiosis",91.0,True,oranguru,generation-vii,,slow,white,humanoid,45.0,70.0,False,False,False,,0,0,0.07035175879396986,0.07591518303660731,0.23776223776223773,1.0,1.0,0.2406417112299465,0.1280097265309383,0.7468805704099822,0.33715514612327435
Passimian,Fighting,,490,100,120,90,40,60,80,True,passimian,766.0,172.0,20.0,828.0,2.0,1.0,"receiver, defiant",91.0,True,passimian,generation-vii,,slow,white,upright,45.0,70.0,False,False,False,,0,0,0.09547738693467338,0.08271654330866172,0.23776223776223773,0.5,1.0,0.2406417112299465,0.13865205600185762,0.5802139037433155,0.27368117829788347
Wimpod,Bug,Water,230,25,35,40,20,30,80,True,wimpod,767.0,46.0,5.0,120.0,1.0,0.0,wimp-out,38.0,True,wimpod,generation-vii,,medium,gray,tentacles,90.0,70.0,False,False,False,,0,0,0.020100502512562814,0.011902380476095218,0.017482517482517473,0.0,0.0,0.09893048128342245,0.016495133490391837,0.03297682709447415,0.018139270884907212
Golisopod,Bug,Water,530,75,125,140,60,90,40,True,golisopod,768.0,186.0,20.0,1080.0,1.0,0.0,emergency-exit,81.0,True,golisopod,generation-vii,,medium,gray,humanoid,45.0,70.0,False,False,False,wimpod,0,1,0.09547738693467338,0.10792158431686337,0.2622377622377622,0.0,0.0,0.213903743315508,0.15521224449643298,0.071301247771836,0.2250841724576643
Sandygast,Ghost,Ground,320,55,55,80,70,45,15,True,sandygast,769.0,64.0,5.0,700.0,2.0,1.0,"water-compaction, sand-veil",72.0,True,sandygast,generation-vii,,medium,brown,squiggle,140.0,70.0,False,False,False,,0,0,0.020100502512562814,0.0699139827965593,0.048951048951048945,0.5,1.0,0.18983957219251335,0.04632184475339035,0.5632798573975045,0.23920849638501893
Palossand,Ghost,Ground,480,85,75,110,100,75,35,True,palossand,770.0,168.0,13.0,2500.0,2.0,1.0,"water-compaction, sand-veil",73.0,True,palossand,generation-vii,,medium,brown,squiggle,60.0,70.0,False,False,False,sandygast,0,1,0.06030150753768845,0.24994998999799958,0.23076923076923075,0.5,1.0,0.19251336898395718,0.18034024276830626,0.5641711229946523,0.42977052202835286
Pyukumuku,Water,,410,55,60,130,30,130,5,True,pyukumuku,771.0,144.0,3.0,12.0,2.0,1.0,"innards-out, unaware",40.0,True,pyukumuku,generation-vii,,fast,black,squiggle,60.0,70.0,False,False,False,,0,0,0.010050251256281405,0.0011002200440088017,0.18881118881118883,0.5,1.0,0.10427807486631016,0.06665388670382634,0.5347593582887701,0.23389990932665594
Type: Null,Normal,,534,95,95,95,95,95,59,True,type-null,772.0,107.0,19.0,1205.0,1.0,0.0,battle-armor,56.0,True,type-null,generation-vii,,slow,gray,quadruped,3.0,0.0,False,True,False,,1,0,0.09045226130653267,0.12042408481696339,0.12412587412587411,0.0,0.0,0.14705882352941174,0.11166740674979005,0.04901960784313725,0.2031080651621919
Silvally,Normal,,570,95,95,95,95,95,95,True,silvally,773.0,257.0,23.0,1005.0,1.0,0.0,rks-system,88.0,True,silvally,generation-vii,,slow,gray,quadruped,3.0,0.0,False,True,False,type-null,1,1,0.11055276381909548,0.10042008401680336,0.38636363636363635,0.0,0.0,0.23262032085561496,0.19911216139984508,0.07754010695187165,0.39074969120070213
Minior,Rock,Flying,440,60,60,100,60,100,60,False,,,,,,,,,,,,,,,,,,,,,,,0,0,0.04522613065326633,0.02990598119623925,0.21503496503496503,1.0,1.0,0.2085561497326203,0.09672235896149022,0.7361853832442068,0.3234908609861298
Minior,Rock,Flying,500,60,100,60,100,60,120,False,,,,,,,,,,,,,,,,,,,,,,,0,0,0.04522613065326633,0.02990598119623925,0.21503496503496503,1.0,1.0,0.2085561497326203,0.09672235896149022,0.7361853832442068,0.3234908609861298
Komala,Normal,,480,65,115,65,75,95,65,True,komala,775.0,168.0,4.0,199.0,1.0,0.0,comatose,73.0,True,komala,generation-vii,,slow,blue,humanoid,45.0,70.0,False,False,False,,0,0,0.01507537688442211,0.01980396079215843,0.23076923076923075,0.0,0.0,0.19251336898395718,0.08854952281527044,0.0641711229946524,0.05223330604244209
Turtonator,Fire,Dragon,485,60,78,135,91,85,36,True,turtonator,776.0,170.0,20.0,2120.0,1.0,0.0,shell-armor,80.0,True,turtonator,generation-vii,,medium,red,upright,70.0,70.0,False,False,False,,0,0,0.09547738693467338,0.21194238847769553,0.23426573426573424,0.0,0.0,0.21122994652406415,0.18056183655936772,0.07040998217468805,0.08233254383768554
Togedemaru,Electric,Steel,435,65,98,63,40,73,96,True,togedemaru,777.0,152.0,3.0,33.0,3.0,1.0,"iron-barbs, lightning-rod, sturdy",78.0,True,togedemaru,generation-vii,,medium,gray,upright,180.0,70.0,False,False,False,,0,0,0.010050251256281405,0.003200640128025605,0.20279720279720279,1.0,1.0,0.20588235294117646,0.0720160313938366,0.7352941176470589,0.3157224564769745
Mimikyu,Ghost,Fairy,476,55,90,80,50,105,96,False,,,,,,,,,,,,,,,,,,,,,,,0,0,0.04522613065326633,0.02990598119623925,0.21503496503496503,1.0,1.0,0.2085561497326203,0.09672235896149022,0.7361853832442068,0.3234908609861298
Bruxish,Water,Psychic,475,68,105,70,70,70,92,True,bruxish,779.0,166.0,9.0,190.0,3.0,1.0,"dazzling, strong-jaw, wonder-skin",84.0,True,bruxish,generation-vii,,medium,pink,fish,80.0,70.0,False,False,False,,0,0,0.04020100502512563,0.01890378075615123,0.22727272727272727,1.0,1.0,0.22192513368983954,0.09545917101800137,0.7406417112299465,0.32489443579737903
Drampa,Normal,Dragon,485,78,60,85,135,91,36,True,drampa,780.0,170.0,30.0,1850.0,3.0,1.0,"berserk, sap-sipper, cloud-nine",93.0,True,drampa,generation-vii,,medium,white,squiggle,70.0,70.0,False,False,False,,0,0,0.14572864321608042,0.1849369873974795,0.23426573426573424,1.0,1.0,0.2459893048128342,0.18831045495976473,0.7486631016042781,0.3559583771296407
Dhelmise,Ghost,Grass,517,70,131,100,86,90,40,True,dhelmise,781.0,181.0,39.0,2100.0,1.0,0.0,steelworker,76.0,True,dhelmise,generation-vii,,medium,green,blob,25.0,70.0,False,False,False,,0,0,0.19095477386934676,0.20994198839767952,0.25349650349650354,0.0,0.0,0.20053475935828874,0.21813108858784327,0.06684491978609625,0.09217729449079148
Jangmo-o,Dragon,,300,45,55,65,45,45,45,True,jangmo-o,782.0,60.0,6.0,297.0,3.0,1.0,"bulletproof, soundproof, overcoat",66.0,True,jangmo-o,generation-vii,,slow,gray,quadruped,45.0,70.0,False,False,False,,0,0,0.025125628140703515,0.02960592118423685,0.04195804195804195,1.0,1.0,0.17379679144385024,0.032229863760994105,0.7245989304812834,0.2995085313208116
Hakamo-o,Dragon,Fighting,420,55,75,90,65,70,65,True,hakamo-o,783.0,147.0,12.0,470.0,3.0,1.0,"bulletproof, soundproof, overcoat",80.0,True,hakamo-o,generation-vii,,slow,gray,upright,45.0,70.0,False,False,False,jangmo-o,0,1,0.055276381909547735,0.04690938187637528,0.19405594405594404,1.0,1.0,0.21122994652406415,0.09874723594728901,0.7370766488413548,0.47445483032072866
Kommo-o,Dragon,Fighting,600,75,110,125,100,105,85,True,kommo-o,784.0,270.0,16.0,782.0,3.0,1.0,"bulletproof, soundproof, overcoat",107.0,True,kommo-o,generation-vii,,slow,gray,upright,45.0,70.0,False,False,False,hakamo-o,0,1,0.07537688442211056,0.07811562312462492,0.40909090909090906,1.0,1.0,0.2834224598930481,0.18752780554588153,0.7611408199643493,0.5107146696495042
Tapu Koko,Electric,Fairy,570,70,115,85,95,75,130,True,tapu-koko,785.0,257.0,18.0,205.0,2.0,1.0,"electric-surge, telepathy",74.0,True,tapu-koko,generation-vii,,slow,yellow,arms,3.0,70.0,False,True,False,,1,0,0.08542713567839197,0.020404080816163232,0.38636363636363635,0.5,1.0,0.19518716577540104,0.16406495095273052,0.5650623885918004,0.4252444407225393
Tapu Lele,Psychic,Fairy,570,70,85,75,130,115,95,True,tapu-lele,786.0,257.0,12.0,186.0,2.0,1.0,"psychic-surge, telepathy",71.0,True,tapu-lele,generation-vii,,slow,pink,arms,3.0,70.0,False,True,False,,1,0,0.055276381909547735,0.01850370074014803,0.38636363636363635,0.5,1.0,0.1871657754010695,0.1533812396711107,0.5623885918003565,0.4209698086214758
Tapu Bulu,Grass,Fairy,570,70,130,115,85,95,75,True,tapu-bulu,787.0,257.0,19.0,455.0,2.0,1.0,"grassy-surge, telepathy",81.0,True,tapu-bulu,generation-vii,,slow,red,arms,3.0,70.0,False,True,False,,1,0,0.09045226130653267,0.04540908181636327,0.38636363636363635,0.5,1.0,0.213903743315508,0.17407499316217745,0.571301247771836,0.4307429970573876
Tapu Fini,Water,Fairy,570,70,75,115,95,130,85,True,tapu-fini,788.0,257.0,13.0,212.0,2.0,1.0,"misty-surge, telepathy",71.0,True,tapu-fini,generation-vii,,slow,purple,arms,3.0,70.0,False,True,False,,1,0,0.06030150753768845,0.021104220844168835,0.38636363636363635,0.5,1.0,0.1871657754010695,0.15592312158183122,0.5623885918003565,0.42173237319469203
Cosmog,Psychic,,200,43,29,31,29,31,37,True,cosmog,789.0,40.0,2.0,1.0,1.0,0.0,unaware,2.0,True,cosmog,generation-vii,,slow,blue,ball,45.0,0.0,False,True,False,,1,0,0.005025125628140704,0.0,0.006993006993006992,0.0,0.0,0.00267379679144385,0.004006044207049232,0.00089126559714795,0.15155831950097395
Cosmoem,Psychic,,400,43,29,131,29,131,37,True,cosmoem,790.0,140.0,1.0,9999.0,1.0,0.0,sturdy,2.0,True,cosmoem,generation-vii,,slow,blue,ball,45.0,0.0,False,True,False,cosmog,1,1,0.0,1.0,0.18181818181818182,0.0,0.0,0.00267379679144385,0.393939393939394,0.00089126559714795,0.4185383244206774
Solgaleo,Psychic,Steel,680,137,137,107,113,89,97,True,solgaleo,791.0,306.0,34.0,2300.0,1.0,0.0,full-metal-body,87.0,True,solgaleo,generation-vii,,slow,white,quadruped,45.0,0.0,False,True,False,cosmoem,1,1,0.1658291457286432,0.22994598919783957,0.4720279720279721,0.0,0.0,0.2299465240641711,0.28926770231815163,0.0766488413547237,0.41743984723733496
Lunala,Psychic,Ghost,680,137,113,89,137,107,97,True,lunala,792.0,306.0,40.0,1200.0,1.0,0.0,shadow-shield,85.0,True,lunala,generation-vii,,slow,purple,wings,45.0,0.0,False,True,False,cosmoem,1,1,0.19597989949748745,0.11992398479695938,0.4720279720279721,0.0,0.0,0.2245989304812834,0.262643952107473,0.0748663101604278,0.40873970969641304
Nihilego,Rock,Poison,570,109,53,47,127,131,103,True,nihilego,793.0,257.0,12.0,555.0,1.0,0.0,beast-boost,72.0,True,nihilego,generation-vii,,slow,white,tentacles,45.0,0.0,False,False,False,,0,0,0.055276381909547735,0.05541108221644329,0.38636363636363635,0.0,0.0,0.18983957219251335,0.16568370016320913,0.06327985739750445,0.07501705300796452
Buzzwole,Bug,Fighting,570,107,139,139,53,53,79,True,buzzwole,794.0,257.0,24.0,3336.0,1.0,0.0,beast-boost,65.0,True,buzzwole,generation-vii,,slow,red,tentacles,45.0,0.0,False,False,False,,0,0,0.11557788944723618,0.3335667133426686,0.38636363636363635,0.0,0.0,0.1711229946524064,0.2785027463845137,0.0570409982174688,0.10636722320234163
Pheromosa,Bug,Fighting,570,71,137,37,137,37,151,True,pheromosa,795.0,257.0,18.0,250.0,1.0,0.0,beast-boost,66.0,True,pheromosa,generation-vii,,slow,white,humanoid,45.0,0.0,False,False,False,,0,0,0.08542713567839197,0.02490498099619924,0.38636363636363635,0.0,0.0,0.17379679144385024,0.16556525101274253,0.05793226381461675,0.07284248082966946
Xurkitree,Electric,,570,83,89,71,173,71,83,True,xurkitree,796.0,257.0,38.0,1000.0,1.0,0.0,beast-boost,58.0,True,xurkitree,generation-vii,,slow,black,upright,45.0,0.0,False,False,False,,0,0,0.18592964824120603,0.09991998399679936,0.38636363636363635,0.0,0.0,0.15240641711229944,0.22407108953388058,0.05080213903743314,0.08754218247513743
Celesteela,Steel,Flying,570,97,101,103,107,101,61,True,celesteela,797.0,257.0,92.0,9999.0,1.0,0.0,beast-boost,65.0,True,celesteela,generation-vii,,slow,green,humanoid,45.0,0.0,False,False,False,,0,0,0.457286432160804,1.0,0.38636363636363635,0.0,0.0,0.1711229946524064,0.6145500228414801,0.0570409982174688,0.20718140613943156
Kartana,Grass,Steel,570,59,181,131,59,31,109,True,kartana,798.0,257.0,3.0,1.0,1.0,0.0,beast-boost,45.0,True,kartana,generation-vii,,slow,white,humanoid,45.0,0.0,False,False,False,,0,0,0.010050251256281405,0.0,0.38636363636363635,0.0,0.0,0.11764705882352941,0.1321379625399726,0.0392156862745098,0.055327663271795696
Guzzlord,Dark,Dragon,570,223,101,53,97,53,43,True,guzzlord,799.0,257.0,55.0,8880.0,1.0,0.0,beast-boost,76.0,True,guzzlord,generation-vii,,slow,black,upright,45.0,0.0,False,False,False,,0,0,0.271356783919598,0.8880776155231046,0.38636363636363635,0.0,0.0,0.20053475935828874,0.5152660119354463,0.06684491978609625,0.1813177714950724
Necrozma,Psychic,,600,97,107,101,127,89,79,True,necrozma,800.0,270.0,24.0,2300.0,1.0,0.0,prism-armor,90.0,True,necrozma,generation-vii,,slow,black,arms,255.0,0.0,False,True,False,,1,0,0.11557788944723618,0.22994598919783957,0.40909090909090906,0.0,0.0,0.23796791443850265,0.2515382625786616,0.07932263814616755,0.2571905340320655
Necrozma,Psychic,Steel,680,97,157,127,113,109,77,True,necrozma,800.0,270.0,24.0,2300.0,1.0,0.0,prism-armor,90.0,True,necrozma,generation-vii,,slow,black,arms,255.0,0.0,False,True,False,,1,0,0.11557788944723618,0.22994598919783957,0.40909090909090906,0.0,0.0,0.23796791443850265,0.2515382625786616,0.07932263814616755,0.2571905340320655
Necrozma,Psychic,Ghost,680,97,113,109,157,127,77,True,necrozma,800.0,270.0,24.0,2300.0,1.0,0.0,prism-armor,90.0,True,necrozma,generation-vii,,slow,black,arms,255.0,0.0,False,True,False,,1,0,0.11557788944723618,0.22994598919783957,0.40909090909090906,0.0,0.0,0.23796791443850265,0.2515382625786616,0.07932263814616755,0.2571905340320655
Necrozma,Psychic,Dragon,754,97,167,97,167,97,129,True,necrozma,800.0,270.0,24.0,2300.0,1.0,0.0,prism-armor,90.0,True,necrozma,generation-vii,,slow,black,arms,255.0,0.0,False,True,False,,1,0,0.11557788944723618,0.22994598919783957,0.40909090909090906,0.0,0.0,0.23796791443850265,0.2515382625786616,0.07932263814616755,0.2571905340320655
Magearna,Steel,Fairy,600,80,95,115,130,115,65,True,magearna,801.0,270.0,10.0,805.0,1.0,0.0,soul-heart,104.0,True,magearna,generation-vii,,slow,gray,humanoid,3.0,0.0,False,False,True,,1,0,0.04522613065326633,0.08041608321664333,0.40909090909090906,0.0,0.0,0.27540106951871657,0.17824437432027293,0.09180035650623886,0.2401934548985774
Marshadow,Fighting,Ghost,600,90,125,80,90,90,125,True,marshadow,802.0,270.0,7.0,222.0,1.0,0.0,technician,84.0,True,marshadow,generation-vii,,slow,gray,humanoid,3.0,0.0,False,False,True,,1,0,0.03015075376884422,0.022104420884176836,0.40909090909090906,0.0,0.0,0.22192513368983954,0.15378202791464338,0.07397504456327984,0.22572462619970496
Poipole,Poison,,420,67,73,67,73,67,73,True,poipole,803.0,189.0,6.0,18.0,1.0,0.0,beast-boost,37.0,True,poipole,generation-vii,,slow,purple,upright,45.0,0.0,False,False,False,,0,0,0.025125628140703515,0.0017003400680136028,0.2674825174825175,0.0,0.0,0.0962566844919786,0.09810282856374487,0.0320855614973262,0.04226507316805394
Naganadel,Poison,Dragon,540,73,73,73,127,73,121,True,naganadel,804.0,243.0,36.0,1500.0,1.0,0.0,beast-boost,77.0,True,naganadel,generation-vii,,slow,purple,wings,45.0,0.0,False,False,False,poipole,0,1,0.17587939698492464,0.14992998599719942,0.3618881118881119,0.0,0.0,0.2032085561497326,0.22923249829007863,0.0677361853832442,0.2458642236403213
Stakataka,Rock,Steel,570,61,131,211,53,101,13,True,stakataka,805.0,257.0,55.0,8200.0,1.0,0.0,beast-boost,66.0,True,stakataka,generation-vii,,slow,gray,quadruped,30.0,0.0,False,False,False,,0,0,0.271356783919598,0.8200640128025606,0.38636363636363635,0.0,0.0,0.17379679144385024,0.4925948110285983,0.05793226381461675,0.17095134883442617
Blacephalon,Fire,Ghost,570,53,127,53,151,79,107,True,blacephalon,806.0,257.0,18.0,130.0,1.0,0.0,beast-boost,66.0,True,blacephalon,generation-vii,,slow,white,humanoid,30.0,0.0,False,False,False,,0,0,0.08542713567839197,0.01290258051610322,0.38636363636363635,0.0,0.0,0.17379679144385024,0.1615644508527105,0.05793226381461675,0.07164224078165984
Zeraora,Electric,,600,88,112,75,102,80,143,True,zeraora,807.0,270.0,15.0,445.0,1.0,0.0,volt-absorb,83.0,True,zeraora,generation-vii,,slow,yellow,humanoid,3.0,0.0,False,False,True,,1,0,0.07035175879396986,0.04440888177635527,0.40909090909090906,0.0,0.0,0.2192513368983957,0.1746171832204114,0.0730837789661319,0.23161866655257618
Meltan,Steel,,300,46,65,65,55,35,34,True,meltan,808.0,135.0,2.0,80.0,1.0,0.0,magnet-pull,20.0,True,meltan,generation-vii,,slow,gray,ball,3.0,0.0,False,False,True,,1,0,0.005025125628140704,0.007901580316063212,0.17307692307692307,0.0,0.0,0.05080213903743316,0.062001209673709,0.01693404634581105,0.17537398144043712
Melmetal,Steel,,600,135,143,143,80,65,34,True,melmetal,809.0,270.0,25.0,8000.0,1.0,0.0,iron-fist,47.0,True,melmetal,generation-vii,,slow,gray,humanoid,3.0,0.0,False,False,True,meltan,1,1,0.12060301507537688,0.8000600120024005,0.40909090909090906,0.0,0.0,0.12299465240641712,0.44325131205622875,0.040998217468805706,0.4493746806043909
Grookey,Grass,,310,50,65,50,40,40,65,True,grookey,810.0,62.0,3.0,50.0,2.0,1.0,"overgrow, grassy-surge",58.0,True,grookey,generation-viii,,medium-slow,green,upright,45.0,50.0,False,False,False,,0,0,0.010050251256281405,0.004900980196039208,0.04545454545454544,0.5,1.0,0.15240641711229944,0.020135258968955353,0.5508021390374331,0.2263614333056599
Thwackey,Grass,,420,70,85,70,55,60,80,True,thwackey,811.0,147.0,7.0,140.0,2.0,1.0,"overgrow, grassy-surge",60.0,True,thwackey,generation-viii,,medium-slow,green,upright,45.0,50.0,False,False,False,grookey,0,1,0.03015075376884422,0.013902780556111221,0.19405594405594404,0.5,1.0,0.15775401069518716,0.07936982612696648,0.5525846702317291,0.3948448159307816
Rillaboom,Grass,,530,100,125,90,60,70,85,True,rillaboom,812.0,265.0,21.0,900.0,2.0,1.0,"overgrow, grassy-surge",83.0,True,rillaboom,generation-viii,,medium-slow,green,humanoid,45.0,50.0,False,False,False,thwackey,0,1,0.10050251256281408,0.08991798359671933,0.4003496503496503,0.5,1.0,0.2192513368983957,0.1969233821697279,0.5730837789661319,0.4383105262373711
Scorbunny,Fire,,310,50,71,40,40,40,69,True,scorbunny,813.0,62.0,3.0,45.0,2.0,1.0,"blaze, libero",56.0,True,scorbunny,generation-viii,,medium-slow,white,upright,45.0,50.0,False,False,False,,0,0,0.010050251256281405,0.0044008801760352075,0.04545454545454544,0.5,1.0,0.14705882352941174,0.01996855896228735,0.5490196078431372,0.2255984108259411
Raboot,Fire,,420,65,86,60,55,60,94,True,raboot,814.0,147.0,6.0,90.0,2.0,1.0,"blaze, libero",59.0,True,raboot,generation-viii,,medium-slow,gray,upright,45.0,50.0,False,False,False,scorbunny,0,1,0.025125628140703515,0.008901780356071214,0.19405594405594404,0.5,1.0,0.1550802139037433,0.0760277841842396,0.551693404634581,0.3934856971091043
Cinderace,Fire,,530,80,116,75,65,75,119,True,cinderace,815.0,265.0,14.0,330.0,2.0,1.0,"blaze, libero",78.0,True,cinderace,generation-viii,,medium-slow,white,upright,45.0,50.0,False,False,False,raboot,0,1,0.06532663316582915,0.032906581316263256,0.4003496503496503,0.5,1.0,0.20588235294117646,0.16619428827724758,0.5686274509803921,0.4273092668753311
Sobble,Water,,310,50,40,40,70,40,70,True,sobble,816.0,62.0,3.0,40.0,2.0,1.0,"torrent, sniper",46.0,True,sobble,generation-viii,,medium-slow,blue,quadruped,45.0,50.0,False,False,False,,0,0,0.010050251256281405,0.003900780156031206,0.04545454545454544,0.5,1.0,0.12032085561497326,0.01980185895561935,0.5401069518716578,0.22198333843534893
Drizzile,Water,,420,65,60,55,95,55,90,True,drizzile,817.0,147.0,7.0,115.0,2.0,1.0,"torrent, sniper",47.0,True,drizzile,generation-viii,,medium-slow,blue,upright,45.0,50.0,False,False,False,sobble,0,1,0.03015075376884422,0.011402280456091218,0.19405594405594404,0.5,1.0,0.12299465240641712,0.07853632609362649,0.5409982174688057,0.38996018481561023
Inteleon,Water,,530,70,85,65,125,65,120,True,inteleon,818.0,265.0,19.0,452.0,2.0,1.0,"torrent, sniper",74.0,True,inteleon,generation-viii,,medium-slow,blue,upright,45.0,50.0,False,False,False,drizzile,0,1,0.09045226130653267,0.045109021804360876,0.4003496503496503,0.5,1.0,0.19518716577540104,0.1786369778201813,0.5650623885918004,0.4296160487827746
Skwovet,Normal,,275,70,55,55,35,35,25,True,skwovet,819.0,55.0,3.0,25.0,2.0,1.0,"cheek-pouch, gluttony",47.0,True,skwovet,generation-viii,,medium,brown,upright,255.0,50.0,False,False,False,,0,0,0.010050251256281405,0.002400480096019204,0.033216783216783216,0.5,1.0,0.12299465240641712,0.015222504856361277,0.5409982174688057,0.2209660384444307
Greedent,Normal,,460,120,95,95,55,75,20,True,greedent,820.0,161.0,6.0,60.0,2.0,1.0,"cheek-pouch, gluttony",60.0,True,greedent,generation-viii,,medium,brown,upright,90.0,50.0,False,False,False,skwovet,0,1,0.025125628140703515,0.005901180236047209,0.21853146853146851,0.5,1.0,0.15775401069518716,0.08318609230273975,0.5525846702317291,0.39598969578351356
Rookidee,Flying,,245,38,47,35,33,35,57,True,rookidee,821.0,49.0,2.0,18.0,3.0,1.0,"keen-eye, unnerve, big-pecks",47.0,True,rookidee,generation-viii,,medium-slow,blue,wings,255.0,50.0,False,False,False,,0,0,0.005025125628140704,0.0017003400680136028,0.02272727272727272,1.0,1.0,0.12299465240641712,0.009817579474475676,0.7076648841354723,0.2860112274965317
Corvisquire,Flying,,365,68,67,55,43,55,77,True,corvisquire,822.0,128.0,8.0,160.0,3.0,1.0,"keen-eye, unnerve, big-pecks",44.0,True,corvisquire,generation-viii,,medium-slow,blue,wings,120.0,50.0,False,False,False,rookidee,0,1,0.035175879396984924,0.015903180636127227,0.16083916083916083,1.0,1.0,0.11497326203208556,0.07063940695742432,0.7049910873440285,0.45318825702483867
Corviknight,Flying,Steel,495,98,87,105,53,85,67,True,corviknight,823.0,248.0,22.0,750.0,3.0,1.0,"pressure, unnerve, mirror-armor",69.0,True,corviknight,generation-viii,,medium-slow,purple,wings,45.0,50.0,False,False,False,corvisquire,0,1,0.10552763819095479,0.07491498299659931,0.3706293706293706,1.0,1.0,0.1818181818181818,0.1836906639389749,0.7272727272727272,0.4960162900907834
Blipbug,Bug,,180,25,20,20,25,45,45,True,blipbug,824.0,36.0,4.0,80.0,3.0,1.0,"swarm, compound-eyes, telepathy",5.0,True,blipbug,generation-viii,,medium,blue,armor,255.0,50.0,False,False,False,,0,0,0.01507537688442211,0.007901580316063212,0.0,1.0,1.0,0.0106951871657754,0.007658985733495108,0.6702317290552585,0.2703903873421519
Dottler,Bug,Psychic,335,50,35,80,50,90,30,True,dottler,825.0,117.0,4.0,195.0,3.0,1.0,"swarm, compound-eyes, telepathy",40.0,True,dottler,generation-viii,,medium,yellow,armor,120.0,50.0,False,False,False,blipbug,0,1,0.01507537688442211,0.019403880776155232,0.14160839160839161,1.0,1.0,0.10427807486631016,0.05869588308965632,0.7014260249554368,0.44817917490907166
Orbeetle,Bug,Psychic,505,60,45,110,80,120,90,True,orbeetle,826.0,253.0,4.0,408.0,3.0,1.0,"swarm, frisk, telepathy",53.0,True,orbeetle,generation-viii,,medium,red,wings,45.0,50.0,False,False,False,dottler,0,1,0.01507537688442211,0.040708141628325666,0.3793706293706294,1.0,1.0,0.1390374331550802,0.14505138262779238,0.7130124777183601,0.47872040587568176
Nickit,Dark,,245,40,28,28,47,52,50,True,nickit,827.0,49.0,6.0,89.0,3.0,1.0,"run-away, unburden, stakeout",35.0,True,nickit,generation-viii,,fast,brown,quadruped,255.0,50.0,False,False,False,,0,0,0.025125628140703515,0.008801760352070413,0.02272727272727272,1.0,1.0,0.09090909090909091,0.018884887073348882,0.6969696969696969,0.2844533449098834
Thievul,Dark,,455,70,58,58,87,92,90,True,thievul,828.0,159.0,12.0,199.0,3.0,1.0,"run-away, unburden, stakeout",46.0,True,thievul,generation-viii,,fast,brown,quadruped,127.0,50.0,False,False,False,nickit,0,1,0.055276381909547735,0.01980396079215843,0.21503496503496503,1.0,1.0,0.12032085561497326,0.09670510257889038,0.7067736185383243,0.4617209781889968
Gossifleur,Grass,,250,40,40,60,40,60,10,True,gossifleur,829.0,50.0,4.0,22.0,3.0,1.0,"cotton-down, regenerator, effect-spore",38.0,True,gossifleur,generation-viii,,medium,green,blob,190.0,50.0,False,False,False,,0,0,0.01507537688442211,0.002100420084016803,0.024475524475524466,1.0,1.0,0.09893048128342245,0.013883773814654459,0.6996434937611409,0.2840225296488527
Eldegoss,Grass,,460,60,50,90,80,120,60,True,eldegoss,830.0,161.0,5.0,25.0,3.0,1.0,"cotton-down, regenerator, effect-spore",38.0,True,eldegoss,generation-viii,,medium,green,blob,75.0,50.0,False,False,False,gossifleur,0,1,0.020100502512562814,0.002400480096019204,0.21853146853146851,1.0,1.0,0.09893048128342245,0.08034415038001684,0.6996434937611409,0.4539606426184615
Wooloo,Normal,,270,42,40,55,40,45,48,True,wooloo,831.0,122.0,6.0,60.0,3.0,1.0,"fluffy, run-away, bulletproof",30.0,True,wooloo,generation-viii,,medium,white,quadruped,255.0,50.0,False,False,False,,0,0,0.025125628140703515,0.005901180236047209,0.15034965034965034,1.0,1.0,0.07754010695187166,0.060458819575467025,0.6925133689839572,0.295142993466223
Dubwool,Normal,,490,72,80,100,60,90,88,True,dubwool,832.0,172.0,13.0,430.0,3.0,1.0,"fluffy, steadfast, bulletproof",38.0,True,dubwool,generation-viii,,medium,white,quadruped,127.0,50.0,False,False,False,wooloo,0,1,0.06030150753768845,0.04290858171634327,0.23776223776223773,1.0,1.0,0.09893048128342245,0.11365744233875648,0.6996434937611409,0.4639546302060833
Chewtle,Water,,284,50,64,50,38,38,44,True,chewtle,833.0,57.0,3.0,85.0,3.0,1.0,"strong-jaw, shell-armor, swift-swim",43.0,True,chewtle,generation-viii,,medium,green,quadruped,255.0,50.0,False,False,False,,0,0,0.010050251256281405,0.008401680336067212,0.036713286713286705,1.0,1.0,0.1122994652406417,0.018388406101878443,0.7040998217468806,0.2871564505293158
Drednaw,Water,Rock,485,90,115,90,48,68,74,True,drednaw,834.0,170.0,10.0,1155.0,3.0,1.0,"strong-jaw, shell-armor, swift-swim",72.0,True,drednaw,generation-viii,,medium,green,quadruped,75.0,50.0,False,False,False,chewtle,0,1,0.04522613065326633,0.11542308461692338,0.23426573426573424,1.0,1.0,0.18983957219251335,0.13163831651197466,0.7299465240641712,0.48147010457926087
Yamper,Electric,,270,59,45,50,40,50,26,True,yamper,835.0,54.0,3.0,135.0,2.0,1.0,"ball-fetch, rattled",38.0,True,yamper,generation-viii,,fast,yellow,quadruped,255.0,50.0,False,False,False,,0,0,0.010050251256281405,0.013402680536107221,0.03146853146853146,0.5,1.0,0.09893048128342245,0.018307154420306695,0.5329768270944741,0.21868287716388168
Boltund,Electric,,490,69,90,60,90,60,121,True,boltund,836.0,172.0,10.0,340.0,2.0,1.0,"strong-jaw, competitive",43.0,True,boltund,generation-viii,,fast,yellow,quadruped,45.0,50.0,False,False,False,yamper,0,1,0.04522613065326633,0.03390678135627125,0.23776223776223773,0.5,1.0,0.1122994652406417,0.10563171659059178,0.5374331550802139,0.3966627770092631
Rolycoly,Rock,,240,30,40,50,40,50,30,True,rolycoly,837.0,48.0,3.0,120.0,3.0,1.0,"steam-engine, heatproof, flash-fire",43.0,True,rolycoly,generation-viii,,medium-slow,black,ball,255.0,50.0,False,False,False,,0,0,0.010050251256281405,0.011902380476095218,0.020979020979020976,1.0,1.0,0.1122994652406417,0.0143105509037992,0.7040998217468806,0.285933093969892
Carkol,Rock,Fire,410,80,60,90,60,70,50,True,carkol,838.0,144.0,11.0,780.0,3.0,1.0,"steam-engine, flame-body, flash-fire",55.0,True,carkol,generation-viii,,medium-slow,black,legs,120.0,50.0,False,False,False,rolycoly,0,1,0.05025125628140704,0.07791558311662332,0.18881118881118883,1.0,1.0,0.1443850267379679,0.10565934273640638,0.714795008912656,0.4676158063859843
Coalossal,Rock,Fire,510,110,80,120,80,90,30,True,coalossal,839.0,255.0,28.0,3105.0,3.0,1.0,"steam-engine, flame-body, flash-fire",63.0,True,coalossal,generation-viii,,medium-slow,black,humanoid,45.0,50.0,False,False,False,carkol,0,1,0.135678391959799,0.3104620924184837,0.3828671328671328,1.0,1.0,0.16577540106951869,0.2763358724151385,0.7219251336898395,0.5216708152004774
Applin,Grass,Dragon,260,40,40,80,40,40,20,True,applin,840.0,52.0,2.0,5.0,3.0,1.0,"ripen, gluttony, bulletproof",11.0,True,applin,generation-viii,,slow-then-very-fast,green,squiggle,255.0,50.0,False,False,False,,0,0,0.005025125628140704,0.00040008001600320064,0.02797202797202797,1.0,1.0,0.026737967914438502,0.011132411205390625,0.6755793226381462,0.2735714524168757
Flapple,Grass,Dragon,485,70,110,80,95,60,70,True,flapple,841.0,170.0,3.0,10.0,3.0,1.0,"ripen, gluttony, hustle",53.0,True,flapple,generation-viii,,slow-then-very-fast,green,wings,45.0,50.0,False,False,False,applin,0,1,0.010050251256281405,0.0009001800360072014,0.23426573426573424,1.0,1.0,0.1390374331550802,0.08173872185267428,0.7130124777183601,0.4597266076431463
Appletun,Grass,Dragon,485,110,85,80,100,80,30,True,appletun,842.0,170.0,4.0,130.0,3.0,1.0,"ripen, gluttony, thick-fat",61.0,True,appletun,generation-viii,,slow-then-very-fast,green,quadruped,45.0,50.0,False,False,False,applin,0,1,0.01507537688442211,0.01290258051610322,0.23426573426573424,1.0,1.0,0.160427807486631,0.08741456388875318,0.7201426024955436,0.46428141016484337
Silicobra,Ground,,315,52,57,75,35,50,46,True,silicobra,843.0,63.0,22.0,76.0,3.0,1.0,"sand-spit, shed-skin, sand-veil",43.0,True,silicobra,generation-viii,,medium,green,squiggle,255.0,50.0,False,False,False,,0,0,0.10552763819095479,0.007501500300060012,0.0472027972027972,1.0,1.0,0.1122994652406417,0.05341064523127067,0.7040998217468806,0.29766312226813346
Sandaconda,Ground,,510,72,107,125,65,70,71,True,sandaconda,844.0,179.0,38.0,655.0,3.0,1.0,"sand-spit, shed-skin, sand-veil",56.0,True,sandaconda,generation-viii,,medium,green,squiggle,120.0,50.0,False,False,False,silicobra,0,1,0.18592964824120603,0.0654130826165233,0.24999999999999997,1.0,1.0,0.14705882352941174,0.1671142436192431,0.7156862745098039,0.4864087828896946
Cramorant,Flying,Water,475,70,85,55,85,95,85,True,cramorant,845.0,166.0,8.0,180.0,1.0,0.0,gulp-missile,61.0,True,cramorant,generation-viii,,medium,blue,wings,45.0,50.0,False,False,False,,0,0,0.035175879396984924,0.01790358071614323,0.22727272727272727,0.0,0.0,0.160427807486631,0.09345072912861847,0.053475935828877,0.049425593070136345
Arrokuda,Water,,280,41,63,40,40,30,66,True,arrokuda,846.0,56.0,5.0,10.0,2.0,1.0,"swift-swim, propeller-tail",46.0,True,arrokuda,generation-viii,,slow,brown,fish,255.0,50.0,False,False,False,,0,0,0.020100502512562814,0.0009001800360072014,0.03496503496503496,0.5,1.0,0.12032085561497326,0.018655239171201658,0.5401069518716578,0.22163935250002362
Barraskewda,Water,,490,61,123,60,60,50,136,True,barraskewda,847.0,172.0,13.0,300.0,2.0,1.0,"swift-swim, propeller-tail",47.0,True,barraskewda,generation-viii,,slow,brown,fish,60.0,50.0,False,False,False,arrokuda,0,1,0.06030150753768845,0.02990598119623925,0.23776223776223773,0.5,1.0,0.12299465240641712,0.10932324216538847,0.5409982174688057,0.39919625963713884
Toxel,Electric,Poison,242,40,38,35,54,35,40,True,toxel,848.0,48.0,4.0,110.0,3.0,1.0,"rattled, static, klutz",21.0,True,toxel,generation-viii,,medium-slow,purple,upright,75.0,50.0,True,False,False,,0,0,0.01507537688442211,0.010902180436087218,0.020979020979020976,1.0,1.0,0.053475935828877004,0.0156521927665101,0.6844919786096257,0.27849244927380334
Toxtricity,Electric,Poison,502,75,98,70,114,70,75,False,,,,,,,,,,,,,,,,,,,,,,,0,0,0.04522613065326633,0.02990598119623925,0.21503496503496503,1.0,1.0,0.2085561497326203,0.09672235896149022,0.7361853832442068,0.3234908609861298
Toxtricity,Electric,Poison,502,75,98,70,114,70,75,False,,,,,,,,,,,,,,,,,,,,,,,0,0,0.04522613065326633,0.02990598119623925,0.21503496503496503,1.0,1.0,0.2085561497326203,0.09672235896149022,0.7361853832442068,0.3234908609861298
Sizzlipede,Fire,Bug,305,50,65,45,50,50,45,True,sizzlipede,850.0,61.0,7.0,10.0,3.0,1.0,"flash-fire, white-smoke, flame-body",37.0,True,sizzlipede,generation-viii,,medium,red,tentacles,190.0,50.0,False,False,False,,0,0,0.03015075376884422,0.0009001800360072014,0.0437062937062937,1.0,1.0,0.0962566844919786,0.024919075837048374,0.6987522281639929,0.28697661401671165
Centiskorch,Fire,Bug,525,100,115,65,90,90,65,True,centiskorch,851.0,184.0,30.0,1200.0,3.0,1.0,"flash-fire, white-smoke, flame-body",46.0,True,centiskorch,generation-viii,,medium,red,tentacles,75.0,50.0,False,False,False,sizzlipede,0,1,0.14572864321608042,0.11992398479695938,0.25874125874125875,1.0,1.0,0.12032085561497326,0.17479796225143285,0.7067736185383243,0.48514883609075954
Clobbopus,Fighting,,310,50,68,60,50,50,32,True,clobbopus,852.0,62.0,6.0,40.0,2.0,1.0,"limber, technician",42.0,True,clobbopus,generation-viii,,medium-slow,brown,tentacles,180.0,50.0,False,False,False,,0,0,0.025125628140703515,0.003900780156031206,0.04545454545454544,0.5,1.0,0.10962566844919786,0.024826984583760054,0.5365418894830659,0.2220648511683544
Grapploct,Fighting,,480,80,118,90,70,80,42,True,grapploct,853.0,168.0,16.0,390.0,2.0,1.0,"limber, technician",50.0,True,grapploct,generation-viii,,medium-slow,blue,tentacles,45.0,50.0,False,False,False,clobbopus,0,1,0.07537688442211056,0.03890778155631126,0.23076923076923075,0.5,1.0,0.13101604278074863,0.11501796558255085,0.5436720142602495,0.40197419537886503
Sinistea,Ghost,,308,40,45,45,74,54,50,True,sinistea,854.0,62.0,1.0,2.0,2.0,1.0,"weak-armor, cursed-body",46.0,True,sinistea,generation-viii,,medium,purple,ball,120.0,50.0,False,False,False,,0,0,0.0,0.00010002000400080016,0.04545454545454544,0.5,1.0,0.12032085561497326,0.015184855152848746,0.5401069518716578,0.22059823729451775
Polteageist,Ghost,,508,60,65,65,134,114,70,True,polteageist,855.0,178.0,2.0,4.0,2.0,1.0,"weak-armor, cursed-body",54.0,True,polteageist,generation-viii,,medium,purple,ball,60.0,50.0,False,False,False,sinistea,0,1,0.005025125628140704,0.0003000600120024005,0.24825174825174826,0.5,1.0,0.14171122994652405,0.08452564463063045,0.5472370766488414,0.3942525240487257
Hatenna,Psychic,,265,42,30,45,56,53,39,True,hatenna,856.0,53.0,4.0,34.0,3.0,1.0,"healer, anticipation, magic-bounce",51.0,True,hatenna,generation-viii,,slow,pink,legs,235.0,50.0,False,False,False,,0,0,0.01507537688442211,0.0033006601320264054,0.029720279720279713,1.0,1.0,0.1336898395721925,0.016032105578909408,0.7112299465240642,0.28930161028329854
Hattrem,Psychic,,370,57,40,65,86,73,49,True,hattrem,857.0,130.0,6.0,48.0,3.0,1.0,"healer, anticipation, magic-bounce",49.0,True,hattrem,generation-viii,,slow,pink,humanoid,120.0,50.0,False,False,False,hatenna,0,1,0.025125628140703515,0.004700940188037608,0.16433566433566432,1.0,1.0,0.1283422459893048,0.06472074422146848,0.7094474153297683,0.4531951893983479
Hatterene,Psychic,Fairy,510,57,90,95,136,103,29,True,hatterene,858.0,255.0,21.0,51.0,3.0,1.0,"healer, anticipation, magic-bounce",69.0,True,hatterene,generation-viii,,slow,pink,blob,45.0,50.0,False,False,False,hattrem,0,1,0.10050251256281408,0.005001000200040008,0.3828671328671328,1.0,1.0,0.1818181818181818,0.16279021520999562,0.7272727272727272,0.48974615547208955
Impidimp,Dark,Fairy,265,45,45,30,55,40,50,True,impidimp,859.0,53.0,4.0,55.0,3.0,1.0,"prankster, frisk, pickpocket",50.0,True,impidimp,generation-viii,,medium,pink,humanoid,255.0,50.0,False,False,False,,0,0,0.01507537688442211,0.005401080216043209,0.029720279720279713,1.0,1.0,0.13101604278074863,0.01673224560691501,0.7103386809269162,0.289155146052841
Morgrem,Dark,Fairy,370,65,60,45,75,55,70,True,morgrem,860.0,130.0,8.0,125.0,3.0,1.0,"prankster, frisk, pickpocket",52.0,True,morgrem,generation-viii,,medium,pink,humanoid,120.0,50.0,False,False,False,impidimp,0,1,0.035175879396984924,0.01240248049609922,0.16433566433566432,1.0,1.0,0.13636363636363635,0.0706380080762495,0.712121212121212,0.4560398872713597
Grimmsnarl,Dark,Fairy,510,95,120,65,95,75,60,True,grimmsnarl,861.0,255.0,15.0,610.0,3.0,1.0,"prankster, frisk, pickpocket",76.0,True,grimmsnarl,generation-viii,,medium,purple,humanoid,45.0,50.0,False,False,False,morgrem,0,1,0.07035175879396986,0.0609121824364873,0.3828671328671328,1.0,1.0,0.20053475935828874,0.17137702469919666,0.7335115864527629,0.49481774199086415
Obstagoon,Dark,Normal,520,93,90,101,60,81,95,True,obstagoon,862.0,260.0,16.0,460.0,3.0,1.0,"reckless, guts, defiant",81.0,True,obstagoon,generation-viii,,medium,gray,upright,45.0,50.0,False,False,False,linoone,0,1,0.07537688442211056,0.045909181836367274,0.39160839160839156,1.0,1.0,0.213903743315508,0.17096481928895646,0.7379679144385026,0.496476611562088
Perrserker,Steel,,440,70,110,100,50,60,50,True,perrserker,863.0,154.0,8.0,280.0,3.0,1.0,"battle-armor, tough-claws, steely-spirit",78.0,True,perrserker,generation-viii,,medium,brown,upright,90.0,50.0,False,False,False,meowth,0,1,0.035175879396984924,0.027905581116223245,0.20629370629370627,1.0,1.0,0.20588235294117646,0.08979172226897147,0.7352941176470589,0.47105516373951495
Cursola,Ghost,,510,60,95,50,145,130,30,True,cursola,864.0,179.0,10.0,4.0,2.0,1.0,"weak-armor, perish-body",69.0,True,cursola,generation-viii,,fast,white,arms,30.0,50.0,False,False,False,corsola,0,1,0.04522613065326633,0.0003000600120024005,0.24999999999999997,0.5,1.0,0.1818181818181818,0.09850873022175623,0.5606060606060607,0.4037950433089511
Sirfetch'd,Fighting,,507,62,135,95,68,82,65,True,sirfetchd,865.0,177.0,8.0,1170.0,2.0,1.0,"steadfast, scrappy",44.0,True,sirfetchd,generation-viii,,medium,white,wings,45.0,50.0,False,False,False,farfetchd,0,1,0.035175879396984924,0.11692338467693539,0.24650349650349648,0.5,1.0,0.11497326203208556,0.13286758685913894,0.5383244206773619,0.40519004432868644
Mr. Rime,Ice,Psychic,520,80,85,75,110,100,70,True,mr-rime,866.0,182.0,15.0,582.0,3.0,1.0,"tangled-feet, screen-cleaner, ice-body",101.0,True,mr-rime,generation-viii,,medium,purple,humanoid,45.0,50.0,False,False,False,mr-mime,0,1,0.07035175879396986,0.058111622324464894,0.2552447552447552,1.0,1.0,0.267379679144385,0.12790271212106333,0.7557932263814617,0.49068810418890374
Runerigus,Ground,Ghost,483,58,95,145,50,105,30,True,runerigus,867.0,169.0,16.0,666.0,1.0,0.0,wandering-spirit,73.0,True,runerigus,generation-viii,,medium,gray,blob,90.0,50.0,False,False,False,yamask,0,1,0.07537688442211056,0.0665133026605321,0.23251748251748253,0.0,0.0,0.19251336898395718,0.12480255653337506,0.0641711229946524,0.21310921615787348
Milcery,Fairy,,270,45,40,40,50,61,34,True,milcery,868.0,54.0,2.0,3.0,2.0,1.0,"sweet-veil, aroma-veil",27.0,True,milcery,generation-viii,,medium,white,ball,200.0,50.0,False,False,False,,0,0,0.005025125628140704,0.00020004000800160032,0.03146853146853146,0.5,1.0,0.06951871657754011,0.012231232368224586,0.5231729055258467,0.21293853192080608
Alcremie,Fairy,,495,65,60,75,110,121,64,True,alcremie,869.0,173.0,3.0,5.0,2.0,1.0,"sweet-veil, aroma-veil",55.0,True,alcremie,generation-viii,,medium,white,blob,100.0,50.0,False,False,False,milcery,0,1,0.010050251256281405,0.00040008001600320064,0.2395104895104895,0.5,1.0,0.1443850267379679,0.08332027359425805,0.5481283422459893,0.39424741897667315
Falinks,Fighting,,470,65,100,100,70,60,75,True,falinks,870.0,165.0,30.0,620.0,2.0,1.0,"battle-armor, defiant",59.0,True,falinks,generation-viii,,medium,yellow,heads,45.0,50.0,False,False,False,,0,0,0.14572864321608042,0.0619123824764953,0.2255244755244755,0.5,1.0,0.1550802139037433,0.14438850040568374,0.551693404634581,0.26399391197553757
Pincurchin,Electric,,435,48,101,95,91,85,15,True,pincurchin,871.0,152.0,3.0,10.0,2.0,1.0,"lightning-rod, electric-surge",60.0,True,pincurchin,generation-viii,,medium,purple,tentacles,75.0,50.0,False,False,False,,0,0,0.010050251256281405,0.0009001800360072014,0.20279720279720279,0.5,1.0,0.15775401069518716,0.0712492113631638,0.5525846702317291,0.2424086315016408
Snom,Ice,Bug,185,30,25,35,45,30,20,True,snom,872.0,37.0,3.0,38.0,2.0,1.0,"shield-dust, ice-scales",21.0,True,snom,generation-viii,,medium,white,squiggle,190.0,50.0,False,False,False,,0,0,0.010050251256281405,0.0037007401480296056,0.0017482517482517446,0.5,1.0,0.053475935828877004,0.005166414384187585,0.517825311942959,0.2086800490924399
Frosmoth,Ice,Bug,475,70,65,60,125,90,65,True,frosmoth,873.0,166.0,13.0,420.0,2.0,1.0,"shield-dust, ice-scales",56.0,True,frosmoth,generation-viii,,medium,white,bug-wings,75.0,50.0,False,False,False,snom,0,1,0.06030150753768845,0.04190838167633527,0.22727272727272727,0.5,1.0,0.14705882352941174,0.10982753882891699,0.5490196078431372,0.40255610478592996
Stonjourner,Rock,,470,100,125,135,20,20,70,True,stonjourner,874.0,165.0,25.0,5200.0,1.0,0.0,power-spot,55.0,True,stonjourner,generation-viii,,slow,gray,legs,60.0,50.0,False,False,False,,0,0,0.12060301507537688,0.5200040008001601,0.2255244755244755,0.0,0.0,0.1443850267379679,0.28871049713333746,0.0481283422459893,0.10586448603839696
Eiscue,Ice,,470,75,80,110,65,90,50,False,,,,,,,,,,,,,,,,,,,,,,,0,0,0.04522613065326633,0.02990598119623925,0.21503496503496503,1.0,1.0,0.2085561497326203,0.09672235896149022,0.7361853832442068,0.3234908609861298
Eiscue,Ice,,470,75,80,70,65,50,130,False,,,,,,,,,,,,,,,,,,,,,,,0,0,0.04522613065326633,0.02990598119623925,0.21503496503496503,1.0,1.0,0.2085561497326203,0.09672235896149022,0.7361853832442068,0.3234908609861298
Indeedee,Psychic,Normal,475,60,65,55,105,95,95,False,,,,,,,,,,,,,,,,,,,,,,,0,0,0.04522613065326633,0.02990598119623925,0.21503496503496503,1.0,1.0,0.2085561497326203,0.09672235896149022,0.7361853832442068,0.3234908609861298
Indeedee,Psychic,Normal,475,70,55,65,95,105,85,False,,,,,,,,,,,,,,,,,,,,,,,0,0,0.04522613065326633,0.02990598119623925,0.21503496503496503,1.0,1.0,0.2085561497326203,0.09672235896149022,0.7361853832442068,0.3234908609861298
Morpeko,Electric,Dark,436,58,95,58,70,58,97,False,,,,,,,,,,,,,,,,,,,,,,,0,0,0.04522613065326633,0.02990598119623925,0.21503496503496503,1.0,1.0,0.2085561497326203,0.09672235896149022,0.7361853832442068,0.3234908609861298
Morpeko,Electric,Dark,436,58,95,58,70,58,97,False,,,,,,,,,,,,,,,,,,,,,,,0,0,0.04522613065326633,0.02990598119623925,0.21503496503496503,1.0,1.0,0.2085561497326203,0.09672235896149022,0.7361853832442068,0.3234908609861298
Cufant,Steel,,330,72,80,49,40,49,40,True,cufant,878.0,66.0,12.0,1000.0,2.0,1.0,"sheer-force, heavy-metal",57.0,True,cufant,generation-viii,,medium,yellow,quadruped,190.0,50.0,False,False,False,,0,0,0.055276381909547735,0.09991998399679936,0.05244755244755245,0.5,1.0,0.1497326203208556,0.06921463945129984,0.5499108734402852,0.24072874121150403
Copperajah,Steel,,500,122,130,69,80,69,30,True,copperajah,879.0,175.0,30.0,6500.0,2.0,1.0,"sheer-force, heavy-metal",64.0,True,copperajah,generation-viii,,medium,green,quadruped,90.0,50.0,False,False,False,cufant,0,1,0.14572864321608042,0.6500300060012003,0.243006993006993,0.5,1.0,0.16844919786096255,0.3462552140747579,0.5561497326203209,0.47633645727055574
Dracozolt,Electric,Dragon,505,90,100,90,80,70,75,True,dracozolt,880.0,177.0,18.0,1900.0,3.0,1.0,"volt-absorb, hustle, sand-rush",58.0,True,dracozolt,generation-viii,,slow,green,upright,45.0,50.0,False,False,False,,0,0,0.08542713567839197,0.1899379875975195,0.24650349650349648,1.0,1.0,0.15240641711229944,0.17395620659313596,0.7174688057040998,0.3391743842595807
Arctozolt,Electric,Ice,505,90,100,90,90,80,55,True,arctozolt,881.0,177.0,23.0,1500.0,3.0,1.0,"volt-absorb, static, slush-rush",54.0,True,arctozolt,generation-viii,,slow,blue,upright,45.0,50.0,False,False,False,,0,0,0.11055276381909548,0.14992998599719942,0.24650349650349648,1.0,1.0,0.14171122994652405,0.16899541543993046,0.713903743315508,0.3362601219581824
Dracovish,Water,Dragon,505,90,90,100,70,80,75,True,dracovish,882.0,177.0,23.0,2150.0,3.0,1.0,"water-absorb, strong-jaw, sand-rush",50.0,True,dracovish,generation-viii,,slow,green,legs,45.0,50.0,False,False,False,,0,0,0.11055276381909548,0.21494298859771954,0.24650349650349648,1.0,1.0,0.13101604278074863,0.1906664163067705,0.7103386809269162,0.3413353972627976
Arctovish,Water,Ice,505,90,90,100,80,90,55,True,arctovish,883.0,177.0,20.0,1750.0,3.0,1.0,"water-absorb, ice-body, slush-rush",45.0,True,arctovish,generation-viii,,slow,blue,fish,45.0,50.0,False,False,False,,0,0,0.09547738693467338,0.17493498699739948,0.24650349650349648,1.0,1.0,0.11764705882352941,0.17230529014518978,0.7058823529411765,0.33404452822002756
Duraludon,Steel,Dragon,535,70,95,115,120,50,85,True,duraludon,884.0,187.0,18.0,400.0,3.0,1.0,"light-metal, heavy-metal, stalwart",60.0,True,duraludon,generation-viii,,medium,white,upright,45.0,50.0,False,False,False,,0,0,0.08542713567839197,0.03990798159631927,0.26398601398601396,1.0,1.0,0.15775401069518716,0.12977371042024174,0.7192513368983957,0.32663264788543084
Dreepy,Dragon,Ghost,270,28,60,30,40,30,82,True,dreepy,885.0,54.0,5.0,20.0,3.0,1.0,"clear-body, infiltrator, cursed-body",26.0,True,dreepy,generation-viii,,slow,green,squiggle,45.0,50.0,False,False,False,,0,0,0.020100502512562814,0.001900380076015203,0.03146853146853146,1.0,1.0,0.06684491978609626,0.017823138019036493,0.6889483065953654,0.2809262640438571
Drakloak,Dragon,Ghost,410,68,80,50,60,50,102,True,drakloak,886.0,144.0,14.0,110.0,3.0,1.0,"clear-body, infiltrator, cursed-body",59.0,True,drakloak,generation-viii,,slow,green,arms,45.0,50.0,False,False,False,dreepy,0,1,0.06532663316582915,0.010902180436087218,0.18881118881118883,1.0,1.0,0.1550802139037433,0.08834666747103508,0.7183600713012478,0.46384802876180964
Dragapult,Dragon,Ghost,600,88,120,75,100,75,142,True,dragapult,887.0,300.0,30.0,500.0,3.0,1.0,"clear-body, infiltrator, cursed-body",72.0,True,dragapult,generation-viii,,slow,green,upright,45.0,50.0,False,False,False,drakloak,0,1,0.14572864321608042,0.04990998199639928,0.46153846153846156,1.0,1.0,0.18983957219251335,0.2190590289169804,0.7299465240641712,0.5076963183007626
Zacian,Fairy,,660,92,120,115,80,115,138,True,zacian,888.0,335.0,28.0,1100.0,1.0,0.0,intrepid-sword,63.0,True,zacian,generation-viii,,slow,blue,quadruped,10.0,0.0,False,True,False,,1,0,0.135678391959799,0.10992198439687938,0.5227272727272727,0.0,0.0,0.16577540106951869,0.256109216361317,0.05525846702317289,0.24893615171766426
Zacian,Fairy,Steel,700,92,150,115,80,115,148,True,zacian,888.0,335.0,28.0,1100.0,1.0,0.0,intrepid-sword,63.0,True,zacian,generation-viii,,slow,blue,quadruped,10.0,0.0,False,True,False,,1,0,0.135678391959799,0.10992198439687938,0.5227272727272727,0.0,0.0,0.16577540106951869,0.256109216361317,0.05525846702317289,0.24893615171766426
Zamazenta,Fighting,,660,92,120,115,80,115,138,True,zamazenta,889.0,335.0,29.0,2100.0,1.0,0.0,dauntless-shield,68.0,True,zamazenta,generation-viii,,slow,red,quadruped,10.0,0.0,False,True,False,,1,0,0.1407035175879397,0.20994198839767952,0.5227272727272727,0.0,0.0,0.17914438502673793,0.291124259570964,0.05971479500891264,0.26122319587485426
Zamazenta,Fighting,Steel,700,92,120,140,80,140,128,True,zamazenta,889.0,335.0,29.0,2100.0,1.0,0.0,dauntless-shield,68.0,True,zamazenta,generation-viii,,slow,red,quadruped,10.0,0.0,False,True,False,,1,0,0.1407035175879397,0.20994198839767952,0.5227272727272727,0.0,0.0,0.17914438502673793,0.291124259570964,0.05971479500891264,0.26122319587485426
Eternatus,Poison,Dragon,690,140,85,95,145,95,130,True,eternatus,890.0,345.0,200.0,9500.0,1.0,0.0,pressure,53.0,True,eternatus,generation-viii,,slow,purple,wings,255.0,0.0,False,True,False,,1,0,0.9999999999999999,0.9500900180036007,0.5402097902097902,0.0,0.0,0.1390374331550802,0.8300999360711302,0.04634581105169339,0.4175683052420164
Eternatus,Poison,Dragon,1125,255,115,250,125,250,130,True,eternatus,890.0,345.0,200.0,9500.0,1.0,0.0,pressure,53.0,True,eternatus,generation-viii,,slow,purple,wings,255.0,0.0,False,True,False,,1,0,0.9999999999999999,0.9500900180036007,0.5402097902097902,0.0,0.0,0.1390374331550802,0.8300999360711302,0.04634581105169339,0.4175683052420164
Kubfu,Fighting,,385,60,90,60,53,50,72,True,kubfu,891.0,77.0,6.0,120.0,1.0,0.0,inner-focus,48.0,True,kubfu,generation-viii,,slow,gray,upright,3.0,50.0,False,True,False,,1,0,0.025125628140703515,0.011902380476095218,0.07167832167832167,0.0,0.0,0.12566844919786094,0.036235443431706794,0.041889483065953644,0.17762642625589348
Urshifu,Fighting,Dark,550,100,130,100,63,60,97,False,,,,,,,,,,,,,,,,,,,,,,,0,0,0.04522613065326633,0.02990598119623925,0.21503496503496503,1.0,1.0,0.2085561497326203,0.09672235896149022,0.7361853832442068,0.3234908609861298
Urshifu,Fighting,Water,550,100,130,100,63,60,97,False,,,,,,,,,,,,,,,,,,,,,,,0,0,0.04522613065326633,0.02990598119623925,0.21503496503496503,1.0,1.0,0.2085561497326203,0.09672235896149022,0.7361853832442068,0.3234908609861298
Zarude,Dark,Grass,600,105,120,105,70,95,105,True,zarude,893.0,300.0,18.0,700.0,1.0,0.0,leaf-guard,82.0,True,zarude,generation-viii,,slow,green,upright,3.0,0.0,False,False,True,,1,0,0.08542713567839197,0.0699139827965593,0.46153846153846156,0.0,0.0,0.21657754010695185,0.2056265266711376,0.07219251336898395,0.24056496334893485
Regieleki,Electric,,580,80,100,50,100,50,200,True,regieleki,894.0,290.0,12.0,1450.0,1.0,0.0,transistor,47.0,True,regieleki,generation-viii,,slow,yellow,humanoid,3.0,35.0,False,True,False,,1,0,0.055276381909547735,0.14492898579715943,0.44405594405594406,0.0,0.0,0.12299465240641712,0.2147537705875504,0.040998217468805706,0.2308254181637874
Regidrago,Dragon,,580,200,100,50,100,50,80,True,regidrago,895.0,290.0,21.0,2000.0,1.0,0.0,dragons-maw,43.0,True,regidrago,generation-viii,,slow,green,humanoid,3.0,35.0,False,True,False,,1,0,0.10050251256281408,0.19993998799759952,0.44405594405594406,0.0,0.0,0.1122994652406417,0.24816614820545255,0.0374331550802139,0.2394231064937213
Glastrier,Ice,,580,100,145,130,65,110,30,True,glastrier,896.0,290.0,22.0,8000.0,1.0,0.0,chilling-neigh,55.0,True,glastrier,generation-viii,,slow,white,quadruped,3.0,35.0,False,True,False,,1,0,0.10552763819095479,0.8000600120024005,0.44405594405594406,0.0,0.0,0.1443850267379679,0.44988119808309984,0.0481283422459893,0.3042156963233257
Spectrier,Ghost,,580,100,65,60,145,80,130,True,spectrier,897.0,290.0,20.0,445.0,1.0,0.0,grim-neigh,50.0,True,spectrier,generation-viii,,slow,black,quadruped,3.0,35.0,False,True,False,,1,0,0.09547738693467338,0.04440888177635527,0.44405594405594406,0.0,0.0,0.13101604278074863,0.19464740425565755,0.043672014260249546,0.22586302698079708
Calyrex,Psychic,Grass,500,100,80,80,80,80,80,True,calyrex,898.0,250.0,11.0,77.0,1.0,0.0,unnerve,69.0,True,calyrex,generation-viii,,slow,green,humanoid,3.0,100.0,False,True,False,,1,0,0.05025125628140704,0.007601520304060813,0.37412587412587417,0.0,0.0,0.1818181818181818,0.14399288357044734,0.0606060606060606,0.21744028931355844
Calyrex,Psychic,Ice,680,100,165,150,85,130,50,True,calyrex,898.0,250.0,11.0,77.0,1.0,0.0,unnerve,69.0,True,calyrex,generation-viii,,slow,green,humanoid,3.0,100.0,False,True,False,,1,0,0.05025125628140704,0.007601520304060813,0.37412587412587417,0.0,0.0,0.1818181818181818,0.14399288357044734,0.0606060606060606,0.21744028931355844
Calyrex,Psychic,Ghost,680,100,85,80,165,100,150,True,calyrex,898.0,250.0,11.0,77.0,1.0,0.0,unnerve,69.0,True,calyrex,generation-viii,,slow,green,humanoid,3.0,100.0,False,True,False,,1,0,0.05025125628140704,0.007601520304060813,0.37412587412587417,0.0,0.0,0.1818181818181818,0.14399288357044734,0.0606060606060606,0.21744028931355844
Wyrdeer,Normal,Psychic,525,103,105,72,105,75,65,True,wyrdeer,899.0,263.0,18.0,951.0,3.0,1.0,"intimidate, frisk, sap-sipper",71.0,True,wyrdeer,generation-viii,,slow,gray,quadruped,135.0,50.0,False,False,False,stantler,0,1,0.08542713567839197,0.09501900380076014,0.3968531468531469,1.0,1.0,0.1871657754010695,0.19243309544409967,0.7290552584670231,0.4993520320200392
Kleavor,Bug,Rock,500,70,135,95,45,70,85,True,kleavor,900.0,175.0,18.0,890.0,3.0,1.0,"swarm, sheer-force, sharpness",64.0,True,kleavor,generation-viii,,medium,brown,bug-wings,115.0,50.0,False,False,False,scyther,0,1,0.08542713567839197,0.08891778355671133,0.243006993006993,1.0,1.0,0.16844919786096255,0.13911730408069878,0.7228163992869875,0.48086175093900463
Ursaluna,Ground,Normal,550,130,140,105,45,80,50,True,ursaluna,901.0,275.0,24.0,2900.0,3.0,1.0,"guts, bulletproof, unnerve",77.0,True,ursaluna,generation-viii,,medium,brown,quadruped,75.0,50.0,False,False,False,ursaring,0,1,0.11557788944723618,0.2899579915983197,0.4178321678321678,1.0,1.0,0.2032085561497326,0.2744560162925746,0.7344028520499108,0.5260979457077367
Ursaluna,Ground,Normal,555,113,70,120,135,65,52,True,ursaluna,901.0,275.0,24.0,2900.0,3.0,1.0,"guts, bulletproof, unnerve",77.0,True,ursaluna,generation-viii,,medium,brown,quadruped,75.0,50.0,False,False,False,ursaring,0,1,0.11557788944723618,0.2899579915983197,0.4178321678321678,1.0,1.0,0.2032085561497326,0.2744560162925746,0.7344028520499108,0.5260979457077367
Basculegion,Water,Ghost,530,120,112,65,80,75,78,False,,,,,,,,,,,,,,,,,,,,,,,0,0,0.04522613065326633,0.02990598119623925,0.21503496503496503,1.0,1.0,0.2085561497326203,0.09672235896149022,0.7361853832442068,0.3234908609861298
Basculegion,Water,Ghost,530,120,92,65,100,75,78,False,,,,,,,,,,,,,,,,,,,,,,,0,0,0.04522613065326633,0.02990598119623925,0.21503496503496503,1.0,1.0,0.2085561497326203,0.09672235896149022,0.7361853832442068,0.3234908609861298
Sneasler,Fighting,Poison,510,80,130,60,40,80,120,True,sneasler,903.0,102.0,13.0,430.0,3.0,1.0,"pressure, unburden, poison-touch",72.0,True,sneasler,generation-viii,,medium-slow,gray,upright,135.0,50.0,False,False,False,sneasel,0,1,0.06030150753768845,0.04290858171634327,0.11538461538461539,1.0,1.0,0.18983957219251335,0.07286490154621571,0.7299465240641712,0.4638380800895332
Overqwil,Dark,Poison,510,85,115,95,65,65,85,True,overqwil,904.0,179.0,25.0,605.0,3.0,1.0,"poison-point, swift-swim, intimidate",67.0,True,overqwil,generation-viii,,medium,black,fish,135.0,50.0,False,False,False,qwilfish,0,1,0.12060301507537688,0.0604120824164833,0.24999999999999997,1.0,1.0,0.1764705882352941,0.1436716991639534,0.7254901960784313,0.48329758818055857
Enamorus,Fairy,Flying,580,74,115,70,135,80,106,False,,,,,,,,,,,,,,,,,,,,,,,0,0,0.04522613065326633,0.02990598119623925,0.21503496503496503,1.0,1.0,0.2085561497326203,0.09672235896149022,0.7361853832442068,0.3234908609861298
Enamorus,Fairy,Flying,580,74,115,110,135,100,46,False,,,,,,,,,,,,,,,,,,,,,,,0,0,0.04522613065326633,0.02990598119623925,0.21503496503496503,1.0,1.0,0.2085561497326203,0.09672235896149022,0.7361853832442068,0.3234908609861298
Sprigatito,Grass,,310,40,61,54,45,45,65,True,sprigatito,906.0,62.0,4.0,41.0,2.0,1.0,"overgrow, protean",46.0,True,sprigatito,generation-ix,,medium-slow,green,quadruped,45.0,50.0,False,False,False,,0,0,0.01507537688442211,0.004000800160032006,0.04545454545454544,0.5,1.0,0.12032085561497326,0.021510240832999853,0.5401069518716578,0.2224958529985631
Floragato,Grass,,410,61,80,63,60,63,83,True,floragato,907.0,144.0,9.0,122.0,2.0,1.0,"overgrow, protean",47.0,True,floragato,generation-ix,,medium-slow,green,upright,45.0,50.0,False,False,False,sprigatito,0,1,0.04020100502512563,0.012102420484096819,0.18881118881118883,0.5,1.0,0.12299465240641712,0.08037153810680377,0.5409982174688057,0.39051074841956346
Meowscarada,Grass,Dark,530,76,110,70,81,70,123,True,meowscarada,908.0,265.0,15.0,312.0,2.0,1.0,"overgrow, protean",76.0,True,meowscarada,generation-ix,,medium-slow,green,upright,45.0,50.0,False,False,False,floragato,0,1,0.07035175879396986,0.03110622124424885,0.4003496503496503,0.5,1.0,0.20053475935828874,0.16726921012928966,0.5668449197860962,0.4269187309532254
Fuecoco,Fire,,310,67,45,59,63,40,36,True,fuecoco,909.0,62.0,4.0,98.0,2.0,1.0,"blaze, unaware",45.0,True,fuecoco,generation-ix,,medium-slow,red,upright,45.0,50.0,False,False,False,,0,0,0.01507537688442211,0.009701940388077614,0.04545454545454544,0.5,1.0,0.11764705882352941,0.023410620909015054,0.5392156862745098,0.22270946078250844
Crocalor,Fire,,411,81,55,78,90,58,49,True,crocalor,910.0,144.0,10.0,307.0,2.0,1.0,"blaze, unaware",43.0,True,crocalor,generation-ix,,medium-slow,red,upright,45.0,50.0,False,False,False,fuecoco,0,1,0.04522613065326633,0.030606121224244852,0.18881118881118883,0.5,1.0,0.1122994652406417,0.08821448022956668,0.5374331550802139,0.39143760610095557
Skeledirge,Fire,Ghost,530,104,75,100,110,75,66,True,skeledirge,911.0,265.0,16.0,3265.0,2.0,1.0,"blaze, unaware",65.0,True,skeledirge,generation-ix,,medium-slow,red,quadruped,45.0,50.0,False,False,False,crocalor,0,1,0.07537688442211056,0.32646529305861177,0.4003496503496503,0.5,1.0,0.1711229946524064,0.2673972759434575,0.5570409982174688,0.4530355820700248
Quaxly,Water,,310,55,65,45,50,45,50,True,quaxly,912.0,62.0,5.0,61.0,2.0,1.0,"torrent, moxie",39.0,True,quaxly,generation-ix,,medium-slow,white,upright,45.0,50.0,False,False,False,,0,0,0.020100502512562814,0.00600120024004801,0.04545454545454544,0.5,1.0,0.10160427807486631,0.023852082735718757,0.533868092691622,0.22070286189736446
Quaxwell,Water,,410,70,85,65,65,60,65,True,quaxwell,913.0,144.0,12.0,215.0,2.0,1.0,"torrent, moxie",40.0,True,quaxwell,generation-ix,,medium-slow,blue,upright,45.0,50.0,False,False,False,quaxly,0,1,0.055276381909547735,0.021404280856171236,0.18881118881118883,0.5,1.0,0.10427807486631016,0.08849728385896927,0.5347593582887701,0.3904529284731988
Quaquaval,Water,Fighting,530,85,120,80,85,75,85,True,quaquaval,914.0,265.0,18.0,619.0,2.0,1.0,"torrent, moxie",69.0,True,quaquaval,generation-ix,,medium-slow,blue,upright,45.0,50.0,False,False,False,quaxwell,0,1,0.08542713567839197,0.0618123624724945,0.4003496503496503,0.5,1.0,0.1818181818181818,0.18252971616684557,0.5606060606060607,0.42900133909247795
Lechonk,Normal,,254,54,45,40,35,45,35,True,lechonk,915.0,51.0,5.0,102.0,3.0,1.0,"aroma-veil, gluttony, thick-fat",42.0,True,lechonk,generation-ix,,medium,gray,quadruped,255.0,50.0,False,False,False,,0,0,0.020100502512562814,0.010102020404080815,0.026223776223776224,1.0,1.0,0.10962566844919786,0.018808766380139952,0.7032085561497325,0.286926052373935
Oinkologne,Normal,,489,110,100,75,59,80,65,False,,,,,,,,,,,,,,,,,,,,,,,0,0,0.04522613065326633,0.02990598119623925,0.21503496503496503,1.0,1.0,0.2085561497326203,0.09672235896149022,0.7361853832442068,0.3234908609861298
Oinkologne,Normal,,489,115,90,70,59,90,65,False,,,,,,,,,,,,,,,,,,,,,,,0,0,0.04522613065326633,0.02990598119623925,0.21503496503496503,1.0,1.0,0.2085561497326203,0.09672235896149022,0.7361853832442068,0.3234908609861298
Tarountula,Bug,,210,35,41,45,29,40,20,True,tarountula,917.0,42.0,3.0,40.0,2.0,1.0,"insomnia, stakeout",44.0,True,tarountula,generation-ix,,slow-then-very-fast,white,armor,255.0,50.0,False,False,False,,0,0,0.010050251256281405,0.003900780156031206,0.010489510489510481,0.5,1.0,0.11497326203208556,0.008146847300607697,0.5383244206773619,0.21777382246112706
Spidops,Bug,,404,60,79,92,52,86,35,True,spidops,918.0,141.0,10.0,165.0,2.0,1.0,"insomnia, stakeout",55.0,True,spidops,generation-ix,,slow-then-very-fast,green,armor,120.0,50.0,False,False,False,tarountula,0,1,0.04522613065326633,0.01640328065613123,0.18356643356643357,0.5,1.0,0.1443850267379679,0.0817319482919437,0.5481283422459893,0.3937709213859788
Nymble,Bug,,210,33,46,40,21,25,45,True,nymble,919.0,42.0,2.0,10.0,2.0,1.0,"swarm, tinted-lens",31.0,True,nymble,generation-ix,,medium,gray,armor,190.0,20.0,False,False,False,,0,0,0.005025125628140704,0.0009001800360072014,0.010489510489510481,0.5,1.0,0.08021390374331551,0.005471605384552796,0.5267379679144385,0.21233666878114124
Lokix,Bug,Dark,450,71,102,78,52,55,92,True,lokix,920.0,158.0,10.0,175.0,2.0,1.0,"swarm, tinted-lens",50.0,True,lokix,generation-ix,,medium,gray,humanoid,30.0,0.0,False,False,False,nymble,0,1,0.04522613065326633,0.01740348069613923,0.21328671328671325,0.5,1.0,0.13101604278074863,0.0919721082120396,0.5436720142602495,0.39506043816771164
Pawmi,Electric,,240,45,50,20,40,25,60,True,pawmi,921.0,48.0,3.0,25.0,3.0,1.0,"static, natural-cure, iron-fist",49.0,True,pawmi,generation-ix,,medium,yellow,quadruped,190.0,50.0,False,False,False,,0,0,0.010050251256281405,0.002400480096019204,0.020979020979020976,1.0,1.0,0.1283422459893048,0.011143250777107197,0.7094474153297683,0.2871219413650395
Pawmo,Electric,Fighting,350,60,75,40,50,40,85,True,pawmo,922.0,123.0,4.0,65.0,3.0,1.0,"volt-absorb, natural-cure, iron-fist",53.0,True,pawmo,generation-ix,,medium,yellow,upright,80.0,50.0,False,False,False,pawmi,0,1,0.01507537688442211,0.00640128025605121,0.15209790209790208,1.0,1.0,0.1390374331550802,0.0578581864127918,0.7130124777183601,0.45256244701118153
Pawmot,Electric,Fighting,490,70,115,70,70,60,105,True,pawmot,923.0,245.0,9.0,410.0,3.0,1.0,"volt-absorb, natural-cure, iron-fist",71.0,True,pawmot,generation-ix,,medium,yellow,upright,45.0,50.0,False,False,False,pawmo,0,1,0.04020100502512563,0.040908181636327264,0.3653846153846154,1.0,1.0,0.1871657754010695,0.14883126734868943,0.7290552584670231,0.48627148359141614
Tandemaus,Normal,,305,50,50,45,40,45,75,True,tandemaus,924.0,61.0,3.0,18.0,3.0,1.0,"run-away, pickup, own-tempo",49.0,True,tandemaus,generation-ix,,fast,white,heads,150.0,50.0,False,False,False,,0,0,0.010050251256281405,0.0017003400680136028,0.0437062937062937,1.0,1.0,0.1283422459893048,0.01848562834352957,0.7094474153297683,0.2893246546349662
Maushold,Normal,,470,74,75,70,65,75,111,False,,,,,,,,,,,,,,,,,,,,,,,0,0,0.04522613065326633,0.02990598119623925,0.21503496503496503,1.0,1.0,0.2085561497326203,0.09672235896149022,0.7361853832442068,0.3234908609861298
Maushold,Normal,,470,74,75,70,65,75,111,False,,,,,,,,,,,,,,,,,,,,,,,0,0,0.04522613065326633,0.02990598119623925,0.21503496503496503,1.0,1.0,0.2085561497326203,0.09672235896149022,0.7361853832442068,0.3234908609861298
Fidough,Fairy,,312,37,55,70,30,55,65,True,fidough,926.0,62.0,3.0,109.0,2.0,1.0,"own-tempo, klutz",48.0,True,fidough,generation-ix,,medium-slow,yellow,quadruped,190.0,50.0,False,False,False,,0,0,0.010050251256281405,0.010802160432086417,0.04545454545454544,0.5,1.0,0.12566844919786094,0.022102319047637754,0.5418894830659536,0.22338648894067278
Dachsbun,Fairy,,477,57,80,115,50,80,95,True,dachsbun,927.0,167.0,5.0,149.0,2.0,1.0,"well-baked-body, aroma-veil",48.0,True,dachsbun,generation-ix,,medium-slow,brown,quadruped,90.0,50.0,False,False,False,fidough,0,1,0.020100502512562814,0.014802960592118422,0.22902097902097904,0.5,1.0,0.12566844919786094,0.08797481404188677,0.5418894830659536,0.3931482374389475
Smoliv,Grass,Normal,260,41,35,45,58,51,30,True,smoliv,928.0,52.0,3.0,65.0,2.0,1.0,"early-bird, harvest",36.0,True,smoliv,generation-ix,,medium-slow,green,legs,255.0,50.0,False,False,False,,0,0,0.010050251256281405,0.00640128025605121,0.02797202797202797,0.5,1.0,0.09358288770053476,0.014807853161453527,0.5311942959001782,0.21692007430850735
Dolliv,Grass,Normal,354,52,53,60,78,78,33,True,dolliv,929.0,124.0,6.0,119.0,2.0,1.0,"early-bird, harvest",33.0,True,dolliv,generation-ix,,medium-slow,green,humanoid,120.0,50.0,False,False,False,smoliv,0,1,0.025125628140703515,0.011802360472094419,0.15384615384615383,0.5,1.0,0.0855614973262032,0.06359138081965059,0.5285204991087343,0.38048561388938895
Arboliva,Grass,Normal,510,78,69,90,125,109,39,True,arboliva,930.0,255.0,14.0,482.0,2.0,1.0,"seed-sower, harvest",49.0,True,arboliva,generation-ix,,medium-slow,green,humanoid,45.0,50.0,False,False,False,dolliv,0,1,0.06532663316582915,0.04810962192438488,0.3828671328671328,0.5,1.0,0.1283422459893048,0.16543446265244896,0.5427807486631017,0.41674263826097535
Squawkabilly,Normal,Flying,417,82,96,51,45,51,92,False,,,,,,,,,,,,,,,,,,,,,,,0,0,0.04522613065326633,0.02990598119623925,0.21503496503496503,1.0,1.0,0.2085561497326203,0.09672235896149022,0.7361853832442068,0.3234908609861298
Squawkabilly,Normal,Flying,417,82,96,51,45,51,92,False,,,,,,,,,,,,,,,,,,,,,,,0,0,0.04522613065326633,0.02990598119623925,0.21503496503496503,1.0,1.0,0.2085561497326203,0.09672235896149022,0.7361853832442068,0.3234908609861298
Squawkabilly,Normal,Flying,417,82,96,51,45,51,92,False,,,,,,,,,,,,,,,,,,,,,,,0,0,0.04522613065326633,0.02990598119623925,0.21503496503496503,1.0,1.0,0.2085561497326203,0.09672235896149022,0.7361853832442068,0.3234908609861298
Squawkabilly,Normal,Flying,417,82,96,51,45,51,92,False,,,,,,,,,,,,,,,,,,,,,,,0,0,0.04522613065326633,0.02990598119623925,0.21503496503496503,1.0,1.0,0.2085561497326203,0.09672235896149022,0.7361853832442068,0.3234908609861298
Nacli,Rock,,280,55,55,75,35,35,25,True,nacli,932.0,56.0,4.0,160.0,3.0,1.0,"purifying-salt, sturdy, clear-body",39.0,True,nacli,generation-ix,,medium-slow,brown,ball,255.0,50.0,False,False,False,,0,0,0.01507537688442211,0.015903180636127227,0.03496503496503496,1.0,1.0,0.10160427807486631,0.021981197495194765,0.7005347593582888,0.28680826299187395
Naclstack,Rock,,355,60,60,100,35,65,35,True,naclstack,933.0,124.0,6.0,1050.0,3.0,1.0,"purifying-salt, sturdy, clear-body",42.0,True,naclstack,generation-ix,,medium-slow,brown,quadruped,120.0,50.0,False,False,False,nacli,0,1,0.025125628140703515,0.10492098419683936,0.15384615384615383,1.0,1.0,0.10962566844919786,0.09463092206123225,0.7032085561497325,0.4596726990782627
Garganacl,Rock,,500,100,100,130,45,90,35,True,garganacl,934.0,250.0,23.0,2400.0,3.0,1.0,"purifying-salt, sturdy, clear-body",60.0,True,garganacl,generation-ix,,medium-slow,brown,humanoid,45.0,50.0,False,False,False,naclstack,0,1,0.11055276381909548,0.23994798959791958,0.37412587412587417,1.0,1.0,0.15775401069518716,0.24154220918096306,0.7192513368983957,0.5101631975136472
Charcadet,Fire,,255,40,50,40,50,40,35,True,charcadet,935.0,51.0,6.0,105.0,2.0,1.0,"flash-fire, flame-body",28.0,True,charcadet,generation-ix,,slow,red,humanoid,90.0,50.0,False,False,False,,0,0,0.025125628140703515,0.010402080416083216,0.026223776223776224,0.5,1.0,0.07219251336898395,0.02058382826018765,0.5240641711229946,0.21580081692725417
Armarouge,Fire,Psychic,525,85,60,100,125,80,75,True,armarouge,936.0,263.0,15.0,850.0,2.0,1.0,"flash-fire, weak-armor",62.0,True,armarouge,generation-ix,,slow,red,humanoid,25.0,20.0,False,False,False,charcadet,0,1,0.07035175879396986,0.08491698339667933,0.3968531468531469,0.5,1.0,0.16310160427807485,0.18404062968126533,0.5543672014260249,0.42695906947478957
Ceruledge,Fire,Ghost,525,75,125,80,60,100,85,True,ceruledge,937.0,263.0,16.0,620.0,2.0,1.0,"flash-fire, weak-armor",62.0,True,ceruledge,generation-ix,,slow,blue,humanoid,25.0,20.0,False,False,False,charcadet,0,1,0.07537688442211056,0.0619123824764953,0.3968531468531469,0.5,1.0,0.16310160427807485,0.17804747125058426,0.5543672014260249,0.4251611219455852
Tadbulb,Electric,,272,61,31,41,59,35,45,True,tadbulb,938.0,54.0,3.0,4.0,3.0,1.0,"own-tempo, static, damp",40.0,True,tadbulb,generation-ix,,medium,yellow,ball,190.0,50.0,False,False,False,,0,0,0.010050251256281405,0.0003000600120024005,0.03146853146853146,1.0,1.0,0.10427807486631016,0.013939614245605088,0.7014260249554368,0.2847522942558563
Bellibolt,Electric,,495,109,64,91,103,83,45,True,bellibolt,939.0,173.0,12.0,1130.0,3.0,1.0,"electromorphosis, static, damp",45.0,True,bellibolt,generation-ix,,medium,green,humanoid,50.0,50.0,False,False,False,tadbulb,0,1,0.055276381909547735,0.11292258451690337,0.2395104895104895,1.0,1.0,0.11764705882352941,0.1359031519789802,0.7058823529411765,0.4731238867701647
Wattrel,Electric,Flying,280,40,40,35,55,40,70,True,wattrel,940.0,56.0,4.0,36.0,3.0,1.0,"wind-power, volt-absorb, competitive",46.0,True,wattrel,generation-ix,,medium-slow,black,wings,180.0,50.0,False,False,False,,0,0,0.01507537688442211,0.0035007001400280055,0.03496503496503496,1.0,1.0,0.12032085561497326,0.01784703732982836,0.7067736185383243,0.28806355861427824
Kilowattrel,Electric,Flying,490,70,70,60,105,60,125,True,kilowattrel,941.0,172.0,14.0,386.0,3.0,1.0,"wind-power, volt-absorb, competitive",47.0,True,kilowattrel,generation-ix,,medium-slow,yellow,wings,90.0,50.0,False,False,False,wattrel,0,1,0.06532663316582915,0.03850770154030806,0.23776223776223773,1.0,1.0,0.12299465240641712,0.11386552415612498,0.7076648841354723,0.46722561090102643
Maschiff,Dark,,340,60,78,60,40,51,51,True,maschiff,942.0,68.0,5.0,160.0,3.0,1.0,"intimidate, run-away, stakeout",43.0,True,maschiff,generation-ix,,medium-slow,brown,quadruped,150.0,50.0,False,False,False,,0,0,0.020100502512562814,0.015903180636127227,0.05594405594405594,1.0,1.0,0.1122994652406417,0.03064924636424866,0.7040998217468806,0.29083470260802685
Mabosstiff,Dark,,505,80,120,90,60,70,85,True,mabosstiff,943.0,177.0,11.0,610.0,3.0,1.0,"intimidate, guard-dog, stakeout",50.0,True,mabosstiff,generation-ix,,medium-slow,gray,quadruped,75.0,50.0,False,False,False,maschiff,0,1,0.05025125628140704,0.0609121824364873,0.24650349650349648,1.0,1.0,0.13101604278074863,0.1192223117404636,0.7103386809269162,0.46990216589290557
Shroodle,Poison,Normal,290,40,65,35,40,35,75,True,shroodle,944.0,58.0,2.0,7.0,3.0,1.0,"unburden, pickpocket, prankster",53.0,True,shroodle,generation-ix,,medium-slow,gray,quadruped,190.0,50.0,False,False,False,,0,0,0.005025125628140704,0.000600120024004801,0.03846153846153845,1.0,1.0,0.1390374331550802,0.014695594704561318,0.7130124777183601,0.2896136694987124
Grafaiai,Poison,Normal,485,63,95,65,80,72,110,True,grafaiai,945.0,170.0,7.0,272.0,3.0,1.0,"unburden, poison-touch, prankster",56.0,True,grafaiai,generation-ix,,medium-slow,gray,upright,90.0,50.0,False,False,False,shroodle,0,1,0.03015075376884422,0.027105421084216846,0.23426573426573424,1.0,1.0,0.14705882352941174,0.09717396970626511,0.7156862745098039,0.46542670071580117
Bramblin,Grass,Ghost,275,40,65,30,45,35,60,True,bramblin,946.0,55.0,6.0,6.0,2.0,1.0,"wind-rider, infiltrator",44.0,True,bramblin,generation-ix,,medium,brown,ball,190.0,50.0,False,False,False,,0,0,0.025125628140703515,0.0005001000200040008,0.033216783216783216,0.5,1.0,0.11497326203208556,0.01961417045916358,0.5383244206773619,0.2212140194086938
Brambleghast,Grass,Ghost,480,55,115,70,80,70,90,True,brambleghast,947.0,168.0,12.0,60.0,2.0,1.0,"wind-rider, infiltrator",47.0,True,brambleghast,generation-ix,,medium,brown,ball,45.0,50.0,False,False,False,bramblin,0,1,0.055276381909547735,0.005901180236047209,0.23076923076923075,0.5,1.0,0.12299465240641712,0.09731559763827524,0.5409982174688057,0.3955939662790049
Toedscool,Ground,Grass,335,40,40,35,50,100,70,True,toedscool,948.0,67.0,9.0,330.0,1.0,0.0,mycelium-might,58.0,True,toedscool,generation-ix,,medium-slow,yellow,legs,190.0,50.0,False,False,False,,0,0,0.04020100502512563,0.032906581316263256,0.05419580419580419,0.0,0.0,0.15240641711229944,0.04243446351239769,0.05080213903743314,0.033051194668692566
Toedscruel,Ground,Grass,515,80,70,65,80,120,100,True,toedscruel,949.0,180.0,19.0,580.0,1.0,0.0,mycelium-might,56.0,True,toedscruel,generation-ix,,medium-slow,black,tentacles,90.0,50.0,False,False,False,toedscool,0,1,0.09045226130653267,0.057911582316463296,0.2517482517482518,0.0,0.0,0.14705882352941174,0.13337069845708258,0.04901960784313725,0.20961905267437966
Klawf,Rock,,450,70,100,115,35,55,75,True,klawf,950.0,158.0,13.0,790.0,3.0,1.0,"anger-shell, shell-armor, regenerator",53.0,True,klawf,generation-ix,,medium,red,armor,120.0,50.0,False,False,False,,0,0,0.06030150753768845,0.07891578315663132,0.21328671328671325,1.0,1.0,0.1390374331550802,0.11750133466034433,0.7130124777183601,0.3204553914854473
Capsakid,Grass,,304,50,62,40,62,40,50,True,capsakid,951.0,61.0,3.0,30.0,3.0,1.0,"chlorophyll, insomnia, klutz",39.0,True,capsakid,generation-ix,,medium,green,upright,190.0,50.0,False,False,False,,0,0,0.010050251256281405,0.0029005801160232043,0.0437062937062937,1.0,1.0,0.10160427807486631,0.01888570835953277,0.7005347593582888,0.28587961625117536
Scovillain,Grass,Fire,486,65,108,65,108,65,75,True,scovillain,952.0,170.0,9.0,150.0,3.0,1.0,"chlorophyll, insomnia, moody",55.0,True,scovillain,generation-ix,,medium,green,upright,75.0,50.0,False,False,False,capsakid,0,1,0.04020100502512563,0.014902980596119223,0.23426573426573424,1.0,1.0,0.1443850267379679,0.09645657329565971,0.714795008912656,0.4648549755537603
Rellor,Bug,,270,41,50,60,31,58,30,True,rellor,953.0,54.0,2.0,10.0,2.0,1.0,"compound-eyes, shed-skin",33.0,True,rellor,generation-ix,,fast,brown,armor,190.0,50.0,False,False,False,,0,0,0.005025125628140704,0.0009001800360072014,0.03146853146853146,0.5,1.0,0.0855614973262032,0.012464612377559787,0.5285204991087343,0.21514758335676168
Rabsca,Bug,Psychic,470,75,50,85,115,100,45,True,rabsca,954.0,165.0,3.0,35.0,2.0,1.0,"synchronize, telepathy",68.0,True,rabsca,generation-ix,,fast,green,armor,45.0,50.0,False,False,False,rellor,0,1,0.010050251256281405,0.0034006801360272052,0.2255244755244755,0.5,1.0,0.17914438502673793,0.07965846897226136,0.5597147950089126,0.39778345869524345
Flittle,Psychic,,255,30,35,30,55,30,75,True,flittle,955.0,51.0,2.0,15.0,3.0,1.0,"anticipation, frisk, speed-boost",45.0,True,flittle,generation-ix,,medium-slow,yellow,legs,120.0,50.0,False,False,False,,0,0,0.005025125628140704,0.001400280056011202,0.026223776223776224,1.0,1.0,0.11764705882352941,0.010883060635976043,0.7058823529411765,0.28561785936726347
Espathra,Psychic,,481,95,60,60,101,60,105,True,espathra,956.0,168.0,19.0,900.0,3.0,1.0,"opportunist, frisk, speed-boost",65.0,True,espathra,generation-ix,,medium-slow,yellow,upright,60.0,50.0,False,False,False,flittle,0,1,0.09045226130653267,0.08991798359671933,0.23076923076923075,1.0,1.0,0.1711229946524064,0.1370464918908276,0.7237076648841354,0.48059701352090245
Tinkatink,Fairy,Steel,297,50,45,45,35,64,58,True,tinkatink,957.0,59.0,4.0,89.0,3.0,1.0,"mold-breaker, own-tempo, pickpocket",46.0,True,tinkatink,generation-ix,,medium-slow,pink,humanoid,190.0,50.0,False,False,False,,0,0,0.01507537688442211,0.008801760352070413,0.04020979020979021,1.0,1.0,0.12032085561497326,0.021362309148760913,0.7067736185383243,0.289118140159958
Tinkatuff,Fairy,Steel,380,65,55,55,45,82,78,True,tinkatuff,958.0,133.0,7.0,591.0,3.0,1.0,"mold-breaker, own-tempo, pickpocket",44.0,True,tinkatuff,generation-ix,,medium-slow,pink,humanoid,90.0,50.0,False,False,False,tinkatink,0,1,0.03015075376884422,0.0590118023604721,0.16958041958041958,1.0,1.0,0.11497326203208556,0.08624765856991197,0.7049910873440285,0.457870732508585
Tinkaton,Fairy,Steel,506,85,75,77,70,105,94,True,tinkaton,959.0,253.0,7.0,1128.0,3.0,1.0,"mold-breaker, own-tempo, pickpocket",54.0,True,tinkaton,generation-ix,,medium-slow,pink,humanoid,45.0,50.0,False,False,False,tinkatuff,0,1,0.03015075376884422,0.11272254450890178,0.3793706293706294,1.0,1.0,0.14171122994652405,0.1740813092161251,0.713903743315508,0.4877858900910408
Wiglett,Water,,245,10,55,25,35,25,95,True,wiglett,960.0,49.0,12.0,18.0,3.0,1.0,"gooey, rattled, sand-veil",39.0,True,wiglett,generation-ix,,medium,white,blob,255.0,50.0,False,False,False,,0,0,0.055276381909547735,0.0017003400680136028,0.02272727272727272,1.0,1.0,0.10160427807486631,0.026567998234944684,0.7005347593582888,0.2881843032137989
Wugtrio,Water,,425,35,100,50,50,70,120,True,wugtrio,961.0,149.0,12.0,54.0,3.0,1.0,"gooey, rattled, sand-veil",41.0,True,wugtrio,generation-ix,,medium,red,blob,50.0,50.0,False,False,False,wiglett,0,1,0.055276381909547735,0.005301060212042409,0.19755244755244752,1.0,1.0,0.10695187165775401,0.08604329655801256,0.7023172905525846,0.45673990518843766
Bombirdier,Flying,Dark,485,70,103,85,60,85,82,True,bombirdier,962.0,243.0,15.0,429.0,3.0,1.0,"big-pecks, keen-eye, rocky-payload",60.0,True,bombirdier,generation-ix,,slow,white,wings,25.0,50.0,False,False,False,,0,0,0.07035175879396986,0.04280856171234247,0.3618881118881119,1.0,1.0,0.15775401069518716,0.15834947746480807,0.7192513368983957,0.33520537799880074
Finizen,Water,,315,70,45,40,45,40,75,True,finizen,963.0,63.0,13.0,602.0,1.0,0.0,water-veil,44.0,True,finizen,generation-ix,,slow,blue,fish,200.0,50.0,False,False,False,,0,0,0.06030150753768845,0.060112022404480894,0.0472027972027972,0.0,0.0,0.11497326203208556,0.05587210904832218,0.03832442067736185,0.032091400985441394
Palafin,Water,,457,100,70,72,53,62,100,False,,,,,,,,,,,,,,,,,,,,,,,0,0,0.04522613065326633,0.02990598119623925,0.21503496503496503,1.0,1.0,0.2085561497326203,0.09672235896149022,0.7361853832442068,0.3234908609861298
Palafin,Water,,650,100,160,97,106,87,100,False,,,,,,,,,,,,,,,,,,,,,,,0,0,0.04522613065326633,0.02990598119623925,0.21503496503496503,1.0,1.0,0.2085561497326203,0.09672235896149022,0.7361853832442068,0.3234908609861298
Varoom,Steel,Poison,300,45,70,63,30,45,47,True,varoom,965.0,60.0,10.0,350.0,2.0,1.0,"overcoat, slow-start",46.0,True,varoom,generation-ix,,medium,gray,legs,190.0,50.0,False,False,False,,0,0,0.04522613065326633,0.034906981396279256,0.04195804195804195,0.5,1.0,0.12032085561497326,0.040697051335862516,0.5401069518716578,0.22825189614942187
Revavroom,Steel,Poison,500,80,119,90,54,67,90,True,revavroom,966.0,175.0,18.0,1200.0,2.0,1.0,"overcoat, filter",55.0,True,revavroom,generation-ix,,medium,gray,legs,75.0,50.0,False,False,False,varoom,0,1,0.08542713567839197,0.11992398479695938,0.243006993006993,0.5,1.0,0.1443850267379679,0.14945270449411477,0.5481283422459893,0.4140871482466302
Cyclizar,Dragon,Normal,501,70,95,65,85,65,121,True,cyclizar,967.0,175.0,16.0,630.0,2.0,1.0,"shed-skin, regenerator",56.0,True,cyclizar,generation-ix,,medium-slow,green,quadruped,190.0,50.0,False,False,False,,0,0,0.07537688442211056,0.0629125825165033,0.243006993006993,0.5,1.0,0.14705882352941174,0.12709881998186895,0.5490196078431372,0.2577374891318156
Orthworm,Steel,,480,70,85,145,60,55,65,True,orthworm,968.0,240.0,25.0,3100.0,2.0,1.0,"earth-eater, sand-veil",44.0,True,orthworm,generation-ix,,slow,pink,squiggle,25.0,50.0,False,False,False,,0,0,0.12060301507537688,0.3099619923984797,0.35664335664335667,0.5,1.0,0.11497326203208556,0.2624027880390711,0.5383244206773619,0.2940506046826661
Glimmet,Rock,Poison,350,48,35,42,105,60,60,True,glimmet,969.0,70.0,7.0,80.0,2.0,1.0,"toxic-debris, corrosion",41.0,True,glimmet,generation-ix,,medium-slow,blue,ball,70.0,50.0,False,False,False,,0,0,0.03015075376884422,0.007901580316063212,0.05944055944055944,0.5,1.0,0.10695187165775401,0.032497631175155625,0.535650623885918,0.22400953890691389
Glimmora,Rock,Poison,525,83,55,90,130,81,86,True,glimmora,970.0,184.0,15.0,450.0,2.0,1.0,"toxic-debris, corrosion",49.0,True,glimmora,generation-ix,,medium-slow,blue,ball,25.0,50.0,False,False,False,glimmet,0,1,0.07035175879396986,0.04490898179635927,0.25874125874125875,0.5,1.0,0.1283422459893048,0.1246673331105293,0.5427807486631017,0.4045124993983995
Greavard,Ghost,,290,50,61,60,30,55,34,True,greavard,971.0,58.0,6.0,350.0,2.0,1.0,"pickup, fluffy",52.0,True,greavard,generation-ix,,medium-slow,white,quadruped,120.0,50.0,False,False,False,,0,0,0.025125628140703515,0.034906981396279256,0.03846153846153845,0.5,1.0,0.13636363636363635,0.03283138266617374,0.5454545454545454,0.2280312329816703
Houndstone,Ghost,,488,72,101,100,50,97,68,True,houndstone,972.0,171.0,20.0,150.0,2.0,1.0,"sand-rush, fluffy",59.0,True,houndstone,generation-ix,,medium-slow,white,quadruped,60.0,50.0,False,False,False,greavard,0,1,0.09547738693467338,0.014902980596119223,0.23601398601398602,0.5,1.0,0.1550802139037433,0.1154647845149262,0.551693404634581,0.40531679720831026
Flamigo,Flying,Fighting,500,82,115,74,75,64,90,True,flamigo,973.0,175.0,16.0,370.0,3.0,1.0,"scrappy, tangled-feet, costar",54.0,True,flamigo,generation-ix,,medium-slow,pink,wings,100.0,50.0,False,False,False,,0,0,0.07537688442211056,0.03690738147629526,0.243006993006993,1.0,1.0,0.14171122994652405,0.11843041963513294,0.713903743315508,0.3210906232167431
Cetoddle,Ice,,334,108,68,45,30,40,43,True,cetoddle,974.0,67.0,12.0,450.0,3.0,1.0,"thick-fat, snow-cloak, sheer-force",48.0,True,cetoddle,generation-ix,,medium-slow,white,upright,150.0,50.0,False,False,False,,0,0,0.055276381909547735,0.04490898179635927,0.05419580419580419,1.0,1.0,0.12566844919786094,0.0514603893005704,0.7085561497326203,0.2988605766832192
Cetitan,Ice,,521,170,113,65,45,55,73,True,cetitan,975.0,182.0,45.0,7000.0,3.0,1.0,"thick-fat, slush-rush, sheer-force",46.0,True,cetitan,generation-ix,,medium-slow,white,upright,50.0,50.0,False,False,False,cetoddle,0,1,0.22110552763819097,0.7000400080016004,0.2552447552447552,1.0,1.0,0.12032085561497326,0.3921300969615155,0.7067736185383243,0.5503484765037844
Veluza,Water,Psychic,478,90,102,73,78,65,70,True,veluza,976.0,167.0,25.0,900.0,2.0,1.0,"mold-breaker, sharpness",48.0,True,veluza,generation-ix,,fast,gray,fish,100.0,50.0,False,False,False,,0,0,0.12060301507537688,0.08991798359671933,0.22902097902097904,0.5,1.0,0.12566844919786094,0.1465139925643584,0.5418894830659536,0.260709990995689
Dondozo,Water,,530,150,100,115,65,65,35,True,dondozo,977.0,265.0,120.0,2200.0,3.0,1.0,"unaware, oblivious, water-veil",46.0,True,dondozo,generation-ix,,slow,blue,fish,25.0,50.0,False,False,False,,0,0,0.5979899497487438,0.21994398879775956,0.4003496503496503,1.0,1.0,0.12032085561497326,0.4060945296320512,0.7067736185383243,0.40453780630494507
Tatsugiri,Dragon,Water,475,68,50,60,120,95,82,False,,,,,,,,,,,,,,,,,,,,,,,0,0,0.04522613065326633,0.02990598119623925,0.21503496503496503,1.0,1.0,0.2085561497326203,0.09672235896149022,0.7361853832442068,0.3234908609861298
Tatsugiri,Dragon,Water,475,68,50,60,120,95,82,False,,,,,,,,,,,,,,,,,,,,,,,0,0,0.04522613065326633,0.02990598119623925,0.21503496503496503,1.0,1.0,0.2085561497326203,0.09672235896149022,0.7361853832442068,0.3234908609861298
Tatsugiri,Dragon,Water,475,68,50,60,120,95,82,False,,,,,,,,,,,,,,,,,,,,,,,0,0,0.04522613065326633,0.02990598119623925,0.21503496503496503,1.0,1.0,0.2085561497326203,0.09672235896149022,0.7361853832442068,0.3234908609861298
Annihilape,Fighting,Ghost,535,110,115,80,50,90,90,True,annihilape,979.0,268.0,12.0,560.0,3.0,1.0,"vital-spirit, inner-focus, defiant",82.0,True,annihilape,generation-ix,,medium,gray,humanoid,45.0,50.0,False,False,False,primeape,0,1,0.055276381909547735,0.05591118223644729,0.4055944055944056,1.0,1.0,0.21657754010695185,0.17226065658013356,0.7388591800356507,0.49722186898830034
Clodsire,Poison,Ground,430,130,75,60,45,100,20,True,clodsire,980.0,151.0,18.0,2230.0,3.0,1.0,"poison-point, water-absorb, unaware",58.0,True,clodsire,generation-ix,,medium,brown,quadruped,90.0,50.0,False,False,False,wooper,0,1,0.08542713567839197,0.22294458891778354,0.20104895104895107,1.0,1.0,0.15240641711229944,0.16980689188170886,0.7174688057040998,0.48792958984615253
Farigiraf,Normal,Psychic,520,120,90,70,110,70,60,True,farigiraf,981.0,260.0,32.0,1600.0,3.0,1.0,"cud-chew, armor-tail, sap-sipper",79.0,True,farigiraf,generation-ix,,medium,brown,quadruped,45.0,50.0,False,False,False,girafarig,0,1,0.15577889447236182,0.15993198639727946,0.39160839160839156,1.0,1.0,0.2085561497326203,0.23577309082601094,0.7361853832442068,0.515206080545486
Dudunsparce,Normal,,520,125,100,80,85,75,55,False,,,,,,,,,,,,,,,,,,,,,,,0,0,0.04522613065326633,0.02990598119623925,0.21503496503496503,1.0,1.0,0.2085561497326203,0.09672235896149022,0.7361853832442068,0.3234908609861298
Dudunsparce,Normal,,520,125,100,80,85,75,55,False,,,,,,,,,,,,,,,,,,,,,,,0,0,0.04522613065326633,0.02990598119623925,0.21503496503496503,1.0,1.0,0.2085561497326203,0.09672235896149022,0.7361853832442068,0.3234908609861298
Kingambit,Dark,Steel,550,100,135,120,60,85,50,True,kingambit,983.0,275.0,20.0,1200.0,3.0,1.0,"defiant, supreme-overlord, pressure",61.0,True,kingambit,generation-ix,,medium,black,humanoid,25.0,50.0,False,False,False,bisharp,0,1,0.09547738693467338,0.11992398479695938,0.4178321678321678,1.0,1.0,0.160427807486631,0.21107784652126685,0.7201426024955436,0.5013803949545975
Great Tusk,Ground,Fighting,570,115,131,131,53,53,87,True,great-tusk,984.0,285.0,22.0,3200.0,1.0,0.0,protosynthesis,58.0,True,great-tusk,generation-ix,,slow,purple,quadruped,30.0,0.0,False,False,False,,0,0,0.10552763819095479,0.31996399279855975,0.4353146853146853,0.0,0.0,0.15240641711229944,0.28693543876806665,0.05080213903743314,0.10640148724539325
Scream Tail,Fairy,Psychic,570,115,65,99,65,115,111,True,scream-tail,985.0,285.0,12.0,80.0,1.0,0.0,protosynthesis,80.0,True,scream-tail,generation-ix,,slow,pink,upright,50.0,0.0,False,False,False,,0,0,0.055276381909547735,0.007901580316063212,0.4353146853146853,0.0,0.0,0.21122994652406415,0.1661642158467654,0.07040998217468805,0.07801325762390485
Brute Bonnet,Grass,Dark,570,111,127,99,79,99,55,True,brute-bonnet,986.0,285.0,12.0,210.0,1.0,0.0,protosynthesis,51.0,True,brute-bonnet,generation-ix,,slow,gray,quadruped,50.0,0.0,False,False,False,,0,0,0.055276381909547735,0.020904180836167234,0.4353146853146853,0.0,0.0,0.1336898395721925,0.1704984160201334,0.0445632798573975,0.06897483674899901
Flutter Mane,Ghost,Fairy,570,55,55,55,135,135,135,True,flutter-mane,987.0,285.0,14.0,40.0,1.0,0.0,protosynthesis,49.0,True,flutter-mane,generation-ix,,slow,gray,wings,30.0,0.0,False,False,False,,0,0,0.06532663316582915,0.003900780156031206,0.4353146853146853,0.0,0.0,0.1283422459893048,0.1681806995455152,0.0427807486631016,0.0675665093288952
Slither Wing,Bug,Fighting,570,85,135,79,85,105,81,True,slither-wing,988.0,285.0,32.0,920.0,1.0,0.0,protosynthesis,57.0,True,slither-wing,generation-ix,,slow,red,quadruped,30.0,0.0,False,False,False,,0,0,0.15577889447236182,0.09191838367673534,0.4353146853146853,0.0,0.0,0.1497326203208556,0.22767065448792748,0.0499108734402852,0.08826554572249232
Sandy Shocks,Electric,Ground,570,85,81,97,121,85,101,True,sandy-shocks,989.0,285.0,23.0,600.0,1.0,0.0,protosynthesis,54.0,True,sandy-shocks,generation-ix,,slow,gray,quadruped,30.0,0.0,False,False,False,,0,0,0.11055276381909548,0.059911982396479296,0.4353146853146853,0.0,0.0,0.14171122994652405,0.20192647717675336,0.04723707664884135,0.07947277381256254
Iron Treads,Ground,Steel,570,90,112,120,72,70,106,True,iron-treads,990.0,285.0,9.0,2400.0,1.0,0.0,quark-drive,51.0,True,iron-treads,generation-ix,,slow,gray,quadruped,30.0,0.0,False,False,False,,0,0,0.04020100502512563,0.23994798959791958,0.4353146853146853,0.0,0.0,0.1336898395721925,0.23848789331257683,0.0445632798573975,0.08937167993673205
Iron Bundle,Ice,Water,570,56,80,114,124,60,136,True,iron-bundle,991.0,285.0,6.0,110.0,1.0,0.0,quark-drive,41.0,True,iron-bundle,generation-ix,,slow,red,upright,50.0,0.0,False,False,False,,0,0,0.025125628140703515,0.010902180436087218,0.4353146853146853,0.0,0.0,0.10695187165775401,0.15711416463049202,0.035650623885918005,0.06139449894351481
Iron Hands,Fighting,Electric,570,154,140,108,50,68,50,True,iron-hands,992.0,285.0,18.0,3807.0,1.0,0.0,quark-drive,56.0,True,iron-hands,generation-ix,,slow,gray,humanoid,50.0,0.0,False,False,False,,0,0,0.08542713567839197,0.3806761352270454,0.4353146853146853,0.0,0.0,0.14705882352941174,0.3004726520733742,0.04901960784313725,0.10974963875926716
Iron Jugulis,Dark,Flying,570,94,80,86,122,80,108,True,iron-jugulis,993.0,285.0,13.0,1110.0,1.0,0.0,quark-drive,56.0,True,iron-jugulis,generation-ix,,slow,blue,upright,30.0,0.0,False,False,False,,0,0,0.06030150753768845,0.11092218443688737,0.4353146853146853,0.0,0.0,0.14705882352941174,0.2021794590964204,0.04901960784313725,0.08026168086618102
Iron Moth,Fire,Poison,570,80,70,60,140,110,110,True,iron-moth,994.0,285.0,12.0,360.0,1.0,0.0,quark-drive,52.0,True,iron-moth,generation-ix,,slow,yellow,bug-wings,30.0,0.0,False,False,False,,0,0,0.055276381909547735,0.03590718143628726,0.4353146853146853,0.0,0.0,0.13636363636363635,0.17549941622017343,0.04545454545454545,0.07083164304787021
Iron Thorns,Rock,Electric,570,100,134,110,70,84,72,True,iron-thorns,995.0,285.0,16.0,3030.0,1.0,0.0,quark-drive,75.0,True,iron-thorns,generation-ix,,slow,green,upright,30.0,0.0,False,False,False,,0,0,0.07537688442211056,0.3029605921184237,0.4353146853146853,0.0,0.0,0.1978609625668449,0.27121738728507316,0.0659536541889483,0.10774667786110127
Frigibax,Dragon,Ice,320,65,75,45,35,45,55,True,frigibax,996.0,64.0,5.0,170.0,2.0,1.0,"thermal-exchange, ice-body",35.0,True,frigibax,generation-ix,,slow,gray,upright,45.0,50.0,False,False,False,,0,0,0.020100502512562814,0.016903380676135227,0.048951048951048945,0.5,1.0,0.09090909090909091,0.02865164404658233,0.5303030303030303,0.22071670533518684
Arctibax,Dragon,Ice,423,90,95,66,45,65,62,True,arctibax,997.0,148.0,8.0,300.0,2.0,1.0,"thermal-exchange, ice-body",36.0,True,arctibax,generation-ix,,slow,gray,upright,25.0,50.0,False,False,False,frigibax,0,1,0.035175879396984924,0.02990598119623925,0.1958041958041958,0.5,1.0,0.09358288770053476,0.08696201879913999,0.5311942959001782,0.3885663239998133
Baxcalibur,Dragon,Ice,600,115,145,92,75,86,87,True,baxcalibur,998.0,300.0,21.0,2100.0,2.0,1.0,"thermal-exchange, ice-body",53.0,True,baxcalibur,generation-ix,,slow,gray,upright,10.0,50.0,False,False,False,arctibax,0,1,0.10050251256281408,0.20994198839767952,0.46153846153846156,0.5,1.0,0.1390374331550802,0.25732765416631836,0.5463458110516933,0.44573662067057285
Gimmighoul,Ghost,,300,45,30,70,75,70,10,True,gimmighoul,999.0,60.0,3.0,50.0,1.0,0.0,rattled,18.0,True,gimmighoul,generation-ix,,slow,brown,blob,45.0,50.0,False,False,False,,0,0,0.010050251256281405,0.004900980196039208,0.04195804195804195,0.0,0.0,0.045454545454545456,0.01896975780345419,0.015151515151515152,0.011751533401642318
Gimmighoul,Ghost,,300,45,30,25,75,45,80,True,gimmighoul,999.0,60.0,3.0,50.0,1.0,0.0,rattled,18.0,True,gimmighoul,generation-ix,,slow,brown,blob,45.0,50.0,False,False,False,,0,0,0.010050251256281405,0.004900980196039208,0.04195804195804195,0.0,0.0,0.045454545454545456,0.01896975780345419,0.015151515151515152,0.011751533401642318
Gholdengo,Steel,Ghost,550,87,60,95,133,91,84,True,gholdengo,1000.0,275.0,12.0,300.0,1.0,0.0,good-as-gold,47.0,True,gholdengo,generation-ix,,slow,yellow,humanoid,45.0,50.0,False,False,False,gimmighoul,0,1,0.055276381909547735,0.02990598119623925,0.4178321678321678,0.0,0.0,0.12299465240641712,0.1676715103126516,0.040998217468805706,0.21670074008131773
Wo-Chien,Dark,Grass,570,85,85,100,95,135,70,True,wo-chien,1001.0,285.0,15.0,742.0,1.0,0.0,tablets-of-ruin,52.0,True,wo-chien,generation-ix,,slow,brown,squiggle,6.0,0.0,False,True,False,,1,0,0.07035175879396986,0.07411482296459292,0.4353146853146853,0.0,0.0,0.13636363636363635,0.19326042235774935,0.04545454545454545,0.22615994488914298
Chien-Pao,Dark,Ice,570,80,120,80,90,65,135,True,chien-pao,1002.0,285.0,19.0,1522.0,1.0,0.0,sword-of-ruin,45.0,True,chien-pao,generation-ix,,slow,white,quadruped,6.0,0.0,False,True,False,,1,0,0.09045226130653267,0.15213042608521704,0.4353146853146853,0.0,0.0,0.11764705882352941,0.225965790902145,0.0392156862745098,0.2334760117804474
Ting-Lu,Dark,Ground,570,155,110,125,55,80,45,True,ting-lu,1003.0,285.0,27.0,6997.0,1.0,0.0,vessel-of-ruin,46.0,True,ting-lu,generation-ix,,slow,brown,quadruped,6.0,0.0,False,True,False,,1,0,0.1306532663316583,0.6997399479895979,0.4353146853146853,0.0,0.0,0.12032085561497326,0.42190263321198057,0.040106951871657755,0.29261357071225724
Chi-Yu,Dark,Fire,570,55,80,80,135,120,100,True,chi-yu,1004.0,285.0,4.0,49.0,1.0,0.0,beads-of-ruin,46.0,True,chi-yu,generation-ix,,slow,red,fish,6.0,0.0,False,True,False,,1,0,0.01507537688442211,0.004800960192038408,0.4353146853146853,0.0,0.0,0.12032085561497326,0.1517303407970486,0.040106951871657755,0.21156188298777767
Roaring Moon,Dragon,Dark,590,105,139,71,55,101,119,True,roaring-moon,1005.0,295.0,20.0,3800.0,1.0,0.0,protosynthesis,68.0,True,roaring-moon,generation-ix,,slow,green,quadruped,10.0,0.0,False,False,False,,0,0,0.09547738693467338,0.37997599519903985,0.4527972027972028,0.0,0.0,0.17914438502673793,0.3094168616436387,0.05971479500891264,0.11671097649665665
Iron Valiant,Fairy,Fighting,590,74,130,90,120,60,116,True,iron-valiant,1006.0,295.0,14.0,350.0,1.0,0.0,quark-drive,80.0,True,iron-valiant,generation-ix,,slow,white,humanoid,10.0,0.0,False,False,False,,0,0,0.06532663316582915,0.034906981396279256,0.4527972027972028,0.0,0.0,0.21122994652406415,0.18434360578643708,0.07040998217468805,0.08346707460580634
Koraidon,Fighting,Dragon,670,100,135,115,85,100,135,True,koraidon,1007.0,335.0,25.0,3030.0,1.0,0.0,orichalcum-pulse,72.0,True,koraidon,generation-ix,,slow,red,upright,3.0,0.0,False,True,False,,1,0,0.12060301507537688,0.3029605921184237,0.5227272727272727,0.0,0.0,0.18983957219251335,0.31543029330702443,0.06327985739750445,0.2699410309511091
Miraidon,Electric,Dragon,670,100,85,100,135,115,135,True,miraidon,1008.0,335.0,35.0,2400.0,1.0,0.0,hadron-engine,56.0,True,miraidon,generation-ix,,slow,blue,quadruped,3.0,0.0,False,True,False,,1,0,0.17085427135678394,0.23994798959791958,0.5227272727272727,0.0,0.0,0.14705882352941174,0.3111765112273254,0.04901960784313725,0.2629607965054525
Walking Wake,Water,Dragon,590,99,83,91,125,83,109,True,walking-wake,1009.0,295.0,35.0,2800.0,1.0,0.0,protosynthesis,52.0,True,walking-wake,generation-ix,,slow,blue,upright,5.0,0.0,False,False,False,,0,0,0.17085427135678394,0.27995599119823966,0.4527972027972028,0.0,0.0,0.13636363636363635,0.3012024884507421,0.04545454545454545,0.1085425647170408
Iron Leaves,Grass,Psychic,590,90,130,88,70,108,104,True,iron-leaves,1010.0,295.0,15.0,1250.0,1.0,0.0,quark-drive,57.0,True,iron-leaves,generation-ix,,slow,green,quadruped,5.0,0.0,False,False,False,,0,0,0.07035175879396986,0.12492498499699939,0.4527972027972028,0.0,0.0,0.1497326203208556,0.21602464886272402,0.0499108734402852,0.08477174403493128
Dipplin,Grass,Dragon,485,80,80,110,95,80,40,True,dipplin,1011.0,170.0,4.0,97.0,3.0,1.0,"supersweet-syrup, gluttony, sticky-hold",44.0,True,dipplin,generation-ix,,slow,green,heads,45.0,50.0,False,False,False,applin,0,1,0.01507537688442211,0.009601920384076815,0.23426573426573424,1.0,1.0,0.11497326203208556,0.08631434384474439,0.7049910873440285,0.45789073809103475
Poltchageist,Grass,Ghost,308,40,45,45,74,54,50,True,poltchageist,1012.0,62.0,1.0,11.0,2.0,1.0,"hospitality, heatproof",38.0,True,poltchageist,generation-ix,,slow,green,ball,120.0,50.0,False,False,False,,0,0,0.0,0.0010002000400080014,0.04545454545454544,0.5,1.0,0.09893048128342245,0.015484915164851148,0.5329768270944741,0.21783620538724502
Sinistcha,Grass,Ghost,508,71,60,106,121,80,70,True,sinistcha,1013.0,178.0,2.0,22.0,2.0,1.0,"hospitality, heatproof",41.0,True,sinistcha,generation-ix,,slow,green,ball,60.0,50.0,False,False,False,poltchageist,0,1,0.005025125628140704,0.002100420084016803,0.24825174825174826,0.5,1.0,0.10695187165775401,0.08512576465463524,0.535650623885918,0.38979797895075774
Okidogi,Poison,Fighting,555,88,128,115,58,86,80,True,okidogi,1014.0,278.0,18.0,922.0,2.0,1.0,"toxic-chain, guard-dog",65.0,True,okidogi,generation-ix,,slow,black,upright,3.0,0.0,False,True,False,,1,0,0.08542713567839197,0.09211842368473694,0.423076923076923,0.5,1.0,0.1711229946524064,0.20020749414668396,0.5570409982174688,0.4328786475309927
Munkidori,Poison,Psychic,555,88,75,66,130,90,106,True,munkidori,1015.0,278.0,10.0,122.0,2.0,1.0,"toxic-chain, frisk",56.0,True,munkidori,generation-ix,,slow,black,humanoid,3.0,0.0,False,True,False,,1,0,0.04522613065326633,0.012102420484096819,0.423076923076923,0.5,1.0,0.14705882352941174,0.16013515807142872,0.5490196078431372,0.4176483905586835
Fezandipiti,Poison,Fairy,555,88,91,82,70,125,99,True,fezandipiti,1016.0,278.0,14.0,301.0,2.0,1.0,"toxic-chain, technician",63.0,True,fezandipiti,generation-ix,,slow,black,wings,3.0,0.0,False,True,False,,1,0,0.06532663316582915,0.030006001200240048,0.423076923076923,0.5,1.0,0.16577540106951869,0.17280318581433074,0.5552584670231729,0.4239443425535684
Ogerpon,Grass,,550,80,120,84,60,96,110,True,ogerpon,1017.0,275.0,12.0,398.0,1.0,0.0,defiant,62.0,True,ogerpon,generation-ix,,slow,green,humanoid,5.0,50.0,False,True,False,,1,0,0.055276381909547735,0.03970794158831766,0.4178321678321678,0.0,0.0,0.16310160427807485,0.17093883044334443,0.05436720142602495,0.2230285297034133
Ogerpon,Grass,Water,550,80,120,84,60,96,110,True,ogerpon,1017.0,275.0,12.0,398.0,1.0,0.0,defiant,62.0,True,ogerpon,generation-ix,,slow,green,humanoid,5.0,50.0,False,True,False,,1,0,0.055276381909547735,0.03970794158831766,0.4178321678321678,0.0,0.0,0.16310160427807485,0.17093883044334443,0.05436720142602495,0.2230285297034133
Ogerpon,Grass,Fire,550,80,120,84,60,96,110,True,ogerpon,1017.0,275.0,12.0,398.0,1.0,0.0,defiant,62.0,True,ogerpon,generation-ix,,slow,green,humanoid,5.0,50.0,False,True,False,,1,0,0.055276381909547735,0.03970794158831766,0.4178321678321678,0.0,0.0,0.16310160427807485,0.17093883044334443,0.05436720142602495,0.2230285297034133
Ogerpon,Grass,Rock,550,80,120,84,60,96,110,True,ogerpon,1017.0,275.0,12.0,398.0,1.0,0.0,defiant,62.0,True,ogerpon,generation-ix,,slow,green,humanoid,5.0,50.0,False,True,False,,1,0,0.055276381909547735,0.03970794158831766,0.4178321678321678,0.0,0.0,0.16310160427807485,0.17093883044334443,0.05436720142602495,0.2230285297034133
Archaludon,Steel,Dragon,600,90,105,130,125,65,85,True,archaludon,1018.0,300.0,20.0,600.0,3.0,1.0,"stamina, sturdy, stalwart",59.0,True,archaludon,generation-ix,,medium,white,upright,10.0,50.0,False,False,False,duraludon,0,1,0.09547738693467338,0.059911982396479296,0.46153846153846156,1.0,1.0,0.1550802139037433,0.2056426102898714,0.7183600713012478,0.4990368116074605
Hydrapple,Grass,Dragon,540,106,80,110,120,80,44,True,hydrapple,1019.0,270.0,18.0,930.0,3.0,1.0,"supersweet-syrup, regenerator, sticky-hold",59.0,True,hydrapple,generation-ix,,slow-then-very-fast,green,heads,10.0,50.0,False,False,False,dipplin,0,1,0.08542713567839197,0.09291858371674334,0.40909090909090906,1.0,1.0,0.1550802139037433,0.19581220949534814,0.7183600713012478,0.4960876913691036
Gouging Fire,Fire,Dragon,590,105,115,121,65,93,91,True,gouging-fire,1020.0,295.0,35.0,5900.0,1.0,0.0,protosynthesis,61.0,True,gouging-fire,generation-ix,,slow,brown,quadruped,10.0,0.0,False,False,False,,0,0,0.17085427135678394,0.5900180036007202,0.4527972027972028,0.0,0.0,0.160427807486631,0.4045564925849023,0.053475935828877,0.14275732210702147
Raging Bolt,Electric,Dragon,590,125,73,91,137,89,75,True,raging-bolt,1021.0,295.0,52.0,4800.0,1.0,0.0,protosynthesis,55.0,True,raging-bolt,generation-ix,,slow,yellow,quadruped,10.0,0.0,False,False,False,,0,0,0.2562814070351759,0.47999599919984,0.4527972027972028,0.0,0.0,0.1443850267379679,0.39635820301073954,0.0481283422459893,0.13815879780161758
Iron Boulder,Rock,Psychic,590,90,120,80,68,108,124,True,iron-boulder,1022.0,295.0,15.0,1625.0,1.0,0.0,quark-drive,49.0,True,iron-boulder,generation-ix,,slow,gray,quadruped,10.0,0.0,False,False,False,,0,0,0.07035175879396986,0.16243248649729947,0.4527972027972028,0.0,0.0,0.1283422459893048,0.22852714936282403,0.0427807486631016,0.08567044427408785
Iron Crown,Steel,Psychic,590,90,72,100,122,108,98,True,iron-crown,1023.0,295.0,16.0,1560.0,1.0,0.0,quark-drive,49.0,True,iron-crown,generation-ix,,slow,blue,quadruped,10.0,0.0,False,False,False,,0,0,0.07537688442211056,0.15593118623724744,0.4527972027972028,0.0,0.0,0.1283422459893048,0.22803509115218693,0.0427807486631016,0.08552282681089671
Terapagos,Normal,,450,90,65,85,65,85,60,True,terapagos,1024.0,90.0,2.0,65.0,1.0,0.0,tera-shift,59.0,True,terapagos,generation-ix,,slow,blue,quadruped,255.0,50.0,False,True,False,,1,0,0.005025125628140704,0.00640128025605121,0.0944055944055944,0.0,0.0,0.1550802139037433,0.035277333429928774,0.0516934046345811,0.18126056188281106
Terapagos,Normal,,600,95,95,110,105,110,85,True,terapagos,1024.0,90.0,2.0,65.0,1.0,0.0,tera-shift,59.0,True,terapagos,generation-ix,,slow,blue,quadruped,255.0,50.0,False,True,False,,1,0,0.005025125628140704,0.00640128025605121,0.0944055944055944,0.0,0.0,0.1550802139037433,0.035277333429928774,0.0516934046345811,0.18126056188281106
Terapagos,Normal,,700,160,105,110,130,110,85,True,terapagos,1024.0,90.0,2.0,65.0,1.0,0.0,tera-shift,59.0,True,terapagos,generation-ix,,slow,blue,quadruped,255.0,50.0,False,True,False,,1,0,0.005025125628140704,0.00640128025605121,0.0944055944055944,0.0,0.0,0.1550802139037433,0.035277333429928774,0.0516934046345811,0.18126056188281106
Pecharunt,Poison,Ghost,600,88,88,160,88,88,88,True,pecharunt,1025.0,300.0,3.0,3.0,1.0,0.0,poison-puppeteer,35.0,True,pecharunt,generation-ix,,slow,purple,ball,3.0,0.0,False,False,True,,1,0,0.010050251256281405,0.00020004000800160032,0.46153846153846156,0.0,0.0,0.09090909090909091,0.15726291760091485,0.030303030303030304,0.20930008740148656
